#if defined(EEZ_FOR_LVGL)
#include <eez/core/vars.h>
#endif

#include "ui.h"
#include "screens.h"
#include "images.h"
#include "actions.h"
#include "vars.h"

// ASSETS DEFINITION
const uint8_t assets[54188] = {
    0x7E, 0x45, 0x45, 0x5A, 0x03, 0x00, 0x06, 0x00, 0x00, 0x00, 0x00, 0x00, 0x24, 0x00, 0x00, 0x00,
    0x24, 0x00, 0x00, 0x00, 0x00, 0x00, 0x00, 0x00, 0x00, 0x00, 0x00, 0x00, 0x00, 0x00, 0x00, 0x00,
    0x00, 0x00, 0x00, 0x00, 0x20, 0x00, 0x00, 0x00, 0x00, 0x00, 0x00, 0x00, 0x00, 0x00, 0x00, 0x00,
    0xE0, 0x01, 0xE0, 0x01, 0x01, 0x00, 0x00, 0x00, 0x24, 0x00, 0x00, 0x00, 0x02, 0x00, 0x00, 0x00,
    0x20, 0x00, 0x00, 0x00, 0x2F, 0x00, 0x00, 0x00, 0x1C, 0x00, 0x00, 0x00, 0x30, 0x00, 0x00, 0x00,
    0xDC, 0xCE, 0x00, 0x00, 0x00, 0x00, 0x00, 0x00, 0x00, 0x00, 0x00, 0x00, 0xC4, 0x00, 0x00, 0x00,
    0x00, 0x00, 0xFF, 0xFF, 0xC8, 0x00, 0x00, 0x00, 0xF4, 0x00, 0x00, 0x00, 0x20, 0x01, 0x00, 0x00,
    0x4C, 0x01, 0x00, 0x00, 0x78, 0x01, 0x00, 0x00, 0xA4, 0x01, 0x00, 0x00, 0xD0, 0x01, 0x00, 0x00,
    0xFC, 0x01, 0x00, 0x00, 0x28, 0x02, 0x00, 0x00, 0x54, 0x02, 0x00, 0x00, 0x80, 0x02, 0x00, 0x00,
    0xAC, 0x02, 0x00, 0x00, 0xD8, 0x02, 0x00, 0x00, 0x04, 0x03, 0x00, 0x00, 0x30, 0x03, 0x00, 0x00,
    0x5C, 0x03, 0x00, 0x00, 0x88, 0x03, 0x00, 0x00, 0xB4, 0x03, 0x00, 0x00, 0xE0, 0x03, 0x00, 0x00,
    0x0C, 0x04, 0x00, 0x00, 0x38, 0x04, 0x00, 0x00, 0x64, 0x04, 0x00, 0x00, 0x90, 0x04, 0x00, 0x00,
    0xBC, 0x04, 0x00, 0x00, 0xE8, 0x04, 0x00, 0x00, 0x14, 0x05, 0x00, 0x00, 0x40, 0x05, 0x00, 0x00,
    0x6C, 0x05, 0x00, 0x00, 0x98, 0x05, 0x00, 0x00, 0xC4, 0x05, 0x00, 0x00, 0xF0, 0x05, 0x00, 0x00,
    0x1C, 0x06, 0x00, 0x00, 0x48, 0x06, 0x00, 0x00, 0x74, 0x06, 0x00, 0x00, 0xA0, 0x06, 0x00, 0x00,
    0xCC, 0x06, 0x00, 0x00, 0xF8, 0x06, 0x00, 0x00, 0x24, 0x07, 0x00, 0x00, 0x50, 0x07, 0x00, 0x00,
    0x7C, 0x07, 0x00, 0x00, 0xA8, 0x07, 0x00, 0x00, 0xD4, 0x07, 0x00, 0x00, 0x00, 0x08, 0x00, 0x00,
    0x2C, 0x08, 0x00, 0x00, 0x58, 0x08, 0x00, 0x00, 0x84, 0x08, 0x00, 0x00, 0xB0, 0x08, 0x00, 0x00,
    0xDC, 0x08, 0x00, 0x00, 0x03, 0x00, 0x00, 0x00, 0xDC, 0x08, 0x00, 0x00, 0x08, 0x00, 0x00, 0x00,
    0xDC, 0x08, 0x00, 0x00, 0x00, 0x00, 0x00, 0x00, 0x00, 0x00, 0x00, 0x00, 0x01, 0x00, 0x00, 0x00,
    0xAC, 0xCE, 0x00, 0x00, 0x00, 0x00, 0x00, 0x00, 0x00, 0x00, 0x00, 0x00, 0x00, 0x00, 0x00, 0x00,
    0x00, 0x00, 0x00, 0x00, 0x00, 0x00, 0x00, 0x00, 0x00, 0x00, 0x00, 0x00, 0x05, 0x00, 0x00, 0x00,
    0xCC, 0x08, 0x00, 0x00, 0x00, 0x00, 0x00, 0x00, 0x00, 0x00, 0x00, 0x00, 0x00, 0x00, 0x00, 0x00,
    0x00, 0x00, 0x00, 0x00, 0x00, 0x00, 0x00, 0x00, 0x00, 0x00, 0x00, 0x00, 0x00, 0x00, 0x00, 0x00,
    0x00, 0x00, 0x00, 0x00, 0x00, 0x00, 0x00, 0x00, 0x00, 0x00, 0x00, 0x00, 0x0F, 0x00, 0x00, 0x00,
    0xB0, 0x08, 0x00, 0x00, 0x00, 0x00, 0x00, 0x00, 0x00, 0x00, 0x00, 0x00, 0x03, 0x00, 0x00, 0x00,
    0x50, 0xCE, 0x00, 0x00, 0x00, 0x00, 0x00, 0x00, 0x00, 0x00, 0x00, 0x00, 0x00, 0x00, 0x00, 0x00,
    0x00, 0x00, 0x00, 0x00, 0x00, 0x00, 0x00, 0x00, 0x00, 0x00, 0x00, 0x00, 0x09, 0x00, 0x00, 0x00,
    0xBC, 0x08, 0x00, 0x00, 0x00, 0x00, 0x00, 0x00, 0x00, 0x00, 0x00, 0x00, 0x02, 0x00, 0x00, 0x00,
    0x24, 0xCE, 0x00, 0x00, 0x00, 0x00, 0x00, 0x00, 0x00, 0x00, 0x00, 0x00, 0x00, 0x00, 0x00, 0x00,
    0x00, 0x00, 0x00, 0x00, 0x00, 0x00, 0x00, 0x00, 0x00, 0x00, 0x00, 0x00, 0x09, 0x00, 0x00, 0x00,
    0xB0, 0x08, 0x00, 0x00, 0x00, 0x00, 0x00, 0x00, 0x00, 0x00, 0x00, 0x00, 0x02, 0x00, 0x00, 0x00,
    0xF8, 0xCD, 0x00, 0x00, 0x00, 0x00, 0x00, 0x00, 0x00, 0x00, 0x00, 0x00, 0x00, 0x00, 0x00, 0x00,
    0x00, 0x00, 0x00, 0x00, 0x00, 0x00, 0x00, 0x00, 0x00, 0x00, 0x00, 0x00, 0x09, 0x00, 0x00, 0x00,
    0xA4, 0x08, 0x00, 0x00, 0x00, 0x00, 0x00, 0x00, 0x00, 0x00, 0x00, 0x00, 0x02, 0x00, 0x00, 0x00,
    0xCC, 0xCD, 0x00, 0x00, 0x00, 0x00, 0x00, 0x00, 0x00, 0x00, 0x00, 0x00, 0x00, 0x00, 0x00, 0x00,
    0x00, 0x00, 0x00, 0x00, 0x00, 0x00, 0x00, 0x00, 0x00, 0x00, 0x00, 0x00, 0x07, 0x00, 0x00, 0x00,
    0x98, 0x08, 0x00, 0x00, 0x00, 0x00, 0x00, 0x00, 0x00, 0x00, 0x00, 0x00, 0x01, 0x00, 0x00, 0x00,
    0xA0, 0xCD, 0x00, 0x00, 0x00, 0x00, 0x00, 0x00, 0x00, 0x00, 0x00, 0x00, 0x00, 0x00, 0x00, 0x00,
    0x00, 0x00, 0x00, 0x00, 0x00, 0x00, 0x00, 0x00, 0x00, 0x00, 0x00, 0x00, 0x08, 0x00, 0x00, 0x00,
    0x84, 0x08, 0x00, 0x00, 0x00, 0x00, 0x00, 0x00, 0x00, 0x00, 0x00, 0x00, 0x01, 0x00, 0x00, 0x00,
    0x74, 0xCD, 0x00, 0x00, 0x00, 0x00, 0x00, 0x00, 0x00, 0x00, 0x00, 0x00, 0x00, 0x00, 0x00, 0x00,
    0x00, 0x00, 0x00, 0x00, 0x00, 0x00, 0x00, 0x00, 0x00, 0x00, 0x00, 0x00, 0x08, 0x00, 0x00, 0x00,
    0x74, 0x08, 0x00, 0x00, 0x00, 0x00, 0x00, 0x00, 0x00, 0x00, 0x00, 0x00, 0x01, 0x00, 0x00, 0x00,
    0x48, 0xCD, 0x00, 0x00, 0x00, 0x00, 0x00, 0x00, 0x00, 0x00, 0x00, 0x00, 0x00, 0x00, 0x00, 0x00,
    0x00, 0x00, 0x00, 0x00, 0x00, 0x00, 0x00, 0x00, 0x00, 0x00, 0x00, 0x00, 0x0A, 0x00, 0x00, 0x00,
    0x64, 0x08, 0x00, 0x00, 0x00, 0x00, 0x00, 0x00, 0x00, 0x00, 0x00, 0x00, 0x01, 0x00, 0x00, 0x00,
    0x1C, 0xCD, 0x00, 0x00, 0x00, 0x00, 0x00, 0x00, 0x00, 0x00, 0x00, 0x00, 0x00, 0x00, 0x00, 0x00,
    0x00, 0x00, 0x00, 0x00, 0x00, 0x00, 0x00, 0x00, 0x00, 0x00, 0x00, 0x00, 0x17, 0x00, 0x00, 0x00,
    0x5C, 0x08, 0x00, 0x00, 0x00, 0x00, 0x00, 0x00, 0x00, 0x00, 0x00, 0x00, 0x01, 0x00, 0x00, 0x00,
    0xF0, 0xCC, 0x00, 0x00, 0x00, 0x00, 0x00, 0x00, 0x00, 0x00, 0x00, 0x00, 0x00, 0x00, 0x00, 0x00,
    0x00, 0x00, 0x00, 0x00, 0x00, 0x00, 0x00, 0x00, 0x00, 0x00, 0x00, 0x00, 0x0E, 0x00, 0x00, 0x00,
    0x88, 0x08, 0x00, 0x00, 0x00, 0x00, 0x00, 0x00, 0x00, 0x00, 0x00, 0x00, 0x01, 0x00, 0x00, 0x00,
    0xC4, 0xCC, 0x00, 0x00, 0x00, 0x00, 0x00, 0x00, 0x00, 0x00, 0x00, 0x00, 0x00, 0x00, 0x00, 0x00,
    0x00, 0x00, 0x00, 0x00, 0x00, 0x00, 0x00, 0x00, 0x00, 0x00, 0x00, 0x00, 0x0E, 0x00, 0x00, 0x00,
    0x90, 0x08, 0x00, 0x00, 0x00, 0x00, 0x00, 0x00, 0x00, 0x00, 0x00, 0x00, 0x03, 0x00, 0x00, 0x00,
    0x98, 0xCC, 0x00, 0x00, 0x00, 0x00, 0x00, 0x00, 0x00, 0x00, 0x00, 0x00, 0x00, 0x00, 0x00, 0x00,
    0x00, 0x00, 0x00, 0x00, 0x00, 0x00, 0x00, 0x00, 0x00, 0x00, 0x00, 0x00, 0x09, 0x00, 0x00, 0x00,
    0x98, 0x08, 0x00, 0x00, 0x00, 0x00, 0x00, 0x00, 0x00, 0x00, 0x00, 0x00, 0x02, 0x00, 0x00, 0x00,
    0x6C, 0xCC, 0x00, 0x00, 0x00, 0x00, 0x00, 0x00, 0x00, 0x00, 0x00, 0x00, 0x00, 0x00, 0x00, 0x00,
    0x00, 0x00, 0x00, 0x00, 0x00, 0x00, 0x00, 0x00, 0x00, 0x00, 0x00, 0x00, 0x0A, 0x00, 0x00, 0x00,
    0x8C, 0x08, 0x00, 0x00, 0x00, 0x00, 0x00, 0x00, 0x00, 0x00, 0x00, 0x00, 0x01, 0x00, 0x00, 0x00,
    0x40, 0xCC, 0x00, 0x00, 0x00, 0x00, 0x00, 0x00, 0x00, 0x00, 0x00, 0x00, 0x00, 0x00, 0x00, 0x00,
    0x00, 0x00, 0x00, 0x00, 0x00, 0x00, 0x00, 0x00, 0x00, 0x00, 0x00, 0x00, 0x0C, 0x00, 0x00, 0x00,
    0x84, 0x08, 0x00, 0x00, 0x00, 0x00, 0x00, 0x00, 0x00, 0x00, 0x00, 0x00, 0x02, 0x00, 0x00, 0x00,
    0x14, 0xCC, 0x00, 0x00, 0x00, 0x00, 0x00, 0x00, 0x00, 0x00, 0x00, 0x00, 0x00, 0x00, 0x00, 0x00,
    0x00, 0x00, 0x00, 0x00, 0x00, 0x00, 0x00, 0x00, 0x00, 0x00, 0x00, 0x00, 0x09, 0x00, 0x00, 0x00,
    0x84, 0x08, 0x00, 0x00, 0x00, 0x00, 0x00, 0x00, 0x00, 0x00, 0x00, 0x00, 0x02, 0x00, 0x00, 0x00,
    0xE8, 0xCB, 0x00, 0x00, 0x00, 0x00, 0x00, 0x00, 0x00, 0x00, 0x00, 0x00, 0x00, 0x00, 0x00, 0x00,
    0x00, 0x00, 0x00, 0x00, 0x00, 0x00, 0x00, 0x00, 0x00, 0x00, 0x00, 0x00, 0x09, 0x00, 0x00, 0x00,
    0x78, 0x08, 0x00, 0x00, 0x00, 0x00, 0x00, 0x00, 0x00, 0x00, 0x00, 0x00, 0x02, 0x00, 0x00, 0x00,
    0xBC, 0xCB, 0x00, 0x00, 0x00, 0x00, 0x00, 0x00, 0x00, 0x00, 0x00, 0x00, 0x00, 0x00, 0x00, 0x00,
    0x00, 0x00, 0x00, 0x00, 0x00, 0x00, 0x00, 0x00, 0x00, 0x00, 0x00, 0x00, 0x1A, 0x00, 0x00, 0x00,
    0x6C, 0x08, 0x00, 0x00, 0x00, 0x00, 0x00, 0x00, 0x00, 0x00, 0x00, 0x00, 0x06, 0x00, 0x00, 0x00,
    0x90, 0xCB, 0x00, 0x00, 0x00, 0x00, 0x00, 0x00, 0x00, 0x00, 0x00, 0x00, 0x00, 0x00, 0x00, 0x00,
    0x00, 0x00, 0x00, 0x00, 0x00, 0x00, 0x00, 0x00, 0x00, 0x00, 0x00, 0x00, 0x09, 0x00, 0x00, 0x00,
    0xA4, 0x08, 0x00, 0x00, 0x00, 0x00, 0x00, 0x00, 0x00, 0x00, 0x00, 0x00, 0x02, 0x00, 0x00, 0x00,
    0x68, 0xCB, 0x00, 0x00, 0x00, 0x00, 0x00, 0x00, 0x00, 0x00, 0x00, 0x00, 0x00, 0x00, 0x00, 0x00,
    0x00, 0x00, 0x00, 0x00, 0x00, 0x00, 0x00, 0x00, 0x00, 0x00, 0x00, 0x00, 0x16, 0x00, 0x00, 0x00,
    0x98, 0x08, 0x00, 0x00, 0x00, 0x00, 0x00, 0x00, 0x00, 0x00, 0x00, 0x00, 0x02, 0x00, 0x00, 0x00,
    0x3C, 0xCB, 0x00, 0x00, 0x00, 0x00, 0x00, 0x00, 0x00, 0x00, 0x00, 0x00, 0x00, 0x00, 0x00, 0x00,
    0x00, 0x00, 0x00, 0x00, 0x00, 0x00, 0x00, 0x00, 0x00, 0x00, 0x00, 0x00, 0x0E, 0x00, 0x00, 0x00,
    0xC0, 0x08, 0x00, 0x00, 0x00, 0x00, 0x00, 0x00, 0x00, 0x00, 0x00, 0x00, 0x01, 0x00, 0x00, 0x00,
    0x10, 0xCB, 0x00, 0x00, 0x00, 0x00, 0x00, 0x00, 0x00, 0x00, 0x00, 0x00, 0x00, 0x00, 0x00, 0x00,
    0x00, 0x00, 0x00, 0x00, 0x00, 0x00, 0x00, 0x00, 0x00, 0x00, 0x00, 0x00, 0x12, 0x00, 0x00, 0x00,
    0xC8, 0x08, 0x00, 0x00, 0x00, 0x00, 0x00, 0x00, 0x00, 0x00, 0x00, 0x00, 0x04, 0x00, 0x00, 0x00,
    0xE4, 0xCA, 0x00, 0x00, 0x00, 0x00, 0x00, 0x00, 0x00, 0x00, 0x00, 0x00, 0x00, 0x00, 0x00, 0x00,
    0x00, 0x00, 0x00, 0x00, 0x00, 0x00, 0x00, 0x00, 0x00, 0x00, 0x00, 0x00, 0x16, 0x00, 0x00, 0x00,
    0xE0, 0x08, 0x00, 0x00, 0x00, 0x00, 0x00, 0x00, 0x00, 0x00, 0x00, 0x00, 0x01, 0x00, 0x00, 0x00,
    0xB8, 0xCA, 0x00, 0x00, 0x00, 0x00, 0x00, 0x00, 0x00, 0x00, 0x00, 0x00, 0x00, 0x00, 0x00, 0x00,
    0x00, 0x00, 0x00, 0x00, 0x00, 0x00, 0x00, 0x00, 0x00, 0x00, 0x00, 0x00, 0x16, 0x00, 0x00, 0x00,
    0x08, 0x09, 0x00, 0x00, 0x00, 0x00, 0x00, 0x00, 0x00, 0x00, 0x00, 0x00, 0x01, 0x00, 0x00, 0x00,
    0x8C, 0xCA, 0x00, 0x00, 0x00, 0x00, 0x00, 0x00, 0x00, 0x00, 0x00, 0x00, 0x00, 0x00, 0x00, 0x00,
    0x00, 0x00, 0x00, 0x00, 0x00, 0x00, 0x00, 0x00, 0x00, 0x00, 0x00, 0x00, 0x0E, 0x00, 0x00, 0x00,
    0x30, 0x09, 0x00, 0x00, 0x00, 0x00, 0x00, 0x00, 0x00, 0x00, 0x00, 0x00, 0x01, 0x00, 0x00, 0x00,
    0x60, 0xCA, 0x00, 0x00, 0x00, 0x00, 0x00, 0x00, 0x00, 0x00, 0x00, 0x00, 0x00, 0x00, 0x00, 0x00,
    0x00, 0x00, 0x00, 0x00, 0x00, 0x00, 0x00, 0x00, 0x00, 0x00, 0x00, 0x00, 0x1E, 0x00, 0x00, 0x00,
    0x38, 0x09, 0x00, 0x00, 0x00, 0x00, 0x00, 0x00, 0x00, 0x00, 0x00, 0x00, 0x07, 0x00, 0x00, 0x00,
    0x34, 0xCA, 0x00, 0x00, 0x00, 0x00, 0x00, 0x00, 0x00, 0x00, 0x00, 0x00, 0x00, 0x00, 0x00, 0x00,
    0x00, 0x00, 0x00, 0x00, 0x00, 0x00, 0x00, 0x00, 0x00, 0x00, 0x00, 0x00, 0x0A, 0x00, 0x00, 0x00,
    0x80, 0x09, 0x00, 0x00, 0x00, 0x00, 0x00, 0x00, 0x00, 0x00, 0x00, 0x00, 0x02, 0x00, 0x00, 0x00,
    0x0C, 0xCA, 0x00, 0x00, 0x00, 0x00, 0x00, 0x00, 0x00, 0x00, 0x00, 0x00, 0x00, 0x00, 0x00, 0x00,
    0x00, 0x00, 0x00, 0x00, 0x00, 0x00, 0x00, 0x00, 0x00, 0x00, 0x00, 0x00, 0x0E, 0x00, 0x00, 0x00,
    0x78, 0x09, 0x00, 0x00, 0x00, 0x00, 0x00, 0x00, 0x00, 0x00, 0x00, 0x00, 0x01, 0x00, 0x00, 0x00,
    0xE0, 0xC9, 0x00, 0x00, 0x00, 0x00, 0x00, 0x00, 0x00, 0x00, 0x00, 0x00, 0x00, 0x00, 0x00, 0x00,
    0x00, 0x00, 0x00, 0x00, 0x00, 0x00, 0x00, 0x00, 0x00, 0x00, 0x00, 0x00, 0x0E, 0x00, 0x00, 0x00,
    0x80, 0x09, 0x00, 0x00, 0x00, 0x00, 0x00, 0x00, 0x00, 0x00, 0x00, 0x00, 0x02, 0x00, 0x00, 0x00,
    0xB4, 0xC9, 0x00, 0x00, 0x00, 0x00, 0x00, 0x00, 0x00, 0x00, 0x00, 0x00, 0x00, 0x00, 0x00, 0x00,
    0x00, 0x00, 0x00, 0x00, 0x00, 0x00, 0x00, 0x00, 0x00, 0x00, 0x00, 0x00, 0x12, 0x00, 0x00, 0x00,
    0x88, 0x09, 0x00, 0x00, 0x00, 0x00, 0x00, 0x00, 0x00, 0x00, 0x00, 0x00, 0x01, 0x00, 0x00, 0x00,
    0x88, 0xC9, 0x00, 0x00, 0x00, 0x00, 0x00, 0x00, 0x00, 0x00, 0x00, 0x00, 0x00, 0x00, 0x00, 0x00,
    0x00, 0x00, 0x00, 0x00, 0x00, 0x00, 0x00, 0x00, 0x00, 0x00, 0x00, 0x00, 0x19, 0x00, 0x00, 0x00,
    0xA0, 0x09, 0x00, 0x00, 0x00, 0x00, 0x00, 0x00, 0x00, 0x00, 0x00, 0x00, 0x01, 0x00, 0x00, 0x00,
    0x5C, 0xC9, 0x00, 0x00, 0x00, 0x00, 0x00, 0x00, 0x00, 0x00, 0x00, 0x00, 0x00, 0x00, 0x00, 0x00,
    0x00, 0x00, 0x00, 0x00, 0x00, 0x00, 0x00, 0x00, 0x00, 0x00, 0x00, 0x00, 0x12, 0x00, 0x00, 0x00,
    0xD4, 0x09, 0x00, 0x00, 0x00, 0x00, 0x00, 0x00, 0x00, 0x00, 0x00, 0x00, 0x04, 0x00, 0x00, 0x00,
    0x30, 0xC9, 0x00, 0x00, 0x00, 0x00, 0x00, 0x00, 0x00, 0x00, 0x00, 0x00, 0x00, 0x00, 0x00, 0x00,
    0x00, 0x00, 0x00, 0x00, 0x00, 0x00, 0x00, 0x00, 0x00, 0x00, 0x00, 0x00, 0x13, 0x00, 0x00, 0x00,
    0xEC, 0x09, 0x00, 0x00, 0x00, 0x00, 0x00, 0x00, 0x00, 0x00, 0x00, 0x00, 0x01, 0x00, 0x00, 0x00,
    0x04, 0xC9, 0x00, 0x00, 0x00, 0x00, 0x00, 0x00, 0x00, 0x00, 0x00, 0x00, 0x00, 0x00, 0x00, 0x00,
    0x00, 0x00, 0x00, 0x00, 0x00, 0x00, 0x00, 0x00, 0x00, 0x00, 0x00, 0x00, 0x12, 0x00, 0x00, 0x00,
    0x08, 0x0A, 0x00, 0x00, 0x00, 0x00, 0x00, 0x00, 0x00, 0x00, 0x00, 0x00, 0x01, 0x00, 0x00, 0x00,
    0xD8, 0xC8, 0x00, 0x00, 0x00, 0x00, 0x00, 0x00, 0x00, 0x00, 0x00, 0x00, 0x00, 0x00, 0x00, 0x00,
    0x00, 0x00, 0x00, 0x00, 0x00, 0x00, 0x00, 0x00, 0x00, 0x00, 0x00, 0x00, 0x18, 0x00, 0x00, 0x00,
    0x20, 0x0A, 0x00, 0x00, 0x00, 0x00, 0x00, 0x00, 0x00, 0x00, 0x00, 0x00, 0x03, 0x00, 0x00, 0x00,
    0xAC, 0xC8, 0x00, 0x00, 0x00, 0x00, 0x00, 0x00, 0x00, 0x00, 0x00, 0x00, 0x00, 0x00, 0x00, 0x00,
    0x00, 0x00, 0x00, 0x00, 0x00, 0x00, 0x00, 0x00, 0x00, 0x00, 0x00, 0x00, 0x1E, 0x00, 0x00, 0x00,
    0x50, 0x0A, 0x00, 0x00, 0x00, 0x00, 0x00, 0x00, 0x00, 0x00, 0x00, 0x00, 0x01, 0x00, 0x00, 0x00,
    0x80, 0xC8, 0x00, 0x00, 0x00, 0x00, 0x00, 0x00, 0x00, 0x00, 0x00, 0x00, 0x00, 0x00, 0x00, 0x00,
    0x00, 0x00, 0x00, 0x00, 0x00, 0x00, 0x00, 0x00, 0x00, 0x00, 0x00, 0x00, 0x09, 0x00, 0x00, 0x00,
    0x98, 0x0A, 0x00, 0x00, 0x00, 0x00, 0x00, 0x00, 0x00, 0x00, 0x00, 0x00, 0x01, 0x00, 0x00, 0x00,
    0x54, 0xC8, 0x00, 0x00, 0x00, 0x00, 0x00, 0x00, 0x00, 0x00, 0x00, 0x00, 0x00, 0x00, 0x00, 0x00,
    0x00, 0x00, 0x00, 0x00, 0x00, 0x00, 0x00, 0x00, 0x00, 0x00, 0x00, 0x00, 0x1E, 0x00, 0x00, 0x00,
    0x8C, 0x0A, 0x00, 0x00, 0x00, 0x00, 0x00, 0x00, 0x00, 0x00, 0x00, 0x00, 0x02, 0x00, 0x00, 0x00,
    0x28, 0xC8, 0x00, 0x00, 0x00, 0x00, 0x00, 0x00, 0x00, 0x00, 0x00, 0x00, 0x00, 0x00, 0x00, 0x00,
    0x00, 0x00, 0x00, 0x00, 0x00, 0x00, 0x00, 0x00, 0x00, 0x00, 0x00, 0x00, 0x0D, 0x00, 0x00, 0x00,
    0xD4, 0x0A, 0x00, 0x00, 0x00, 0x00, 0x00, 0x00, 0x00, 0x00, 0x00, 0x00, 0x02, 0x00, 0x00, 0x00,
    0xFC, 0xC7, 0x00, 0x00, 0x00, 0x00, 0x00, 0x00, 0x00, 0x00, 0x00, 0x00, 0x00, 0x00, 0x00, 0x00,
    0x00, 0x00, 0x00, 0x00, 0x00, 0x00, 0x00, 0x00, 0x00, 0x00, 0x00, 0x00, 0x0F, 0x00, 0x00, 0x00,
    0xD8, 0x0A, 0x00, 0x00, 0x00, 0x00, 0x00, 0x00, 0x00, 0x00, 0x00, 0x00, 0x01, 0x00, 0x00, 0x00,
    0xD0, 0xC7, 0x00, 0x00, 0x00, 0x00, 0x00, 0x00, 0x00, 0x00, 0x00, 0x00, 0x00, 0x00, 0x00, 0x00,
    0x00, 0x00, 0x00, 0x00, 0x00, 0x00, 0x00, 0x00, 0x00, 0x00, 0x00, 0x00, 0x11, 0x00, 0x00, 0x00,
    0xE4, 0x0A, 0x00, 0x00, 0x00, 0x00, 0x00, 0x00, 0x00, 0x00, 0x00, 0x00, 0x03, 0x00, 0x00, 0x00,
    0xA4, 0xC7, 0x00, 0x00, 0x00, 0x00, 0x00, 0x00, 0x00, 0x00, 0x00, 0x00, 0x00, 0x00, 0x00, 0x00,
    0x00, 0x00, 0x00, 0x00, 0x00, 0x00, 0x00, 0x00, 0x00, 0x00, 0x00, 0x00, 0x15, 0x00, 0x00, 0x00,
    0xF8, 0x0A, 0x00, 0x00, 0x00, 0x00, 0x00, 0x00, 0x00, 0x00, 0x00, 0x00, 0x03, 0x00, 0x00, 0x00,
    0x78, 0xC7, 0x00, 0x00, 0x00, 0x00, 0x00, 0x00, 0x00, 0x00, 0x00, 0x00, 0x00, 0x00, 0x00, 0x00,
    0x00, 0x00, 0x00, 0x00, 0x00, 0x00, 0x00, 0x00, 0x00, 0x00, 0x00, 0x00, 0x09, 0x00, 0x00, 0x00,
    0x1C, 0x0B, 0x00, 0x00, 0x00, 0x00, 0x00, 0x00, 0x00, 0x00, 0x00, 0x00, 0x02, 0x00, 0x00, 0x00,
    0x4C, 0xC7, 0x00, 0x00, 0x00, 0x00, 0x00, 0x00, 0x00, 0x00, 0x00, 0x00, 0x00, 0x00, 0x00, 0x00,
    0x00, 0x00, 0x00, 0x00, 0x00, 0x00, 0x00, 0x00, 0x00, 0x00, 0x00, 0x00, 0x09, 0x00, 0x00, 0x00,
    0x10, 0x0B, 0x00, 0x00, 0x00, 0x00, 0x00, 0x00, 0x00, 0x00, 0x00, 0x00, 0x01, 0x00, 0x00, 0x00,
    0x20, 0xC7, 0x00, 0x00, 0x00, 0x00, 0x00, 0x00, 0x00, 0x00, 0x00, 0x00, 0x00, 0x00, 0x00, 0x00,
    0x00, 0x00, 0x00, 0x00, 0x00, 0x00, 0x00, 0x00, 0x00, 0x00, 0x00, 0x00, 0x23, 0x00, 0x00, 0x00,
    0x04, 0x0B, 0x00, 0x00, 0x00, 0x00, 0x00, 0x00, 0x00, 0x00, 0x00, 0x00, 0x04, 0x00, 0x00, 0x00,
    0xF4, 0xC6, 0x00, 0x00, 0x00, 0x00, 0x00, 0x00, 0x00, 0x00, 0x00, 0x00, 0x00, 0x00, 0x00, 0x00,
    0x00, 0x00, 0x00, 0x00, 0x00, 0x00, 0x00, 0x00, 0x00, 0x00, 0x00, 0x00, 0x0D, 0x00, 0x00, 0x00,
    0x60, 0x0B, 0x00, 0x00, 0x00, 0x00, 0x00, 0x00, 0x00, 0x00, 0x00, 0x00, 0x01, 0x00, 0x00, 0x00,
    0xC8, 0xC6, 0x00, 0x00, 0x00, 0x00, 0x00, 0x00, 0x00, 0x00, 0x00, 0x00, 0x00, 0x00, 0x00, 0x00,
    0x00, 0x00, 0x00, 0x00, 0x00, 0x00, 0x00, 0x00, 0x00, 0x00, 0x00, 0x00, 0x44, 0x65, 0x66, 0x61,
    0x75, 0x6C, 0x74, 0x00, 0xE8, 0xAB, 0x82, 0xFE, 0xC9, 0x00, 0x00, 0x00, 0x58, 0x0B, 0x00, 0x00,
    0x74, 0x0B, 0x00, 0x00, 0x90, 0x0B, 0x00, 0x00, 0xAC, 0x0B, 0x00, 0x00, 0xC8, 0x0B, 0x00, 0x00,
    0xE4, 0x0B, 0x00, 0x00, 0x00, 0x0C, 0x00, 0x00, 0x1C, 0x0C, 0x00, 0x00, 0x40, 0x0C, 0x00, 0x00,
    0x5C, 0x0C, 0x00, 0x00, 0x78, 0x0C, 0x00, 0x00, 0x94, 0x0C, 0x00, 0x00, 0xB0, 0x0C, 0x00, 0x00,
    0xCC, 0x0C, 0x00, 0x00, 0xE8, 0x0C, 0x00, 0x00, 0x04, 0x0D, 0x00, 0x00, 0x20, 0x0D, 0x00, 0x00,
    0x3C, 0x0D, 0x00, 0x00, 0x58, 0x0D, 0x00, 0x00, 0x74, 0x0D, 0x00, 0x00, 0x90, 0x0D, 0x00, 0x00,
    0xAC, 0x0D, 0x00, 0x00, 0xC8, 0x0D, 0x00, 0x00, 0xE4, 0x0D, 0x00, 0x00, 0x00, 0x0E, 0x00, 0x00,
    0x1C, 0x0E, 0x00, 0x00, 0x40, 0x0E, 0x00, 0x00, 0x64, 0x0E, 0x00, 0x00, 0x88, 0x0E, 0x00, 0x00,
    0xA4, 0x0E, 0x00, 0x00, 0xC0, 0x0E, 0x00, 0x00, 0xDC, 0x0E, 0x00, 0x00, 0xF8, 0x0E, 0x00, 0x00,
    0x14, 0x0F, 0x00, 0x00, 0x30, 0x0F, 0x00, 0x00, 0x4C, 0x0F, 0x00, 0x00, 0x70, 0x0F, 0x00, 0x00,
    0x94, 0x0F, 0x00, 0x00, 0xB0, 0x0F, 0x00, 0x00, 0xCC, 0x0F, 0x00, 0x00, 0xE8, 0x0F, 0x00, 0x00,
    0x04, 0x10, 0x00, 0x00, 0x20, 0x10, 0x00, 0x00, 0x3C, 0x10, 0x00, 0x00, 0x58, 0x10, 0x00, 0x00,
    0x7C, 0x10, 0x00, 0x00, 0xA0, 0x10, 0x00, 0x00, 0xBC, 0x10, 0x00, 0x00, 0xD8, 0x10, 0x00, 0x00,
    0xF4, 0x10, 0x00, 0x00, 0x10, 0x11, 0x00, 0x00, 0x2C, 0x11, 0x00, 0x00, 0x48, 0x11, 0x00, 0x00,
    0x64, 0x11, 0x00, 0x00, 0x88, 0x11, 0x00, 0x00, 0xAC, 0x11, 0x00, 0x00, 0xC8, 0x11, 0x00, 0x00,
    0xE4, 0x11, 0x00, 0x00, 0x00, 0x12, 0x00, 0x00, 0x1C, 0x12, 0x00, 0x00, 0x38, 0x12, 0x00, 0x00,
    0x54, 0x12, 0x00, 0x00, 0x78, 0x12, 0x00, 0x00, 0x94, 0x12, 0x00, 0x00, 0xB0, 0x12, 0x00, 0x00,
    0xCC, 0x12, 0x00, 0x00, 0xE8, 0x12, 0x00, 0x00, 0x04, 0x13, 0x00, 0x00, 0x20, 0x13, 0x00, 0x00,
    0x3C, 0x13, 0x00, 0x00, 0x60, 0x13, 0x00, 0x00, 0x7C, 0x13, 0x00, 0x00, 0x98, 0x13, 0x00, 0x00,
    0xB4, 0x13, 0x00, 0x00, 0xD0, 0x13, 0x00, 0x00, 0xEC, 0x13, 0x00, 0x00, 0x08, 0x14, 0x00, 0x00,
    0x24, 0x14, 0x00, 0x00, 0x48, 0x14, 0x00, 0x00, 0x64, 0x14, 0x00, 0x00, 0x80, 0x14, 0x00, 0x00,
    0x9C, 0x14, 0x00, 0x00, 0xB8, 0x14, 0x00, 0x00, 0xD4, 0x14, 0x00, 0x00, 0xF0, 0x14, 0x00, 0x00,
    0x0C, 0x15, 0x00, 0x00, 0x28, 0x15, 0x00, 0x00, 0x44, 0x15, 0x00, 0x00, 0x68, 0x15, 0x00, 0x00,
    0x84, 0x15, 0x00, 0x00, 0xA0, 0x15, 0x00, 0x00, 0xBC, 0x15, 0x00, 0x00, 0xD8, 0x15, 0x00, 0x00,
    0xF4, 0x15, 0x00, 0x00, 0x10, 0x16, 0x00, 0x00, 0x2C, 0x16, 0x00, 0x00, 0x48, 0x16, 0x00, 0x00,
    0x64, 0x16, 0x00, 0x00, 0x80, 0x16, 0x00, 0x00, 0x9C, 0x16, 0x00, 0x00, 0xB8, 0x16, 0x00, 0x00,
    0xD4, 0x16, 0x00, 0x00, 0xF0, 0x16, 0x00, 0x00, 0x0C, 0x17, 0x00, 0x00, 0x28, 0x17, 0x00, 0x00,
    0x44, 0x17, 0x00, 0x00, 0x60, 0x17, 0x00, 0x00, 0x7C, 0x17, 0x00, 0x00, 0x98, 0x17, 0x00, 0x00,
    0xB4, 0x17, 0x00, 0x00, 0xD0, 0x17, 0x00, 0x00, 0xF4, 0x17, 0x00, 0x00, 0x10, 0x18, 0x00, 0x00,
    0x2C, 0x18, 0x00, 0x00, 0x48, 0x18, 0x00, 0x00, 0x64, 0x18, 0x00, 0x00, 0x80, 0x18, 0x00, 0x00,
    0x9C, 0x18, 0x00, 0x00, 0xB8, 0x18, 0x00, 0x00, 0xD4, 0x18, 0x00, 0x00, 0xF0, 0x18, 0x00, 0x00,
    0x0C, 0x19, 0x00, 0x00, 0x28, 0x19, 0x00, 0x00, 0x44, 0x19, 0x00, 0x00, 0x60, 0x19, 0x00, 0x00,
    0x84, 0x19, 0x00, 0x00, 0xA0, 0x19, 0x00, 0x00, 0xBC, 0x19, 0x00, 0x00, 0xD8, 0x19, 0x00, 0x00,
    0xF4, 0x19, 0x00, 0x00, 0x10, 0x1A, 0x00, 0x00, 0x2C, 0x1A, 0x00, 0x00, 0x48, 0x1A, 0x00, 0x00,
    0x64, 0x1A, 0x00, 0x00, 0x80, 0x1A, 0x00, 0x00, 0x9C, 0x1A, 0x00, 0x00, 0xB8, 0x1A, 0x00, 0x00,
    0xDC, 0x1A, 0x00, 0x00, 0x00, 0x1B, 0x00, 0x00, 0x24, 0x1B, 0x00, 0x00, 0x40, 0x1B, 0x00, 0x00,
    0x5C, 0x1B, 0x00, 0x00, 0x78, 0x1B, 0x00, 0x00, 0x94, 0x1B, 0x00, 0x00, 0xB0, 0x1B, 0x00, 0x00,
    0xCC, 0x1B, 0x00, 0x00, 0xE8, 0x1B, 0x00, 0x00, 0x0C, 0x1C, 0x00, 0x00, 0x30, 0x1C, 0x00, 0x00,
    0x4C, 0x1C, 0x00, 0x00, 0x68, 0x1C, 0x00, 0x00, 0x84, 0x1C, 0x00, 0x00, 0xA0, 0x1C, 0x00, 0x00,
    0xBC, 0x1C, 0x00, 0x00, 0xD8, 0x1C, 0x00, 0x00, 0xF4, 0x1C, 0x00, 0x00, 0x10, 0x1D, 0x00, 0x00,
    0x2C, 0x1D, 0x00, 0x00, 0x50, 0x1D, 0x00, 0x00, 0x6C, 0x1D, 0x00, 0x00, 0x88, 0x1D, 0x00, 0x00,
    0xA4, 0x1D, 0x00, 0x00, 0xC0, 0x1D, 0x00, 0x00, 0xDC, 0x1D, 0x00, 0x00, 0xF8, 0x1D, 0x00, 0x00,
    0x14, 0x1E, 0x00, 0x00, 0x30, 0x1E, 0x00, 0x00, 0x4C, 0x1E, 0x00, 0x00, 0x68, 0x1E, 0x00, 0x00,
    0x8C, 0x1E, 0x00, 0x00, 0xB0, 0x1E, 0x00, 0x00, 0xCC, 0x1E, 0x00, 0x00, 0xE8, 0x1E, 0x00, 0x00,
    0x04, 0x1F, 0x00, 0x00, 0x20, 0x1F, 0x00, 0x00, 0x3C, 0x1F, 0x00, 0x00, 0x58, 0x1F, 0x00, 0x00,
    0x74, 0x1F, 0x00, 0x00, 0x98, 0x1F, 0x00, 0x00, 0xBC, 0x1F, 0x00, 0x00, 0xD8, 0x1F, 0x00, 0x00,
    0xF4, 0x1F, 0x00, 0x00, 0x10, 0x20, 0x00, 0x00, 0x2C, 0x20, 0x00, 0x00, 0x48, 0x20, 0x00, 0x00,
    0x64, 0x20, 0x00, 0x00, 0x80, 0x20, 0x00, 0x00, 0xA4, 0x20, 0x00, 0x00, 0xC8, 0x20, 0x00, 0x00,
    0xE4, 0x20, 0x00, 0x00, 0x00, 0x21, 0x00, 0x00, 0x1C, 0x21, 0x00, 0x00, 0x38, 0x21, 0x00, 0x00,
    0x54, 0x21, 0x00, 0x00, 0x70, 0x21, 0x00, 0x00, 0x8C, 0x21, 0x00, 0x00, 0xA8, 0x21, 0x00, 0x00,
    0xC4, 0x21, 0x00, 0x00, 0xE0, 0x21, 0x00, 0x00, 0xFC, 0x21, 0x00, 0x00, 0x18, 0x22, 0x00, 0x00,
    0x34, 0x22, 0x00, 0x00, 0x50, 0x22, 0x00, 0x00, 0x6C, 0x22, 0x00, 0x00, 0x88, 0x22, 0x00, 0x00,
    0xA4, 0x22, 0x00, 0x00, 0xC0, 0x22, 0x00, 0x00, 0xDC, 0x22, 0x00, 0x00, 0xF8, 0x22, 0x00, 0x00,
    0x1C, 0x23, 0x00, 0x00, 0x40, 0x23, 0x00, 0x00, 0x64, 0x23, 0x00, 0x00, 0x88, 0x23, 0x00, 0x00,
    0xAC, 0x23, 0x00, 0x00, 0xD0, 0x23, 0x00, 0x00, 0xEC, 0x23, 0x00, 0x00, 0x08, 0x24, 0x00, 0x00,
    0x24, 0x24, 0x00, 0x00, 0x40, 0x24, 0x00, 0x00, 0x5C, 0x24, 0x00, 0x00, 0x78, 0x24, 0x00, 0x00,
    0x94, 0x24, 0x00, 0x00, 0xB8, 0x24, 0x00, 0x00, 0xDC, 0x24, 0x00, 0x00, 0xF8, 0x24, 0x00, 0x00,
    0x14, 0x25, 0x00, 0x00, 0x30, 0x25, 0x00, 0x00, 0x4C, 0x25, 0x00, 0x00, 0x68, 0x25, 0x00, 0x00,
    0x84, 0x25, 0x00, 0x00, 0xA0, 0x25, 0x00, 0x00, 0xBC, 0x25, 0x00, 0x00, 0xD8, 0x25, 0x00, 0x00,
    0xF4, 0x25, 0x00, 0x00, 0x10, 0x26, 0x00, 0x00, 0x2C, 0x26, 0x00, 0x00, 0x48, 0x26, 0x00, 0x00,
    0x64, 0x26, 0x00, 0x00, 0x80, 0x26, 0x00, 0x00, 0x9C, 0x26, 0x00, 0x00, 0xB8, 0x26, 0x00, 0x00,
    0xD4, 0x26, 0x00, 0x00, 0xF0, 0x26, 0x00, 0x00, 0x0C, 0x27, 0x00, 0x00, 0x30, 0x27, 0x00, 0x00,
    0x54, 0x27, 0x00, 0x00, 0x70, 0x27, 0x00, 0x00, 0x8C, 0x27, 0x00, 0x00, 0xA8, 0x27, 0x00, 0x00,
    0xC4, 0x27, 0x00, 0x00, 0xE0, 0x27, 0x00, 0x00, 0xFC, 0x27, 0x00, 0x00, 0x18, 0x28, 0x00, 0x00,
    0x34, 0x28, 0x00, 0x00, 0x50, 0x28, 0x00, 0x00, 0x6C, 0x28, 0x00, 0x00, 0x88, 0x28, 0x00, 0x00,
    0xA4, 0x28, 0x00, 0x00, 0xC0, 0x28, 0x00, 0x00, 0xE4, 0x28, 0x00, 0x00, 0x00, 0x29, 0x00, 0x00,
    0x1C, 0x29, 0x00, 0x00, 0x38, 0x29, 0x00, 0x00, 0x54, 0x29, 0x00, 0x00, 0x70, 0x29, 0x00, 0x00,
    0x8C, 0x29, 0x00, 0x00, 0xA8, 0x29, 0x00, 0x00, 0xC4, 0x29, 0x00, 0x00, 0xE0, 0x29, 0x00, 0x00,
    0xFC, 0x29, 0x00, 0x00, 0x18, 0x2A, 0x00, 0x00, 0x34, 0x2A, 0x00, 0x00, 0x50, 0x2A, 0x00, 0x00,
    0x6C, 0x2A, 0x00, 0x00, 0x90, 0x2A, 0x00, 0x00, 0xB4, 0x2A, 0x00, 0x00, 0xD8, 0x2A, 0x00, 0x00,
    0xFC, 0x2A, 0x00, 0x00, 0x18, 0x2B, 0x00, 0x00, 0x34, 0x2B, 0x00, 0x00, 0x50, 0x2B, 0x00, 0x00,
    0x6C, 0x2B, 0x00, 0x00, 0x88, 0x2B, 0x00, 0x00, 0xA4, 0x2B, 0x00, 0x00, 0xC0, 0x2B, 0x00, 0x00,
    0xDC, 0x2B, 0x00, 0x00, 0xF8, 0x2B, 0x00, 0x00, 0x14, 0x2C, 0x00, 0x00, 0x30, 0x2C, 0x00, 0x00,
    0x4C, 0x2C, 0x00, 0x00, 0x68, 0x2C, 0x00, 0x00, 0x84, 0x2C, 0x00, 0x00, 0xA0, 0x2C, 0x00, 0x00,
    0xBC, 0x2C, 0x00, 0x00, 0xD8, 0x2C, 0x00, 0x00, 0xF4, 0x2C, 0x00, 0x00, 0x10, 0x2D, 0x00, 0x00,
    0x2C, 0x2D, 0x00, 0x00, 0x48, 0x2D, 0x00, 0x00, 0x6C, 0x2D, 0x00, 0x00, 0x88, 0x2D, 0x00, 0x00,
    0xA4, 0x2D, 0x00, 0x00, 0xC0, 0x2D, 0x00, 0x00, 0xDC, 0x2D, 0x00, 0x00, 0xF8, 0x2D, 0x00, 0x00,
    0x14, 0x2E, 0x00, 0x00, 0x30, 0x2E, 0x00, 0x00, 0x4C, 0x2E, 0x00, 0x00, 0x68, 0x2E, 0x00, 0x00,
    0x84, 0x2E, 0x00, 0x00, 0xA0, 0x2E, 0x00, 0x00, 0xBC, 0x2E, 0x00, 0x00, 0xD8, 0x2E, 0x00, 0x00,
    0xF4, 0x2E, 0x00, 0x00, 0x10, 0x2F, 0x00, 0x00, 0x2C, 0x2F, 0x00, 0x00, 0x48, 0x2F, 0x00, 0x00,
    0x64, 0x2F, 0x00, 0x00, 0x80, 0x2F, 0x00, 0x00, 0x9C, 0x2F, 0x00, 0x00, 0xB8, 0x2F, 0x00, 0x00,
    0xDC, 0x2F, 0x00, 0x00, 0xF8, 0x2F, 0x00, 0x00, 0x14, 0x30, 0x00, 0x00, 0x30, 0x30, 0x00, 0x00,
    0x4C, 0x30, 0x00, 0x00, 0x68, 0x30, 0x00, 0x00, 0x84, 0x30, 0x00, 0x00, 0xA0, 0x30, 0x00, 0x00,
    0xBC, 0x30, 0x00, 0x00, 0xD8, 0x30, 0x00, 0x00, 0xF4, 0x30, 0x00, 0x00, 0x10, 0x31, 0x00, 0x00,
    0x2C, 0x31, 0x00, 0x00, 0x48, 0x31, 0x00, 0x00, 0x6C, 0x31, 0x00, 0x00, 0x88, 0x31, 0x00, 0x00,
    0xA4, 0x31, 0x00, 0x00, 0xC0, 0x31, 0x00, 0x00, 0xDC, 0x31, 0x00, 0x00, 0xF8, 0x31, 0x00, 0x00,
    0x14, 0x32, 0x00, 0x00, 0x30, 0x32, 0x00, 0x00, 0x4C, 0x32, 0x00, 0x00, 0x68, 0x32, 0x00, 0x00,
    0x84, 0x32, 0x00, 0x00, 0xA0, 0x32, 0x00, 0x00, 0xBC, 0x32, 0x00, 0x00, 0xD8, 0x32, 0x00, 0x00,
    0xF4, 0x32, 0x00, 0x00, 0x10, 0x33, 0x00, 0x00, 0x2C, 0x33, 0x00, 0x00, 0x48, 0x33, 0x00, 0x00,
    0x64, 0x33, 0x00, 0x00, 0x80, 0x33, 0x00, 0x00, 0x9C, 0x33, 0x00, 0x00, 0xB8, 0x33, 0x00, 0x00,
    0xD4, 0x33, 0x00, 0x00, 0xF0, 0x33, 0x00, 0x00, 0x14, 0x34, 0x00, 0x00, 0x38, 0x34, 0x00, 0x00,
    0x5C, 0x34, 0x00, 0x00, 0x80, 0x34, 0x00, 0x00, 0xA4, 0x34, 0x00, 0x00, 0xC8, 0x34, 0x00, 0x00,
    0xEC, 0x34, 0x00, 0x00, 0x08, 0x35, 0x00, 0x00, 0x24, 0x35, 0x00, 0x00, 0x40, 0x35, 0x00, 0x00,
    0x5C, 0x35, 0x00, 0x00, 0x78, 0x35, 0x00, 0x00, 0x94, 0x35, 0x00, 0x00, 0xB0, 0x35, 0x00, 0x00,
    0xCC, 0x35, 0x00, 0x00, 0xF0, 0x35, 0x00, 0x00, 0x14, 0x36, 0x00, 0x00, 0x30, 0x36, 0x00, 0x00,
    0x4C, 0x36, 0x00, 0x00, 0x68, 0x36, 0x00, 0x00, 0x84, 0x36, 0x00, 0x00, 0xA0, 0x36, 0x00, 0x00,
    0xBC, 0x36, 0x00, 0x00, 0xD8, 0x36, 0x00, 0x00, 0xF4, 0x36, 0x00, 0x00, 0x10, 0x37, 0x00, 0x00,
    0x2C, 0x37, 0x00, 0x00, 0x48, 0x37, 0x00, 0x00, 0x64, 0x37, 0x00, 0x00, 0x80, 0x37, 0x00, 0x00,
    0xA4, 0x37, 0x00, 0x00, 0xC0, 0x37, 0x00, 0x00, 0xDC, 0x37, 0x00, 0x00, 0xF8, 0x37, 0x00, 0x00,
    0x14, 0x38, 0x00, 0x00, 0x30, 0x38, 0x00, 0x00, 0x4C, 0x38, 0x00, 0x00, 0x68, 0x38, 0x00, 0x00,
    0x84, 0x38, 0x00, 0x00, 0xA0, 0x38, 0x00, 0x00, 0xBC, 0x38, 0x00, 0x00, 0xD8, 0x38, 0x00, 0x00,
    0xF4, 0x38, 0x00, 0x00, 0x18, 0x39, 0x00, 0x00, 0x3C, 0x39, 0x00, 0x00, 0x58, 0x39, 0x00, 0x00,
    0x74, 0x39, 0x00, 0x00, 0x90, 0x39, 0x00, 0x00, 0xAC, 0x39, 0x00, 0x00, 0xC8, 0x39, 0x00, 0x00,
    0xE4, 0x39, 0x00, 0x00, 0x00, 0x3A, 0x00, 0x00, 0x1C, 0x3A, 0x00, 0x00, 0x38, 0x3A, 0x00, 0x00,
    0x54, 0x3A, 0x00, 0x00, 0x70, 0x3A, 0x00, 0x00, 0x8C, 0x3A, 0x00, 0x00, 0xA8, 0x3A, 0x00, 0x00,
    0xC4, 0x3A, 0x00, 0x00, 0xE0, 0x3A, 0x00, 0x00, 0xFC, 0x3A, 0x00, 0x00, 0x18, 0x3B, 0x00, 0x00,
    0x3C, 0x3B, 0x00, 0x00, 0x58, 0x3B, 0x00, 0x00, 0x74, 0x3B, 0x00, 0x00, 0x90, 0x3B, 0x00, 0x00,
    0xAC, 0x3B, 0x00, 0x00, 0xC8, 0x3B, 0x00, 0x00, 0xE4, 0x3B, 0x00, 0x00, 0x00, 0x3C, 0x00, 0x00,
    0x1C, 0x3C, 0x00, 0x00, 0x38, 0x3C, 0x00, 0x00, 0x54, 0x3C, 0x00, 0x00, 0x70, 0x3C, 0x00, 0x00,
    0x8C, 0x3C, 0x00, 0x00, 0xA8, 0x3C, 0x00, 0x00, 0xC4, 0x3C, 0x00, 0x00, 0xE0, 0x3C, 0x00, 0x00,
    0xFC, 0x3C, 0x00, 0x00, 0x18, 0x3D, 0x00, 0x00, 0x34, 0x3D, 0x00, 0x00, 0x50, 0x3D, 0x00, 0x00,
    0x6C, 0x3D, 0x00, 0x00, 0x88, 0x3D, 0x00, 0x00, 0xA4, 0x3D, 0x00, 0x00, 0xC0, 0x3D, 0x00, 0x00,
    0xDC, 0x3D, 0x00, 0x00, 0x00, 0x3E, 0x00, 0x00, 0x1C, 0x3E, 0x00, 0x00, 0x38, 0x3E, 0x00, 0x00,
    0x54, 0x3E, 0x00, 0x00, 0x70, 0x3E, 0x00, 0x00, 0x8C, 0x3E, 0x00, 0x00, 0xA8, 0x3E, 0x00, 0x00,
    0xC4, 0x3E, 0x00, 0x00, 0xE0, 0x3E, 0x00, 0x00, 0xFC, 0x3E, 0x00, 0x00, 0x18, 0x3F, 0x00, 0x00,
    0x34, 0x3F, 0x00, 0x00, 0x50, 0x3F, 0x00, 0x00, 0x6C, 0x3F, 0x00, 0x00, 0x88, 0x3F, 0x00, 0x00,
    0xAC, 0x3F, 0x00, 0x00, 0xD0, 0x3F, 0x00, 0x00, 0xF4, 0x3F, 0x00, 0x00, 0x18, 0x40, 0x00, 0x00,
    0x34, 0x40, 0x00, 0x00, 0x50, 0x40, 0x00, 0x00, 0x6C, 0x40, 0x00, 0x00, 0x88, 0x40, 0x00, 0x00,
    0xA4, 0x40, 0x00, 0x00, 0xC0, 0x40, 0x00, 0x00, 0xDC, 0x40, 0x00, 0x00, 0xF8, 0x40, 0x00, 0x00,
    0x14, 0x41, 0x00, 0x00, 0x30, 0x41, 0x00, 0x00, 0x4C, 0x41, 0x00, 0x00, 0x68, 0x41, 0x00, 0x00,
    0x84, 0x41, 0x00, 0x00, 0xA0, 0x41, 0x00, 0x00, 0xBC, 0x41, 0x00, 0x00, 0xD8, 0x41, 0x00, 0x00,
    0xF4, 0x41, 0x00, 0x00, 0x10, 0x42, 0x00, 0x00, 0x34, 0x42, 0x00, 0x00, 0x50, 0x42, 0x00, 0x00,
    0x6C, 0x42, 0x00, 0x00, 0x88, 0x42, 0x00, 0x00, 0xA4, 0x42, 0x00, 0x00, 0xC0, 0x42, 0x00, 0x00,
    0xDC, 0x42, 0x00, 0x00, 0xF8, 0x42, 0x00, 0x00, 0x14, 0x43, 0x00, 0x00, 0x30, 0x43, 0x00, 0x00,
    0x4C, 0x43, 0x00, 0x00, 0x68, 0x43, 0x00, 0x00, 0x84, 0x43, 0x00, 0x00, 0xA0, 0x43, 0x00, 0x00,
    0xBC, 0x43, 0x00, 0x00, 0xD8, 0x43, 0x00, 0x00, 0xF4, 0x43, 0x00, 0x00, 0x10, 0x44, 0x00, 0x00,
    0x34, 0x44, 0x00, 0x00, 0x50, 0x44, 0x00, 0x00, 0x6C, 0x44, 0x00, 0x00, 0x88, 0x44, 0x00, 0x00,
    0xA4, 0x44, 0x00, 0x00, 0xC0, 0x44, 0x00, 0x00, 0xDC, 0x44, 0x00, 0x00, 0xF8, 0x44, 0x00, 0x00,
    0x14, 0x45, 0x00, 0x00, 0x30, 0x45, 0x00, 0x00, 0x4C, 0x45, 0x00, 0x00, 0x68, 0x45, 0x00, 0x00,
    0x84, 0x45, 0x00, 0x00, 0xA0, 0x45, 0x00, 0x00, 0xBC, 0x45, 0x00, 0x00, 0xD8, 0x45, 0x00, 0x00,
    0xF4, 0x45, 0x00, 0x00, 0x10, 0x46, 0x00, 0x00, 0x2C, 0x46, 0x00, 0x00, 0x48, 0x46, 0x00, 0x00,
    0x64, 0x46, 0x00, 0x00, 0x80, 0x46, 0x00, 0x00, 0xA4, 0x46, 0x00, 0x00, 0xC8, 0x46, 0x00, 0x00,
    0xEC, 0x46, 0x00, 0x00, 0x08, 0x47, 0x00, 0x00, 0x24, 0x47, 0x00, 0x00, 0x40, 0x47, 0x00, 0x00,
    0x5C, 0x47, 0x00, 0x00, 0x78, 0x47, 0x00, 0x00, 0x94, 0x47, 0x00, 0x00, 0xB0, 0x47, 0x00, 0x00,
    0xCC, 0x47, 0x00, 0x00, 0xE8, 0x47, 0x00, 0x00, 0x04, 0x48, 0x00, 0x00, 0x20, 0x48, 0x00, 0x00,
    0x3C, 0x48, 0x00, 0x00, 0x58, 0x48, 0x00, 0x00, 0x74, 0x48, 0x00, 0x00, 0x90, 0x48, 0x00, 0x00,
    0xAC, 0x48, 0x00, 0x00, 0xC8, 0x48, 0x00, 0x00, 0xE4, 0x48, 0x00, 0x00, 0x00, 0x49, 0x00, 0x00,
    0x1C, 0x49, 0x00, 0x00, 0x38, 0x49, 0x00, 0x00, 0x54, 0x49, 0x00, 0x00, 0x70, 0x49, 0x00, 0x00,
    0x8C, 0x49, 0x00, 0x00, 0xA8, 0x49, 0x00, 0x00, 0xC4, 0x49, 0x00, 0x00, 0xE0, 0x49, 0x00, 0x00,
    0xFC, 0x49, 0x00, 0x00, 0x18, 0x4A, 0x00, 0x00, 0x3C, 0x4A, 0x00, 0x00, 0x58, 0x4A, 0x00, 0x00,
    0x74, 0x4A, 0x00, 0x00, 0x90, 0x4A, 0x00, 0x00, 0xAC, 0x4A, 0x00, 0x00, 0xC8, 0x4A, 0x00, 0x00,
    0xE4, 0x4A, 0x00, 0x00, 0x00, 0x4B, 0x00, 0x00, 0x1C, 0x4B, 0x00, 0x00, 0x40, 0x4B, 0x00, 0x00,
    0x5C, 0x4B, 0x00, 0x00, 0x78, 0x4B, 0x00, 0x00, 0x94, 0x4B, 0x00, 0x00, 0xB0, 0x4B, 0x00, 0x00,
    0xCC, 0x4B, 0x00, 0x00, 0xE8, 0x4B, 0x00, 0x00, 0x04, 0x4C, 0x00, 0x00, 0x20, 0x4C, 0x00, 0x00,
    0x3C, 0x4C, 0x00, 0x00, 0x58, 0x4C, 0x00, 0x00, 0x74, 0x4C, 0x00, 0x00, 0x90, 0x4C, 0x00, 0x00,
    0xAC, 0x4C, 0x00, 0x00, 0xC8, 0x4C, 0x00, 0x00, 0xE4, 0x4C, 0x00, 0x00, 0x00, 0x4D, 0x00, 0x00,
    0x1C, 0x4D, 0x00, 0x00, 0x38, 0x4D, 0x00, 0x00, 0x54, 0x4D, 0x00, 0x00, 0x70, 0x4D, 0x00, 0x00,
    0x8C, 0x4D, 0x00, 0x00, 0xA8, 0x4D, 0x00, 0x00, 0xC4, 0x4D, 0x00, 0x00, 0xE0, 0x4D, 0x00, 0x00,
    0xFC, 0x4D, 0x00, 0x00, 0x18, 0x4E, 0x00, 0x00, 0x34, 0x4E, 0x00, 0x00, 0x50, 0x4E, 0x00, 0x00,
    0x74, 0x4E, 0x00, 0x00, 0x98, 0x4E, 0x00, 0x00, 0xB4, 0x4E, 0x00, 0x00, 0xD0, 0x4E, 0x00, 0x00,
    0xEC, 0x4E, 0x00, 0x00, 0x08, 0x4F, 0x00, 0x00, 0x24, 0x4F, 0x00, 0x00, 0x40, 0x4F, 0x00, 0x00,
    0x5C, 0x4F, 0x00, 0x00, 0x78, 0x4F, 0x00, 0x00, 0x94, 0x4F, 0x00, 0x00, 0xB0, 0x4F, 0x00, 0x00,
    0xCC, 0x4F, 0x00, 0x00, 0xF0, 0x4F, 0x00, 0x00, 0x14, 0x50, 0x00, 0x00, 0x30, 0x50, 0x00, 0x00,
    0x4C, 0x50, 0x00, 0x00, 0x68, 0x50, 0x00, 0x00, 0x84, 0x50, 0x00, 0x00, 0xA0, 0x50, 0x00, 0x00,
    0xBC, 0x50, 0x00, 0x00, 0xD8, 0x50, 0x00, 0x00, 0xF4, 0x50, 0x00, 0x00, 0x10, 0x51, 0x00, 0x00,
    0x2C, 0x51, 0x00, 0x00, 0x48, 0x51, 0x00, 0x00, 0x64, 0x51, 0x00, 0x00, 0x80, 0x51, 0x00, 0x00,
    0x9C, 0x51, 0x00, 0x00, 0xC0, 0x51, 0x00, 0x00, 0xDC, 0x51, 0x00, 0x00, 0xF8, 0x51, 0x00, 0x00,
    0x14, 0x52, 0x00, 0x00, 0x30, 0x52, 0x00, 0x00, 0x4C, 0x52, 0x00, 0x00, 0x68, 0x52, 0x00, 0x00,
    0x84, 0x52, 0x00, 0x00, 0xA0, 0x52, 0x00, 0x00, 0xBC, 0x52, 0x00, 0x00, 0xD8, 0x52, 0x00, 0x00,
    0xF4, 0x52, 0x00, 0x00, 0x10, 0x53, 0x00, 0x00, 0x2C, 0x53, 0x00, 0x00, 0x48, 0x53, 0x00, 0x00,
    0x6C, 0x53, 0x00, 0x00, 0x90, 0x53, 0x00, 0x00, 0xB4, 0x53, 0x00, 0x00, 0xD0, 0x53, 0x00, 0x00,
    0xEC, 0x53, 0x00, 0x00, 0x08, 0x54, 0x00, 0x00, 0x24, 0x54, 0x00, 0x00, 0x40, 0x54, 0x00, 0x00,
    0x5C, 0x54, 0x00, 0x00, 0x78, 0x54, 0x00, 0x00, 0x94, 0x54, 0x00, 0x00, 0xB0, 0x54, 0x00, 0x00,
    0xCC, 0x54, 0x00, 0x00, 0xE8, 0x54, 0x00, 0x00, 0x04, 0x55, 0x00, 0x00, 0x20, 0x55, 0x00, 0x00,
    0x3C, 0x55, 0x00, 0x00, 0x58, 0x55, 0x00, 0x00, 0x74, 0x55, 0x00, 0x00, 0x90, 0x55, 0x00, 0x00,
    0xAC, 0x55, 0x00, 0x00, 0xD0, 0x55, 0x00, 0x00, 0xF4, 0x55, 0x00, 0x00, 0x18, 0x56, 0x00, 0x00,
    0x34, 0x56, 0x00, 0x00, 0x50, 0x56, 0x00, 0x00, 0x6C, 0x56, 0x00, 0x00, 0x88, 0x56, 0x00, 0x00,
    0xA4, 0x56, 0x00, 0x00, 0xC0, 0x56, 0x00, 0x00, 0xDC, 0x56, 0x00, 0x00, 0x00, 0x57, 0x00, 0x00,
    0x24, 0x57, 0x00, 0x00, 0x40, 0x57, 0x00, 0x00, 0x5C, 0x57, 0x00, 0x00, 0x78, 0x57, 0x00, 0x00,
    0x94, 0x57, 0x00, 0x00, 0xB0, 0x57, 0x00, 0x00, 0xCC, 0x57, 0x00, 0x00, 0xE8, 0x57, 0x00, 0x00,
    0x04, 0x58, 0x00, 0x00, 0x28, 0x58, 0x00, 0x00, 0x44, 0x58, 0x00, 0x00, 0x60, 0x58, 0x00, 0x00,
    0x7C, 0x58, 0x00, 0x00, 0x98, 0x58, 0x00, 0x00, 0xB4, 0x58, 0x00, 0x00, 0xD0, 0x58, 0x00, 0x00,
    0xEC, 0x58, 0x00, 0x00, 0x08, 0x59, 0x00, 0x00, 0x24, 0x59, 0x00, 0x00, 0x40, 0x59, 0x00, 0x00,
    0x5C, 0x59, 0x00, 0x00, 0x78, 0x59, 0x00, 0x00, 0x94, 0x59, 0x00, 0x00, 0xB0, 0x59, 0x00, 0x00,
    0xCC, 0x59, 0x00, 0x00, 0xE8, 0x59, 0x00, 0x00, 0x04, 0x5A, 0x00, 0x00, 0x20, 0x5A, 0x00, 0x00,
    0x3C, 0x5A, 0x00, 0x00, 0x58, 0x5A, 0x00, 0x00, 0x74, 0x5A, 0x00, 0x00, 0x90, 0x5A, 0x00, 0x00,
    0xAC, 0x5A, 0x00, 0x00, 0xC8, 0x5A, 0x00, 0x00, 0xE4, 0x5A, 0x00, 0x00, 0x00, 0x5B, 0x00, 0x00,
    0x1C, 0x5B, 0x00, 0x00, 0x38, 0x5B, 0x00, 0x00, 0x54, 0x5B, 0x00, 0x00, 0x70, 0x5B, 0x00, 0x00,
    0x8C, 0x5B, 0x00, 0x00, 0xB0, 0x5B, 0x00, 0x00, 0xD4, 0x5B, 0x00, 0x00, 0xF8, 0x5B, 0x00, 0x00,
    0x1C, 0x5C, 0x00, 0x00, 0x38, 0x5C, 0x00, 0x00, 0x54, 0x5C, 0x00, 0x00, 0x70, 0x5C, 0x00, 0x00,
    0x8C, 0x5C, 0x00, 0x00, 0xA8, 0x5C, 0x00, 0x00, 0xC4, 0x5C, 0x00, 0x00, 0xE0, 0x5C, 0x00, 0x00,
    0xFC, 0x5C, 0x00, 0x00, 0x18, 0x5D, 0x00, 0x00, 0x34, 0x5D, 0x00, 0x00, 0x50, 0x5D, 0x00, 0x00,
    0x6C, 0x5D, 0x00, 0x00, 0x30, 0x75, 0x00, 0x00, 0x00, 0x00, 0x00, 0x00, 0x00, 0x00, 0x00, 0x00,
    0x03, 0x00, 0x00, 0x00, 0x80, 0x5D, 0x00, 0x00, 0x00, 0x00, 0x00, 0x00, 0x00, 0x00, 0x00, 0x00,
    0xFF, 0xFF, 0x00, 0x00, 0x31, 0x75, 0x00, 0x00, 0x00, 0x00, 0x00, 0x00, 0x00, 0x00, 0x00, 0x00,
    0x03, 0x00, 0x00, 0x00, 0x6C, 0x5D, 0x00, 0x00, 0x00, 0x00, 0x00, 0x00, 0x00, 0x00, 0x00, 0x00,
    0xFF, 0xFF, 0x00, 0x00, 0x32, 0x75, 0x00, 0x00, 0x00, 0x00, 0x00, 0x00, 0x00, 0x00, 0x00, 0x00,
    0x03, 0x00, 0x00, 0x00, 0x58, 0x5D, 0x00, 0x00, 0x00, 0x00, 0x00, 0x00, 0x00, 0x00, 0x00, 0x00,
    0xFF, 0xFF, 0x00, 0x00, 0x32, 0x75, 0x00, 0x00, 0x00, 0x00, 0x00, 0x00, 0x00, 0x00, 0x00, 0x00,
    0x03, 0x00, 0x00, 0x00, 0x44, 0x5D, 0x00, 0x00, 0x00, 0x00, 0x00, 0x00, 0x00, 0x00, 0x00, 0x00,
    0xFF, 0xFF, 0x00, 0x00, 0x33, 0x75, 0x00, 0x00, 0x00, 0x00, 0x00, 0x00, 0x00, 0x00, 0x00, 0x00,
    0x03, 0x00, 0x00, 0x00, 0x30, 0x5D, 0x00, 0x00, 0x01, 0x00, 0x00, 0x00, 0x34, 0x5D, 0x00, 0x00,
    0xFF, 0xFF, 0x00, 0x00, 0x34, 0x75, 0x00, 0x00, 0x00, 0x00, 0x00, 0x00, 0x00, 0x00, 0x00, 0x00,
    0x03, 0x00, 0x00, 0x00, 0x20, 0x5D, 0x00, 0x00, 0x00, 0x00, 0x00, 0x00, 0x00, 0x00, 0x00, 0x00,
    0xFF, 0xFF, 0x00, 0x00, 0x34, 0x75, 0x00, 0x00, 0x00, 0x00, 0x00, 0x00, 0x00, 0x00, 0x00, 0x00,
    0x03, 0x00, 0x00, 0x00, 0x0C, 0x5D, 0x00, 0x00, 0x00, 0x00, 0x00, 0x00, 0x00, 0x00, 0x00, 0x00,
    0xFF, 0xFF, 0x00, 0x00, 0x14, 0x04, 0x00, 0x00, 0x01, 0x00, 0x00, 0x00, 0x00, 0x5D, 0x00, 0x00,
    0x00, 0x00, 0x00, 0x00, 0x00, 0x00, 0x00, 0x00, 0x01, 0x00, 0x00, 0x00, 0xF4, 0x5C, 0x00, 0x00,
    0xFF, 0xFF, 0x00, 0x00, 0x01, 0x00, 0x00, 0x00, 0xEC, 0x5C, 0x00, 0x00, 0x30, 0x75, 0x00, 0x00,
    0x00, 0x00, 0x00, 0x00, 0x00, 0x00, 0x00, 0x00, 0x03, 0x00, 0x00, 0x00, 0xDC, 0x5C, 0x00, 0x00,
    0x00, 0x00, 0x00, 0x00, 0x00, 0x00, 0x00, 0x00, 0xFF, 0xFF, 0x00, 0x00, 0x31, 0x75, 0x00, 0x00,
    0x00, 0x00, 0x00, 0x00, 0x00, 0x00, 0x00, 0x00, 0x03, 0x00, 0x00, 0x00, 0xC8, 0x5C, 0x00, 0x00,
    0x00, 0x00, 0x00, 0x00, 0x00, 0x00, 0x00, 0x00, 0xFF, 0xFF, 0x00, 0x00, 0x32, 0x75, 0x00, 0x00,
    0x00, 0x00, 0x00, 0x00, 0x00, 0x00, 0x00, 0x00, 0x03, 0x00, 0x00, 0x00, 0xB4, 0x5C, 0x00, 0x00,
    0x00, 0x00, 0x00, 0x00, 0x00, 0x00, 0x00, 0x00, 0xFF, 0xFF, 0x00, 0x00, 0x32, 0x75, 0x00, 0x00,
    0x00, 0x00, 0x00, 0x00, 0x00, 0x00, 0x00, 0x00, 0x03, 0x00, 0x00, 0x00, 0xA0, 0x5C, 0x00, 0x00,
    0x00, 0x00, 0x00, 0x00, 0x00, 0x00, 0x00, 0x00, 0xFF, 0xFF, 0x00, 0x00, 0x34, 0x75, 0x00, 0x00,
    0x00, 0x00, 0x00, 0x00, 0x00, 0x00, 0x00, 0x00, 0x03, 0x00, 0x00, 0x00, 0x8C, 0x5C, 0x00, 0x00,
    0x00, 0x00, 0x00, 0x00, 0x00, 0x00, 0x00, 0x00, 0xFF, 0xFF, 0x00, 0x00, 0x30, 0x75, 0x00, 0x00,
    0x00, 0x00, 0x00, 0x00, 0x00, 0x00, 0x00, 0x00, 0x03, 0x00, 0x00, 0x00, 0x78, 0x5C, 0x00, 0x00,
    0x00, 0x00, 0x00, 0x00, 0x00, 0x00, 0x00, 0x00, 0xFF, 0xFF, 0x00, 0x00, 0x31, 0x75, 0x00, 0x00,
    0x00, 0x00, 0x00, 0x00, 0x00, 0x00, 0x00, 0x00, 0x03, 0x00, 0x00, 0x00, 0x64, 0x5C, 0x00, 0x00,
    0x00, 0x00, 0x00, 0x00, 0x00, 0x00, 0x00, 0x00, 0xFF, 0xFF, 0x00, 0x00, 0x32, 0x75, 0x00, 0x00,
    0x00, 0x00, 0x00, 0x00, 0x00, 0x00, 0x00, 0x00, 0x03, 0x00, 0x00, 0x00, 0x50, 0x5C, 0x00, 0x00,
    0x00, 0x00, 0x00, 0x00, 0x00, 0x00, 0x00, 0x00, 0xFF, 0xFF, 0x00, 0x00, 0x35, 0x75, 0x00, 0x00,
    0x00, 0x00, 0x00, 0x00, 0x00, 0x00, 0x00, 0x00, 0x03, 0x00, 0x00, 0x00, 0x3C, 0x5C, 0x00, 0x00,
    0x00, 0x00, 0x00, 0x00, 0x00, 0x00, 0x00, 0x00, 0xFF, 0xFF, 0x00, 0x00, 0x30, 0x75, 0x00, 0x00,
    0x00, 0x00, 0x00, 0x00, 0x00, 0x00, 0x00, 0x00, 0x03, 0x00, 0x00, 0x00, 0x28, 0x5C, 0x00, 0x00,
    0x00, 0x00, 0x00, 0x00, 0x00, 0x00, 0x00, 0x00, 0xFF, 0xFF, 0x00, 0x00, 0x34, 0x75, 0x00, 0x00,
    0x00, 0x00, 0x00, 0x00, 0x00, 0x00, 0x00, 0x00, 0x03, 0x00, 0x00, 0x00, 0x14, 0x5C, 0x00, 0x00,
    0x00, 0x00, 0x00, 0x00, 0x00, 0x00, 0x00, 0x00, 0xFF, 0xFF, 0x00, 0x00, 0x33, 0x75, 0x00, 0x00,
    0x00, 0x00, 0x00, 0x00, 0x00, 0x00, 0x00, 0x00, 0x03, 0x00, 0x00, 0x00, 0x00, 0x5C, 0x00, 0x00,
    0x01, 0x00, 0x00, 0x00, 0x04, 0x5C, 0x00, 0x00, 0xFF, 0xFF, 0x00, 0x00, 0x34, 0x75, 0x00, 0x00,
    0x00, 0x00, 0x00, 0x00, 0x00, 0x00, 0x00, 0x00, 0x03, 0x00, 0x00, 0x00, 0xF0, 0x5B, 0x00, 0x00,
    0x00, 0x00, 0x00, 0x00, 0x00, 0x00, 0x00, 0x00, 0xFF, 0xFF, 0x00, 0x00, 0x33, 0x75, 0x00, 0x00,
    0x00, 0x00, 0x00, 0x00, 0x00, 0x00, 0x00, 0x00, 0x03, 0x00, 0x00, 0x00, 0xDC, 0x5B, 0x00, 0x00,
    0x01, 0x00, 0x00, 0x00, 0xE0, 0x5B, 0x00, 0x00, 0xFF, 0xFF, 0x00, 0x00, 0x34, 0x75, 0x00, 0x00,
    0x00, 0x00, 0x00, 0x00, 0x00, 0x00, 0x00, 0x00, 0x03, 0x00, 0x00, 0x00, 0xCC, 0x5B, 0x00, 0x00,
    0x00, 0x00, 0x00, 0x00, 0x00, 0x00, 0x00, 0x00, 0xFF, 0xFF, 0x00, 0x00, 0x33, 0x75, 0x00, 0x00,
    0x00, 0x00, 0x00, 0x00, 0x00, 0x00, 0x00, 0x00, 0x03, 0x00, 0x00, 0x00, 0xB8, 0x5B, 0x00, 0x00,
    0x01, 0x00, 0x00, 0x00, 0xBC, 0x5B, 0x00, 0x00, 0xFF, 0xFF, 0x00, 0x00, 0x34, 0x75, 0x00, 0x00,
    0x00, 0x00, 0x00, 0x00, 0x00, 0x00, 0x00, 0x00, 0x03, 0x00, 0x00, 0x00, 0xA8, 0x5B, 0x00, 0x00,
    0x00, 0x00, 0x00, 0x00, 0x00, 0x00, 0x00, 0x00, 0xFF, 0xFF, 0x00, 0x00, 0x14, 0x04, 0x00, 0x00,
    0x01, 0x00, 0x00, 0x00, 0x9C, 0x5B, 0x00, 0x00, 0x00, 0x00, 0x00, 0x00, 0x00, 0x00, 0x00, 0x00,
    0x01, 0x00, 0x00, 0x00, 0x90, 0x5B, 0x00, 0x00, 0xFF, 0xFF, 0x00, 0x00, 0x01, 0x00, 0x00, 0x00,
    0x88, 0x5B, 0x00, 0x00, 0x14, 0x04, 0x00, 0x00, 0x01, 0x00, 0x00, 0x00, 0x80, 0x5B, 0x00, 0x00,
    0x00, 0x00, 0x00, 0x00, 0x00, 0x00, 0x00, 0x00, 0x01, 0x00, 0x00, 0x00, 0x74, 0x5B, 0x00, 0x00,
    0xFF, 0xFF, 0x00, 0x00, 0x01, 0x00, 0x00, 0x00, 0x6C, 0x5B, 0x00, 0x00, 0x14, 0x04, 0x00, 0x00,
    0x01, 0x00, 0x00, 0x00, 0x64, 0x5B, 0x00, 0x00, 0x00, 0x00, 0x00, 0x00, 0x00, 0x00, 0x00, 0x00,
    0x01, 0x00, 0x00, 0x00, 0x58, 0x5B, 0x00, 0x00, 0xFF, 0xFF, 0x00, 0x00, 0x01, 0x00, 0x00, 0x00,
    0x50, 0x5B, 0x00, 0x00, 0x30, 0x75, 0x00, 0x00, 0x00, 0x00, 0x00, 0x00, 0x00, 0x00, 0x00, 0x00,
    0x03, 0x00, 0x00, 0x00, 0x40, 0x5B, 0x00, 0x00, 0x00, 0x00, 0x00, 0x00, 0x00, 0x00, 0x00, 0x00,
    0xFF, 0xFF, 0x00, 0x00, 0x31, 0x75, 0x00, 0x00, 0x00, 0x00, 0x00, 0x00, 0x00, 0x00, 0x00, 0x00,
    0x03, 0x00, 0x00, 0x00, 0x2C, 0x5B, 0x00, 0x00, 0x00, 0x00, 0x00, 0x00, 0x00, 0x00, 0x00, 0x00,
    0xFF, 0xFF, 0x00, 0x00, 0x32, 0x75, 0x00, 0x00, 0x00, 0x00, 0x00, 0x00, 0x00, 0x00, 0x00, 0x00,
    0x03, 0x00, 0x00, 0x00, 0x18, 0x5B, 0x00, 0x00, 0x00, 0x00, 0x00, 0x00, 0x00, 0x00, 0x00, 0x00,
    0xFF, 0xFF, 0x00, 0x00, 0x36, 0x75, 0x00, 0x00, 0x00, 0x00, 0x00, 0x00, 0x00, 0x00, 0x00, 0x00,
    0x03, 0x00, 0x00, 0x00, 0x04, 0x5B, 0x00, 0x00, 0x00, 0x00, 0x00, 0x00, 0x00, 0x00, 0x00, 0x00,
    0xFF, 0xFF, 0x00, 0x00, 0x32, 0x75, 0x00, 0x00, 0x00, 0x00, 0x00, 0x00, 0x00, 0x00, 0x00, 0x00,
    0x03, 0x00, 0x00, 0x00, 0xF0, 0x5A, 0x00, 0x00, 0x01, 0x00, 0x00, 0x00, 0xF4, 0x5A, 0x00, 0x00,
    0xFF, 0xFF, 0x00, 0x00, 0x33, 0x75, 0x00, 0x00, 0x00, 0x00, 0x00, 0x00, 0x00, 0x00, 0x00, 0x00,
    0x03, 0x00, 0x00, 0x00, 0xE0, 0x5A, 0x00, 0x00, 0x01, 0x00, 0x00, 0x00, 0xE4, 0x5A, 0x00, 0x00,
    0xFF, 0xFF, 0x00, 0x00, 0x34, 0x75, 0x00, 0x00, 0x00, 0x00, 0x00, 0x00, 0x00, 0x00, 0x00, 0x00,
    0x03, 0x00, 0x00, 0x00, 0xD0, 0x5A, 0x00, 0x00, 0x00, 0x00, 0x00, 0x00, 0x00, 0x00, 0x00, 0x00,
    0xFF, 0xFF, 0x00, 0x00, 0x14, 0x04, 0x00, 0x00, 0x01, 0x00, 0x00, 0x00, 0xC4, 0x5A, 0x00, 0x00,
    0x00, 0x00, 0x00, 0x00, 0x00, 0x00, 0x00, 0x00, 0x01, 0x00, 0x00, 0x00, 0xB8, 0x5A, 0x00, 0x00,
    0xFF, 0xFF, 0x00, 0x00, 0x01, 0x00, 0x00, 0x00, 0xB0, 0x5A, 0x00, 0x00, 0x14, 0x04, 0x00, 0x00,
    0x01, 0x00, 0x00, 0x00, 0xA8, 0x5A, 0x00, 0x00, 0x00, 0x00, 0x00, 0x00, 0x00, 0x00, 0x00, 0x00,
    0x01, 0x00, 0x00, 0x00, 0x9C, 0x5A, 0x00, 0x00, 0xFF, 0xFF, 0x00, 0x00, 0x01, 0x00, 0x00, 0x00,
    0x94, 0x5A, 0x00, 0x00, 0x30, 0x75, 0x00, 0x00, 0x00, 0x00, 0x00, 0x00, 0x00, 0x00, 0x00, 0x00,
    0x03, 0x00, 0x00, 0x00, 0x84, 0x5A, 0x00, 0x00, 0x00, 0x00, 0x00, 0x00, 0x00, 0x00, 0x00, 0x00,
    0xFF, 0xFF, 0x00, 0x00, 0x31, 0x75, 0x00, 0x00, 0x00, 0x00, 0x00, 0x00, 0x00, 0x00, 0x00, 0x00,
    0x03, 0x00, 0x00, 0x00, 0x70, 0x5A, 0x00, 0x00, 0x00, 0x00, 0x00, 0x00, 0x00, 0x00, 0x00, 0x00,
    0xFF, 0xFF, 0x00, 0x00, 0x32, 0x75, 0x00, 0x00, 0x00, 0x00, 0x00, 0x00, 0x00, 0x00, 0x00, 0x00,
    0x03, 0x00, 0x00, 0x00, 0x5C, 0x5A, 0x00, 0x00, 0x00, 0x00, 0x00, 0x00, 0x00, 0x00, 0x00, 0x00,
    0xFF, 0xFF, 0x00, 0x00, 0x36, 0x75, 0x00, 0x00, 0x00, 0x00, 0x00, 0x00, 0x00, 0x00, 0x00, 0x00,
    0x03, 0x00, 0x00, 0x00, 0x48, 0x5A, 0x00, 0x00, 0x00, 0x00, 0x00, 0x00, 0x00, 0x00, 0x00, 0x00,
    0xFF, 0xFF, 0x00, 0x00, 0x32, 0x75, 0x00, 0x00, 0x00, 0x00, 0x00, 0x00, 0x00, 0x00, 0x00, 0x00,
    0x03, 0x00, 0x00, 0x00, 0x34, 0x5A, 0x00, 0x00, 0x01, 0x00, 0x00, 0x00, 0x38, 0x5A, 0x00, 0x00,
    0xFF, 0xFF, 0x00, 0x00, 0x33, 0x75, 0x00, 0x00, 0x00, 0x00, 0x00, 0x00, 0x00, 0x00, 0x00, 0x00,
    0x03, 0x00, 0x00, 0x00, 0x24, 0x5A, 0x00, 0x00, 0x01, 0x00, 0x00, 0x00, 0x28, 0x5A, 0x00, 0x00,
    0xFF, 0xFF, 0x00, 0x00, 0x34, 0x75, 0x00, 0x00, 0x00, 0x00, 0x00, 0x00, 0x00, 0x00, 0x00, 0x00,
    0x03, 0x00, 0x00, 0x00, 0x14, 0x5A, 0x00, 0x00, 0x00, 0x00, 0x00, 0x00, 0x00, 0x00, 0x00, 0x00,
    0xFF, 0xFF, 0x00, 0x00, 0x14, 0x04, 0x00, 0x00, 0x01, 0x00, 0x00, 0x00, 0x08, 0x5A, 0x00, 0x00,
    0x00, 0x00, 0x00, 0x00, 0x00, 0x00, 0x00, 0x00, 0x01, 0x00, 0x00, 0x00, 0xFC, 0x59, 0x00, 0x00,
    0xFF, 0xFF, 0x00, 0x00, 0x01, 0x00, 0x00, 0x00, 0xF4, 0x59, 0x00, 0x00, 0x14, 0x04, 0x00, 0x00,
    0x01, 0x00, 0x00, 0x00, 0xEC, 0x59, 0x00, 0x00, 0x00, 0x00, 0x00, 0x00, 0x00, 0x00, 0x00, 0x00,
    0x01, 0x00, 0x00, 0x00, 0xE0, 0x59, 0x00, 0x00, 0xFF, 0xFF, 0x00, 0x00, 0x01, 0x00, 0x00, 0x00,
    0xD8, 0x59, 0x00, 0x00, 0x30, 0x75, 0x00, 0x00, 0x00, 0x00, 0x00, 0x00, 0x00, 0x00, 0x00, 0x00,
    0x03, 0x00, 0x00, 0x00, 0xC8, 0x59, 0x00, 0x00, 0x00, 0x00, 0x00, 0x00, 0x00, 0x00, 0x00, 0x00,
    0xFF, 0xFF, 0x00, 0x00, 0x31, 0x75, 0x00, 0x00, 0x00, 0x00, 0x00, 0x00, 0x00, 0x00, 0x00, 0x00,
    0x03, 0x00, 0x00, 0x00, 0xB4, 0x59, 0x00, 0x00, 0x00, 0x00, 0x00, 0x00, 0x00, 0x00, 0x00, 0x00,
    0xFF, 0xFF, 0x00, 0x00, 0x32, 0x75, 0x00, 0x00, 0x00, 0x00, 0x00, 0x00, 0x00, 0x00, 0x00, 0x00,
    0x03, 0x00, 0x00, 0x00, 0xA0, 0x59, 0x00, 0x00, 0x00, 0x00, 0x00, 0x00, 0x00, 0x00, 0x00, 0x00,
    0xFF, 0xFF, 0x00, 0x00, 0x36, 0x75, 0x00, 0x00, 0x00, 0x00, 0x00, 0x00, 0x00, 0x00, 0x00, 0x00,
    0x03, 0x00, 0x00, 0x00, 0x8C, 0x59, 0x00, 0x00, 0x00, 0x00, 0x00, 0x00, 0x00, 0x00, 0x00, 0x00,
    0xFF, 0xFF, 0x00, 0x00, 0x32, 0x75, 0x00, 0x00, 0x00, 0x00, 0x00, 0x00, 0x00, 0x00, 0x00, 0x00,
    0x03, 0x00, 0x00, 0x00, 0x78, 0x59, 0x00, 0x00, 0x01, 0x00, 0x00, 0x00, 0x7C, 0x59, 0x00, 0x00,
    0xFF, 0xFF, 0x00, 0x00, 0x33, 0x75, 0x00, 0x00, 0x00, 0x00, 0x00, 0x00, 0x00, 0x00, 0x00, 0x00,
    0x03, 0x00, 0x00, 0x00, 0x68, 0x59, 0x00, 0x00, 0x01, 0x00, 0x00, 0x00, 0x6C, 0x59, 0x00, 0x00,
    0xFF, 0xFF, 0x00, 0x00, 0x34, 0x75, 0x00, 0x00, 0x00, 0x00, 0x00, 0x00, 0x00, 0x00, 0x00, 0x00,
    0x03, 0x00, 0x00, 0x00, 0x58, 0x59, 0x00, 0x00, 0x00, 0x00, 0x00, 0x00, 0x00, 0x00, 0x00, 0x00,
    0xFF, 0xFF, 0x00, 0x00, 0x14, 0x04, 0x00, 0x00, 0x01, 0x00, 0x00, 0x00, 0x4C, 0x59, 0x00, 0x00,
    0x00, 0x00, 0x00, 0x00, 0x00, 0x00, 0x00, 0x00, 0x01, 0x00, 0x00, 0x00, 0x40, 0x59, 0x00, 0x00,
    0xFF, 0xFF, 0x00, 0x00, 0x01, 0x00, 0x00, 0x00, 0x38, 0x59, 0x00, 0x00, 0x14, 0x04, 0x00, 0x00,
    0x01, 0x00, 0x00, 0x00, 0x30, 0x59, 0x00, 0x00, 0x00, 0x00, 0x00, 0x00, 0x00, 0x00, 0x00, 0x00,
    0x01, 0x00, 0x00, 0x00, 0x24, 0x59, 0x00, 0x00, 0xFF, 0xFF, 0x00, 0x00, 0x01, 0x00, 0x00, 0x00,
    0x1C, 0x59, 0x00, 0x00, 0x30, 0x75, 0x00, 0x00, 0x00, 0x00, 0x00, 0x00, 0x00, 0x00, 0x00, 0x00,
    0x03, 0x00, 0x00, 0x00, 0x0C, 0x59, 0x00, 0x00, 0x00, 0x00, 0x00, 0x00, 0x00, 0x00, 0x00, 0x00,
    0xFF, 0xFF, 0x00, 0x00, 0x31, 0x75, 0x00, 0x00, 0x00, 0x00, 0x00, 0x00, 0x00, 0x00, 0x00, 0x00,
    0x03, 0x00, 0x00, 0x00, 0xF8, 0x58, 0x00, 0x00, 0x00, 0x00, 0x00, 0x00, 0x00, 0x00, 0x00, 0x00,
    0xFF, 0xFF, 0x00, 0x00, 0x32, 0x75, 0x00, 0x00, 0x00, 0x00, 0x00, 0x00, 0x00, 0x00, 0x00, 0x00,
    0x03, 0x00, 0x00, 0x00, 0xE4, 0x58, 0x00, 0x00, 0x00, 0x00, 0x00, 0x00, 0x00, 0x00, 0x00, 0x00,
    0xFF, 0xFF, 0x00, 0x00, 0x34, 0x75, 0x00, 0x00, 0x00, 0x00, 0x00, 0x00, 0x00, 0x00, 0x00, 0x00,
    0x03, 0x00, 0x00, 0x00, 0xD0, 0x58, 0x00, 0x00, 0x00, 0x00, 0x00, 0x00, 0x00, 0x00, 0x00, 0x00,
    0xFF, 0xFF, 0x00, 0x00, 0x37, 0x75, 0x00, 0x00, 0x00, 0x00, 0x00, 0x00, 0x00, 0x00, 0x00, 0x00,
    0x03, 0x00, 0x00, 0x00, 0xBC, 0x58, 0x00, 0x00, 0x00, 0x00, 0x00, 0x00, 0x00, 0x00, 0x00, 0x00,
    0xFF, 0xFF, 0x00, 0x00, 0x32, 0x75, 0x00, 0x00, 0x00, 0x00, 0x00, 0x00, 0x00, 0x00, 0x00, 0x00,
    0x03, 0x00, 0x00, 0x00, 0xA8, 0x58, 0x00, 0x00, 0x01, 0x00, 0x00, 0x00, 0xAC, 0x58, 0x00, 0x00,
    0xFF, 0xFF, 0x00, 0x00, 0x14, 0x04, 0x00, 0x00, 0x01, 0x00, 0x00, 0x00, 0xA0, 0x58, 0x00, 0x00,
    0x00, 0x00, 0x00, 0x00, 0x00, 0x00, 0x00, 0x00, 0x01, 0x00, 0x00, 0x00, 0x94, 0x58, 0x00, 0x00,
    0xFF, 0xFF, 0x00, 0x00, 0x01, 0x00, 0x00, 0x00, 0x8C, 0x58, 0x00, 0x00, 0x30, 0x75, 0x00, 0x00,
    0x00, 0x00, 0x00, 0x00, 0x00, 0x00, 0x00, 0x00, 0x03, 0x00, 0x00, 0x00, 0x7C, 0x58, 0x00, 0x00,
    0x00, 0x00, 0x00, 0x00, 0x00, 0x00, 0x00, 0x00, 0xFF, 0xFF, 0x00, 0x00, 0x31, 0x75, 0x00, 0x00,
    0x00, 0x00, 0x00, 0x00, 0x00, 0x00, 0x00, 0x00, 0x03, 0x00, 0x00, 0x00, 0x68, 0x58, 0x00, 0x00,
    0x00, 0x00, 0x00, 0x00, 0x00, 0x00, 0x00, 0x00, 0xFF, 0xFF, 0x00, 0x00, 0x32, 0x75, 0x00, 0x00,
    0x00, 0x00, 0x00, 0x00, 0x00, 0x00, 0x00, 0x00, 0x03, 0x00, 0x00, 0x00, 0x54, 0x58, 0x00, 0x00,
    0x00, 0x00, 0x00, 0x00, 0x00, 0x00, 0x00, 0x00, 0xFF, 0xFF, 0x00, 0x00, 0x37, 0x75, 0x00, 0x00,
    0x00, 0x00, 0x00, 0x00, 0x00, 0x00, 0x00, 0x00, 0x03, 0x00, 0x00, 0x00, 0x40, 0x58, 0x00, 0x00,
    0x00, 0x00, 0x00, 0x00, 0x00, 0x00, 0x00, 0x00, 0xFF, 0xFF, 0x00, 0x00, 0x38, 0x75, 0x00, 0x00,
    0x00, 0x00, 0x00, 0x00, 0x00, 0x00, 0x00, 0x00, 0x03, 0x00, 0x00, 0x00, 0x2C, 0x58, 0x00, 0x00,
    0x00, 0x00, 0x00, 0x00, 0x00, 0x00, 0x00, 0x00, 0xFF, 0xFF, 0x00, 0x00, 0x34, 0x75, 0x00, 0x00,
    0x00, 0x00, 0x00, 0x00, 0x00, 0x00, 0x00, 0x00, 0x03, 0x00, 0x00, 0x00, 0x18, 0x58, 0x00, 0x00,
    0x00, 0x00, 0x00, 0x00, 0x00, 0x00, 0x00, 0x00, 0xFF, 0xFF, 0x00, 0x00, 0x32, 0x75, 0x00, 0x00,
    0x00, 0x00, 0x00, 0x00, 0x00, 0x00, 0x00, 0x00, 0x03, 0x00, 0x00, 0x00, 0x04, 0x58, 0x00, 0x00,
    0x01, 0x00, 0x00, 0x00, 0x08, 0x58, 0x00, 0x00, 0xFF, 0xFF, 0x00, 0x00, 0x14, 0x04, 0x00, 0x00,
    0x01, 0x00, 0x00, 0x00, 0xFC, 0x57, 0x00, 0x00, 0x00, 0x00, 0x00, 0x00, 0x00, 0x00, 0x00, 0x00,
    0x01, 0x00, 0x00, 0x00, 0xF0, 0x57, 0x00, 0x00, 0xFF, 0xFF, 0x00, 0x00, 0x01, 0x00, 0x00, 0x00,
    0xE8, 0x57, 0x00, 0x00, 0x30, 0x75, 0x00, 0x00, 0x00, 0x00, 0x00, 0x00, 0x00, 0x00, 0x00, 0x00,
    0x03, 0x00, 0x00, 0x00, 0xD8, 0x57, 0x00, 0x00, 0x00, 0x00, 0x00, 0x00, 0x00, 0x00, 0x00, 0x00,
    0xFF, 0xFF, 0x00, 0x00, 0x31, 0x75, 0x00, 0x00, 0x00, 0x00, 0x00, 0x00, 0x00, 0x00, 0x00, 0x00,
    0x03, 0x00, 0x00, 0x00, 0xC4, 0x57, 0x00, 0x00, 0x00, 0x00, 0x00, 0x00, 0x00, 0x00, 0x00, 0x00,
    0xFF, 0xFF, 0x00, 0x00, 0x32, 0x75, 0x00, 0x00, 0x00, 0x00, 0x00, 0x00, 0x00, 0x00, 0x00, 0x00,
    0x03, 0x00, 0x00, 0x00, 0xB0, 0x57, 0x00, 0x00, 0x00, 0x00, 0x00, 0x00, 0x00, 0x00, 0x00, 0x00,
    0xFF, 0xFF, 0x00, 0x00, 0x37, 0x75, 0x00, 0x00, 0x00, 0x00, 0x00, 0x00, 0x00, 0x00, 0x00, 0x00,
    0x03, 0x00, 0x00, 0x00, 0x9C, 0x57, 0x00, 0x00, 0x00, 0x00, 0x00, 0x00, 0x00, 0x00, 0x00, 0x00,
    0xFF, 0xFF, 0x00, 0x00, 0x38, 0x75, 0x00, 0x00, 0x00, 0x00, 0x00, 0x00, 0x00, 0x00, 0x00, 0x00,
    0x03, 0x00, 0x00, 0x00, 0x88, 0x57, 0x00, 0x00, 0x00, 0x00, 0x00, 0x00, 0x00, 0x00, 0x00, 0x00,
    0xFF, 0xFF, 0x00, 0x00, 0x34, 0x75, 0x00, 0x00, 0x00, 0x00, 0x00, 0x00, 0x00, 0x00, 0x00, 0x00,
    0x03, 0x00, 0x00, 0x00, 0x74, 0x57, 0x00, 0x00, 0x00, 0x00, 0x00, 0x00, 0x00, 0x00, 0x00, 0x00,
    0xFF, 0xFF, 0x00, 0x00, 0x32, 0x75, 0x00, 0x00, 0x00, 0x00, 0x00, 0x00, 0x00, 0x00, 0x00, 0x00,
    0x03, 0x00, 0x00, 0x00, 0x60, 0x57, 0x00, 0x00, 0x01, 0x00, 0x00, 0x00, 0x64, 0x57, 0x00, 0x00,
    0xFF, 0xFF, 0x00, 0x00, 0x14, 0x04, 0x00, 0x00, 0x01, 0x00, 0x00, 0x00, 0x58, 0x57, 0x00, 0x00,
    0x00, 0x00, 0x00, 0x00, 0x00, 0x00, 0x00, 0x00, 0x01, 0x00, 0x00, 0x00, 0x4C, 0x57, 0x00, 0x00,
    0xFF, 0xFF, 0x00, 0x00, 0x01, 0x00, 0x00, 0x00, 0x44, 0x57, 0x00, 0x00, 0x30, 0x75, 0x00, 0x00,
    0x00, 0x00, 0x00, 0x00, 0x00, 0x00, 0x00, 0x00, 0x03, 0x00, 0x00, 0x00, 0x34, 0x57, 0x00, 0x00,
    0x00, 0x00, 0x00, 0x00, 0x00, 0x00, 0x00, 0x00, 0xFF, 0xFF, 0x00, 0x00, 0x31, 0x75, 0x00, 0x00,
    0x00, 0x00, 0x00, 0x00, 0x00, 0x00, 0x00, 0x00, 0x03, 0x00, 0x00, 0x00, 0x20, 0x57, 0x00, 0x00,
    0x00, 0x00, 0x00, 0x00, 0x00, 0x00, 0x00, 0x00, 0xFF, 0xFF, 0x00, 0x00, 0x32, 0x75, 0x00, 0x00,
    0x00, 0x00, 0x00, 0x00, 0x00, 0x00, 0x00, 0x00, 0x03, 0x00, 0x00, 0x00, 0x0C, 0x57, 0x00, 0x00,
    0x00, 0x00, 0x00, 0x00, 0x00, 0x00, 0x00, 0x00, 0xFF, 0xFF, 0x00, 0x00, 0x37, 0x75, 0x00, 0x00,
    0x00, 0x00, 0x00, 0x00, 0x00, 0x00, 0x00, 0x00, 0x03, 0x00, 0x00, 0x00, 0xF8, 0x56, 0x00, 0x00,
    0x00, 0x00, 0x00, 0x00, 0x00, 0x00, 0x00, 0x00, 0xFF, 0xFF, 0x00, 0x00, 0x30, 0x75, 0x00, 0x00,
    0x00, 0x00, 0x00, 0x00, 0x00, 0x00, 0x00, 0x00, 0x03, 0x00, 0x00, 0x00, 0xE4, 0x56, 0x00, 0x00,
    0x00, 0x00, 0x00, 0x00, 0x00, 0x00, 0x00, 0x00, 0xFF, 0xFF, 0x00, 0x00, 0x34, 0x75, 0x00, 0x00,
    0x00, 0x00, 0x00, 0x00, 0x00, 0x00, 0x00, 0x00, 0x03, 0x00, 0x00, 0x00, 0xD0, 0x56, 0x00, 0x00,
    0x00, 0x00, 0x00, 0x00, 0x00, 0x00, 0x00, 0x00, 0xFF, 0xFF, 0x00, 0x00, 0x30, 0x75, 0x00, 0x00,
    0x00, 0x00, 0x00, 0x00, 0x00, 0x00, 0x00, 0x00, 0x03, 0x00, 0x00, 0x00, 0xBC, 0x56, 0x00, 0x00,
    0x00, 0x00, 0x00, 0x00, 0x00, 0x00, 0x00, 0x00, 0xFF, 0xFF, 0x00, 0x00, 0x34, 0x75, 0x00, 0x00,
    0x00, 0x00, 0x00, 0x00, 0x00, 0x00, 0x00, 0x00, 0x03, 0x00, 0x00, 0x00, 0xA8, 0x56, 0x00, 0x00,
    0x00, 0x00, 0x00, 0x00, 0x00, 0x00, 0x00, 0x00, 0xFF, 0xFF, 0x00, 0x00, 0x32, 0x75, 0x00, 0x00,
    0x00, 0x00, 0x00, 0x00, 0x00, 0x00, 0x00, 0x00, 0x03, 0x00, 0x00, 0x00, 0x94, 0x56, 0x00, 0x00,
    0x01, 0x00, 0x00, 0x00, 0x98, 0x56, 0x00, 0x00, 0xFF, 0xFF, 0x00, 0x00, 0x14, 0x04, 0x00, 0x00,
    0x01, 0x00, 0x00, 0x00, 0x8C, 0x56, 0x00, 0x00, 0x00, 0x00, 0x00, 0x00, 0x00, 0x00, 0x00, 0x00,
    0x01, 0x00, 0x00, 0x00, 0x80, 0x56, 0x00, 0x00, 0xFF, 0xFF, 0x00, 0x00, 0x01, 0x00, 0x00, 0x00,
    0x78, 0x56, 0x00, 0x00, 0x30, 0x75, 0x00, 0x00, 0x00, 0x00, 0x00, 0x00, 0x00, 0x00, 0x00, 0x00,
    0x03, 0x00, 0x00, 0x00, 0x68, 0x56, 0x00, 0x00, 0x00, 0x00, 0x00, 0x00, 0x00, 0x00, 0x00, 0x00,
    0xFF, 0xFF, 0x00, 0x00, 0x31, 0x75, 0x00, 0x00, 0x00, 0x00, 0x00, 0x00, 0x00, 0x00, 0x00, 0x00,
    0x03, 0x00, 0x00, 0x00, 0x54, 0x56, 0x00, 0x00, 0x00, 0x00, 0x00, 0x00, 0x00, 0x00, 0x00, 0x00,
    0xFF, 0xFF, 0x00, 0x00, 0x32, 0x75, 0x00, 0x00, 0x00, 0x00, 0x00, 0x00, 0x00, 0x00, 0x00, 0x00,
    0x03, 0x00, 0x00, 0x00, 0x40, 0x56, 0x00, 0x00, 0x00, 0x00, 0x00, 0x00, 0x00, 0x00, 0x00, 0x00,
    0xFF, 0xFF, 0x00, 0x00, 0x35, 0x75, 0x00, 0x00, 0x00, 0x00, 0x00, 0x00, 0x00, 0x00, 0x00, 0x00,
    0x03, 0x00, 0x00, 0x00, 0x2C, 0x56, 0x00, 0x00, 0x00, 0x00, 0x00, 0x00, 0x00, 0x00, 0x00, 0x00,
    0xFF, 0xFF, 0x00, 0x00, 0x30, 0x75, 0x00, 0x00, 0x00, 0x00, 0x00, 0x00, 0x00, 0x00, 0x00, 0x00,
    0x03, 0x00, 0x00, 0x00, 0x18, 0x56, 0x00, 0x00, 0x00, 0x00, 0x00, 0x00, 0x00, 0x00, 0x00, 0x00,
    0xFF, 0xFF, 0x00, 0x00, 0x34, 0x75, 0x00, 0x00, 0x00, 0x00, 0x00, 0x00, 0x00, 0x00, 0x00, 0x00,
    0x03, 0x00, 0x00, 0x00, 0x04, 0x56, 0x00, 0x00, 0x00, 0x00, 0x00, 0x00, 0x00, 0x00, 0x00, 0x00,
    0xFF, 0xFF, 0x00, 0x00, 0x34, 0x75, 0x00, 0x00, 0x00, 0x00, 0x00, 0x00, 0x00, 0x00, 0x00, 0x00,
    0x03, 0x00, 0x00, 0x00, 0xF0, 0x55, 0x00, 0x00, 0x00, 0x00, 0x00, 0x00, 0x00, 0x00, 0x00, 0x00,
    0xFF, 0xFF, 0x00, 0x00, 0x30, 0x75, 0x00, 0x00, 0x00, 0x00, 0x00, 0x00, 0x00, 0x00, 0x00, 0x00,
    0x03, 0x00, 0x00, 0x00, 0xDC, 0x55, 0x00, 0x00, 0x00, 0x00, 0x00, 0x00, 0x00, 0x00, 0x00, 0x00,
    0xFF, 0xFF, 0x00, 0x00, 0x34, 0x75, 0x00, 0x00, 0x00, 0x00, 0x00, 0x00, 0x00, 0x00, 0x00, 0x00,
    0x03, 0x00, 0x00, 0x00, 0xC8, 0x55, 0x00, 0x00, 0x00, 0x00, 0x00, 0x00, 0x00, 0x00, 0x00, 0x00,
    0xFF, 0xFF, 0x00, 0x00, 0x34, 0x75, 0x00, 0x00, 0x00, 0x00, 0x00, 0x00, 0x00, 0x00, 0x00, 0x00,
    0x03, 0x00, 0x00, 0x00, 0xB4, 0x55, 0x00, 0x00, 0x00, 0x00, 0x00, 0x00, 0x00, 0x00, 0x00, 0x00,
    0xFF, 0xFF, 0x00, 0x00, 0x30, 0x75, 0x00, 0x00, 0x00, 0x00, 0x00, 0x00, 0x00, 0x00, 0x00, 0x00,
    0x03, 0x00, 0x00, 0x00, 0xA0, 0x55, 0x00, 0x00, 0x00, 0x00, 0x00, 0x00, 0x00, 0x00, 0x00, 0x00,
    0xFF, 0xFF, 0x00, 0x00, 0x34, 0x75, 0x00, 0x00, 0x00, 0x00, 0x00, 0x00, 0x00, 0x00, 0x00, 0x00,
    0x03, 0x00, 0x00, 0x00, 0x8C, 0x55, 0x00, 0x00, 0x00, 0x00, 0x00, 0x00, 0x00, 0x00, 0x00, 0x00,
    0xFF, 0xFF, 0x00, 0x00, 0x34, 0x75, 0x00, 0x00, 0x00, 0x00, 0x00, 0x00, 0x00, 0x00, 0x00, 0x00,
    0x03, 0x00, 0x00, 0x00, 0x78, 0x55, 0x00, 0x00, 0x00, 0x00, 0x00, 0x00, 0x00, 0x00, 0x00, 0x00,
    0xFF, 0xFF, 0x00, 0x00, 0x30, 0x75, 0x00, 0x00, 0x00, 0x00, 0x00, 0x00, 0x00, 0x00, 0x00, 0x00,
    0x03, 0x00, 0x00, 0x00, 0x64, 0x55, 0x00, 0x00, 0x00, 0x00, 0x00, 0x00, 0x00, 0x00, 0x00, 0x00,
    0xFF, 0xFF, 0x00, 0x00, 0x34, 0x75, 0x00, 0x00, 0x00, 0x00, 0x00, 0x00, 0x00, 0x00, 0x00, 0x00,
    0x03, 0x00, 0x00, 0x00, 0x50, 0x55, 0x00, 0x00, 0x00, 0x00, 0x00, 0x00, 0x00, 0x00, 0x00, 0x00,
    0xFF, 0xFF, 0x00, 0x00, 0x34, 0x75, 0x00, 0x00, 0x00, 0x00, 0x00, 0x00, 0x00, 0x00, 0x00, 0x00,
    0x03, 0x00, 0x00, 0x00, 0x3C, 0x55, 0x00, 0x00, 0x00, 0x00, 0x00, 0x00, 0x00, 0x00, 0x00, 0x00,
    0xFF, 0xFF, 0x00, 0x00, 0x30, 0x75, 0x00, 0x00, 0x00, 0x00, 0x00, 0x00, 0x00, 0x00, 0x00, 0x00,
    0x03, 0x00, 0x00, 0x00, 0x28, 0x55, 0x00, 0x00, 0x00, 0x00, 0x00, 0x00, 0x00, 0x00, 0x00, 0x00,
    0xFF, 0xFF, 0x00, 0x00, 0x34, 0x75, 0x00, 0x00, 0x00, 0x00, 0x00, 0x00, 0x00, 0x00, 0x00, 0x00,
    0x03, 0x00, 0x00, 0x00, 0x14, 0x55, 0x00, 0x00, 0x00, 0x00, 0x00, 0x00, 0x00, 0x00, 0x00, 0x00,
    0xFF, 0xFF, 0x00, 0x00, 0x34, 0x75, 0x00, 0x00, 0x00, 0x00, 0x00, 0x00, 0x00, 0x00, 0x00, 0x00,
    0x03, 0x00, 0x00, 0x00, 0x00, 0x55, 0x00, 0x00, 0x00, 0x00, 0x00, 0x00, 0x00, 0x00, 0x00, 0x00,
    0xFF, 0xFF, 0x00, 0x00, 0x30, 0x75, 0x00, 0x00, 0x00, 0x00, 0x00, 0x00, 0x00, 0x00, 0x00, 0x00,
    0x03, 0x00, 0x00, 0x00, 0xEC, 0x54, 0x00, 0x00, 0x00, 0x00, 0x00, 0x00, 0x00, 0x00, 0x00, 0x00,
    0xFF, 0xFF, 0x00, 0x00, 0x34, 0x75, 0x00, 0x00, 0x00, 0x00, 0x00, 0x00, 0x00, 0x00, 0x00, 0x00,
    0x03, 0x00, 0x00, 0x00, 0xD8, 0x54, 0x00, 0x00, 0x00, 0x00, 0x00, 0x00, 0x00, 0x00, 0x00, 0x00,
    0xFF, 0xFF, 0x00, 0x00, 0x32, 0x75, 0x00, 0x00, 0x00, 0x00, 0x00, 0x00, 0x00, 0x00, 0x00, 0x00,
    0x03, 0x00, 0x00, 0x00, 0xC4, 0x54, 0x00, 0x00, 0x01, 0x00, 0x00, 0x00, 0xC8, 0x54, 0x00, 0x00,
    0xFF, 0xFF, 0x00, 0x00, 0x14, 0x04, 0x00, 0x00, 0x01, 0x00, 0x00, 0x00, 0xBC, 0x54, 0x00, 0x00,
    0x00, 0x00, 0x00, 0x00, 0x00, 0x00, 0x00, 0x00, 0x01, 0x00, 0x00, 0x00, 0xB0, 0x54, 0x00, 0x00,
    0xFF, 0xFF, 0x00, 0x00, 0x01, 0x00, 0x00, 0x00, 0xA8, 0x54, 0x00, 0x00, 0x30, 0x75, 0x00, 0x00,
    0x00, 0x00, 0x00, 0x00, 0x00, 0x00, 0x00, 0x00, 0x03, 0x00, 0x00, 0x00, 0x98, 0x54, 0x00, 0x00,
    0x00, 0x00, 0x00, 0x00, 0x00, 0x00, 0x00, 0x00, 0xFF, 0xFF, 0x00, 0x00, 0x31, 0x75, 0x00, 0x00,
    0x00, 0x00, 0x00, 0x00, 0x00, 0x00, 0x00, 0x00, 0x03, 0x00, 0x00, 0x00, 0x84, 0x54, 0x00, 0x00,
    0x00, 0x00, 0x00, 0x00, 0x00, 0x00, 0x00, 0x00, 0xFF, 0xFF, 0x00, 0x00, 0x32, 0x75, 0x00, 0x00,
    0x00, 0x00, 0x00, 0x00, 0x00, 0x00, 0x00, 0x00, 0x03, 0x00, 0x00, 0x00, 0x70, 0x54, 0x00, 0x00,
    0x00, 0x00, 0x00, 0x00, 0x00, 0x00, 0x00, 0x00, 0xFF, 0xFF, 0x00, 0x00, 0x32, 0x75, 0x00, 0x00,
    0x00, 0x00, 0x00, 0x00, 0x00, 0x00, 0x00, 0x00, 0x03, 0x00, 0x00, 0x00, 0x5C, 0x54, 0x00, 0x00,
    0x00, 0x00, 0x00, 0x00, 0x00, 0x00, 0x00, 0x00, 0xFF, 0xFF, 0x00, 0x00, 0x35, 0x75, 0x00, 0x00,
    0x00, 0x00, 0x00, 0x00, 0x00, 0x00, 0x00, 0x00, 0x03, 0x00, 0x00, 0x00, 0x48, 0x54, 0x00, 0x00,
    0x00, 0x00, 0x00, 0x00, 0x00, 0x00, 0x00, 0x00, 0xFF, 0xFF, 0x00, 0x00, 0x30, 0x75, 0x00, 0x00,
    0x00, 0x00, 0x00, 0x00, 0x00, 0x00, 0x00, 0x00, 0x03, 0x00, 0x00, 0x00, 0x34, 0x54, 0x00, 0x00,
    0x00, 0x00, 0x00, 0x00, 0x00, 0x00, 0x00, 0x00, 0xFF, 0xFF, 0x00, 0x00, 0x34, 0x75, 0x00, 0x00,
    0x00, 0x00, 0x00, 0x00, 0x00, 0x00, 0x00, 0x00, 0x03, 0x00, 0x00, 0x00, 0x20, 0x54, 0x00, 0x00,
    0x00, 0x00, 0x00, 0x00, 0x00, 0x00, 0x00, 0x00, 0xFF, 0xFF, 0x00, 0x00, 0x35, 0x75, 0x00, 0x00,
    0x00, 0x00, 0x00, 0x00, 0x00, 0x00, 0x00, 0x00, 0x03, 0x00, 0x00, 0x00, 0x0C, 0x54, 0x00, 0x00,
    0x00, 0x00, 0x00, 0x00, 0x00, 0x00, 0x00, 0x00, 0xFF, 0xFF, 0x00, 0x00, 0x30, 0x75, 0x00, 0x00,
    0x00, 0x00, 0x00, 0x00, 0x00, 0x00, 0x00, 0x00, 0x03, 0x00, 0x00, 0x00, 0xF8, 0x53, 0x00, 0x00,
    0x00, 0x00, 0x00, 0x00, 0x00, 0x00, 0x00, 0x00, 0xFF, 0xFF, 0x00, 0x00, 0x34, 0x75, 0x00, 0x00,
    0x00, 0x00, 0x00, 0x00, 0x00, 0x00, 0x00, 0x00, 0x03, 0x00, 0x00, 0x00, 0xE4, 0x53, 0x00, 0x00,
    0x00, 0x00, 0x00, 0x00, 0x00, 0x00, 0x00, 0x00, 0xFF, 0xFF, 0x00, 0x00, 0x30, 0x75, 0x00, 0x00,
    0x00, 0x00, 0x00, 0x00, 0x00, 0x00, 0x00, 0x00, 0x03, 0x00, 0x00, 0x00, 0xD0, 0x53, 0x00, 0x00,
    0x00, 0x00, 0x00, 0x00, 0x00, 0x00, 0x00, 0x00, 0xFF, 0xFF, 0x00, 0x00, 0x34, 0x75, 0x00, 0x00,
    0x00, 0x00, 0x00, 0x00, 0x00, 0x00, 0x00, 0x00, 0x03, 0x00, 0x00, 0x00, 0xBC, 0x53, 0x00, 0x00,
    0x00, 0x00, 0x00, 0x00, 0x00, 0x00, 0x00, 0x00, 0xFF, 0xFF, 0x00, 0x00, 0x32, 0x75, 0x00, 0x00,
    0x00, 0x00, 0x00, 0x00, 0x00, 0x00, 0x00, 0x00, 0x03, 0x00, 0x00, 0x00, 0xA8, 0x53, 0x00, 0x00,
    0x01, 0x00, 0x00, 0x00, 0xAC, 0x53, 0x00, 0x00, 0xFF, 0xFF, 0x00, 0x00, 0x14, 0x04, 0x00, 0x00,
    0x01, 0x00, 0x00, 0x00, 0xA0, 0x53, 0x00, 0x00, 0x00, 0x00, 0x00, 0x00, 0x00, 0x00, 0x00, 0x00,
    0x01, 0x00, 0x00, 0x00, 0x94, 0x53, 0x00, 0x00, 0xFF, 0xFF, 0x00, 0x00, 0x01, 0x00, 0x00, 0x00,
    0x8C, 0x53, 0x00, 0x00, 0x30, 0x75, 0x00, 0x00, 0x00, 0x00, 0x00, 0x00, 0x00, 0x00, 0x00, 0x00,
    0x03, 0x00, 0x00, 0x00, 0x7C, 0x53, 0x00, 0x00, 0x00, 0x00, 0x00, 0x00, 0x00, 0x00, 0x00, 0x00,
    0xFF, 0xFF, 0x00, 0x00, 0x31, 0x75, 0x00, 0x00, 0x00, 0x00, 0x00, 0x00, 0x00, 0x00, 0x00, 0x00,
    0x03, 0x00, 0x00, 0x00, 0x68, 0x53, 0x00, 0x00, 0x00, 0x00, 0x00, 0x00, 0x00, 0x00, 0x00, 0x00,
    0xFF, 0xFF, 0x00, 0x00, 0x32, 0x75, 0x00, 0x00, 0x00, 0x00, 0x00, 0x00, 0x00, 0x00, 0x00, 0x00,
    0x03, 0x00, 0x00, 0x00, 0x54, 0x53, 0x00, 0x00, 0x00, 0x00, 0x00, 0x00, 0x00, 0x00, 0x00, 0x00,
    0xFF, 0xFF, 0x00, 0x00, 0x34, 0x75, 0x00, 0x00, 0x00, 0x00, 0x00, 0x00, 0x00, 0x00, 0x00, 0x00,
    0x03, 0x00, 0x00, 0x00, 0x40, 0x53, 0x00, 0x00, 0x00, 0x00, 0x00, 0x00, 0x00, 0x00, 0x00, 0x00,
    0xFF, 0xFF, 0x00, 0x00, 0x35, 0x75, 0x00, 0x00, 0x00, 0x00, 0x00, 0x00, 0x00, 0x00, 0x00, 0x00,
    0x03, 0x00, 0x00, 0x00, 0x2C, 0x53, 0x00, 0x00, 0x00, 0x00, 0x00, 0x00, 0x00, 0x00, 0x00, 0x00,
    0xFF, 0xFF, 0x00, 0x00, 0x33, 0x75, 0x00, 0x00, 0x00, 0x00, 0x00, 0x00, 0x00, 0x00, 0x00, 0x00,
    0x03, 0x00, 0x00, 0x00, 0x18, 0x53, 0x00, 0x00, 0x01, 0x00, 0x00, 0x00, 0x1C, 0x53, 0x00, 0x00,
    0xFF, 0xFF, 0x00, 0x00, 0x34, 0x75, 0x00, 0x00, 0x00, 0x00, 0x00, 0x00, 0x00, 0x00, 0x00, 0x00,
    0x03, 0x00, 0x00, 0x00, 0x08, 0x53, 0x00, 0x00, 0x00, 0x00, 0x00, 0x00, 0x00, 0x00, 0x00, 0x00,
    0xFF, 0xFF, 0x00, 0x00, 0x35, 0x75, 0x00, 0x00, 0x00, 0x00, 0x00, 0x00, 0x00, 0x00, 0x00, 0x00,
    0x03, 0x00, 0x00, 0x00, 0xF4, 0x52, 0x00, 0x00, 0x00, 0x00, 0x00, 0x00, 0x00, 0x00, 0x00, 0x00,
    0xFF, 0xFF, 0x00, 0x00, 0x33, 0x75, 0x00, 0x00, 0x00, 0x00, 0x00, 0x00, 0x00, 0x00, 0x00, 0x00,
    0x03, 0x00, 0x00, 0x00, 0xE0, 0x52, 0x00, 0x00, 0x01, 0x00, 0x00, 0x00, 0xE4, 0x52, 0x00, 0x00,
    0xFF, 0xFF, 0x00, 0x00, 0x34, 0x75, 0x00, 0x00, 0x00, 0x00, 0x00, 0x00, 0x00, 0x00, 0x00, 0x00,
    0x03, 0x00, 0x00, 0x00, 0xD0, 0x52, 0x00, 0x00, 0x00, 0x00, 0x00, 0x00, 0x00, 0x00, 0x00, 0x00,
    0xFF, 0xFF, 0x00, 0x00, 0x32, 0x75, 0x00, 0x00, 0x00, 0x00, 0x00, 0x00, 0x00, 0x00, 0x00, 0x00,
    0x03, 0x00, 0x00, 0x00, 0xBC, 0x52, 0x00, 0x00, 0x01, 0x00, 0x00, 0x00, 0xC0, 0x52, 0x00, 0x00,
    0xFF, 0xFF, 0x00, 0x00, 0x14, 0x04, 0x00, 0x00, 0x01, 0x00, 0x00, 0x00, 0xB4, 0x52, 0x00, 0x00,
    0x00, 0x00, 0x00, 0x00, 0x00, 0x00, 0x00, 0x00, 0x01, 0x00, 0x00, 0x00, 0xA8, 0x52, 0x00, 0x00,
    0xFF, 0xFF, 0x00, 0x00, 0x01, 0x00, 0x00, 0x00, 0xA0, 0x52, 0x00, 0x00, 0x14, 0x04, 0x00, 0x00,
    0x01, 0x00, 0x00, 0x00, 0x98, 0x52, 0x00, 0x00, 0x00, 0x00, 0x00, 0x00, 0x00, 0x00, 0x00, 0x00,
    0x01, 0x00, 0x00, 0x00, 0x8C, 0x52, 0x00, 0x00, 0xFF, 0xFF, 0x00, 0x00, 0x01, 0x00, 0x00, 0x00,
    0x84, 0x52, 0x00, 0x00, 0x14, 0x04, 0x00, 0x00, 0x01, 0x00, 0x00, 0x00, 0x7C, 0x52, 0x00, 0x00,
    0x00, 0x00, 0x00, 0x00, 0x00, 0x00, 0x00, 0x00, 0x01, 0x00, 0x00, 0x00, 0x70, 0x52, 0x00, 0x00,
    0xFF, 0xFF, 0x00, 0x00, 0x01, 0x00, 0x00, 0x00, 0x68, 0x52, 0x00, 0x00, 0x30, 0x75, 0x00, 0x00,
    0x00, 0x00, 0x00, 0x00, 0x00, 0x00, 0x00, 0x00, 0x03, 0x00, 0x00, 0x00, 0x58, 0x52, 0x00, 0x00,
    0x00, 0x00, 0x00, 0x00, 0x00, 0x00, 0x00, 0x00, 0xFF, 0xFF, 0x00, 0x00, 0x31, 0x75, 0x00, 0x00,
    0x00, 0x00, 0x00, 0x00, 0x00, 0x00, 0x00, 0x00, 0x03, 0x00, 0x00, 0x00, 0x44, 0x52, 0x00, 0x00,
    0x00, 0x00, 0x00, 0x00, 0x00, 0x00, 0x00, 0x00, 0xFF, 0xFF, 0x00, 0x00, 0x32, 0x75, 0x00, 0x00,
    0x00, 0x00, 0x00, 0x00, 0x00, 0x00, 0x00, 0x00, 0x03, 0x00, 0x00, 0x00, 0x30, 0x52, 0x00, 0x00,
    0x00, 0x00, 0x00, 0x00, 0x00, 0x00, 0x00, 0x00, 0xFF, 0xFF, 0x00, 0x00, 0x32, 0x75, 0x00, 0x00,
    0x00, 0x00, 0x00, 0x00, 0x00, 0x00, 0x00, 0x00, 0x03, 0x00, 0x00, 0x00, 0x1C, 0x52, 0x00, 0x00,
    0x01, 0x00, 0x00, 0x00, 0x20, 0x52, 0x00, 0x00, 0xFF, 0xFF, 0x00, 0x00, 0x36, 0x75, 0x00, 0x00,
    0x00, 0x00, 0x00, 0x00, 0x00, 0x00, 0x00, 0x00, 0x03, 0x00, 0x00, 0x00, 0x0C, 0x52, 0x00, 0x00,
    0x00, 0x00, 0x00, 0x00, 0x00, 0x00, 0x00, 0x00, 0xFF, 0xFF, 0x00, 0x00, 0x33, 0x75, 0x00, 0x00,
    0x00, 0x00, 0x00, 0x00, 0x00, 0x00, 0x00, 0x00, 0x03, 0x00, 0x00, 0x00, 0xF8, 0x51, 0x00, 0x00,
    0x01, 0x00, 0x00, 0x00, 0xFC, 0x51, 0x00, 0x00, 0xFF, 0xFF, 0x00, 0x00, 0x34, 0x75, 0x00, 0x00,
    0x00, 0x00, 0x00, 0x00, 0x00, 0x00, 0x00, 0x00, 0x03, 0x00, 0x00, 0x00, 0xE8, 0x51, 0x00, 0x00,
    0x00, 0x00, 0x00, 0x00, 0x00, 0x00, 0x00, 0x00, 0xFF, 0xFF, 0x00, 0x00, 0x14, 0x04, 0x00, 0x00,
    0x01, 0x00, 0x00, 0x00, 0xDC, 0x51, 0x00, 0x00, 0x00, 0x00, 0x00, 0x00, 0x00, 0x00, 0x00, 0x00,
    0x01, 0x00, 0x00, 0x00, 0xD0, 0x51, 0x00, 0x00, 0xFF, 0xFF, 0x00, 0x00, 0x01, 0x00, 0x00, 0x00,
    0xC8, 0x51, 0x00, 0x00, 0x14, 0x04, 0x00, 0x00, 0x01, 0x00, 0x00, 0x00, 0xC0, 0x51, 0x00, 0x00,
    0x00, 0x00, 0x00, 0x00, 0x00, 0x00, 0x00, 0x00, 0x01, 0x00, 0x00, 0x00, 0xB4, 0x51, 0x00, 0x00,
    0xFF, 0xFF, 0x00, 0x00, 0x01, 0x00, 0x00, 0x00, 0xAC, 0x51, 0x00, 0x00, 0x30, 0x75, 0x00, 0x00,
    0x00, 0x00, 0x00, 0x00, 0x00, 0x00, 0x00, 0x00, 0x03, 0x00, 0x00, 0x00, 0x9C, 0x51, 0x00, 0x00,
    0x00, 0x00, 0x00, 0x00, 0x00, 0x00, 0x00, 0x00, 0xFF, 0xFF, 0x00, 0x00, 0x31, 0x75, 0x00, 0x00,
    0x00, 0x00, 0x00, 0x00, 0x00, 0x00, 0x00, 0x00, 0x03, 0x00, 0x00, 0x00, 0x88, 0x51, 0x00, 0x00,
    0x00, 0x00, 0x00, 0x00, 0x00, 0x00, 0x00, 0x00, 0xFF, 0xFF, 0x00, 0x00, 0x32, 0x75, 0x00, 0x00,
    0x00, 0x00, 0x00, 0x00, 0x00, 0x00, 0x00, 0x00, 0x03, 0x00, 0x00, 0x00, 0x74, 0x51, 0x00, 0x00,
    0x00, 0x00, 0x00, 0x00, 0x00, 0x00, 0x00, 0x00, 0xFF, 0xFF, 0x00, 0x00, 0x32, 0x75, 0x00, 0x00,
    0x00, 0x00, 0x00, 0x00, 0x00, 0x00, 0x00, 0x00, 0x03, 0x00, 0x00, 0x00, 0x60, 0x51, 0x00, 0x00,
    0x01, 0x00, 0x00, 0x00, 0x64, 0x51, 0x00, 0x00, 0xFF, 0xFF, 0x00, 0x00, 0x34, 0x75, 0x00, 0x00,
    0x00, 0x00, 0x00, 0x00, 0x00, 0x00, 0x00, 0x00, 0x03, 0x00, 0x00, 0x00, 0x50, 0x51, 0x00, 0x00,
    0x00, 0x00, 0x00, 0x00, 0x00, 0x00, 0x00, 0x00, 0xFF, 0xFF, 0x00, 0x00, 0x35, 0x75, 0x00, 0x00,
    0x00, 0x00, 0x00, 0x00, 0x00, 0x00, 0x00, 0x00, 0x03, 0x00, 0x00, 0x00, 0x3C, 0x51, 0x00, 0x00,
    0x00, 0x00, 0x00, 0x00, 0x00, 0x00, 0x00, 0x00, 0xFF, 0xFF, 0x00, 0x00, 0x30, 0x75, 0x00, 0x00,
    0x00, 0x00, 0x00, 0x00, 0x00, 0x00, 0x00, 0x00, 0x03, 0x00, 0x00, 0x00, 0x28, 0x51, 0x00, 0x00,
    0x00, 0x00, 0x00, 0x00, 0x00, 0x00, 0x00, 0x00, 0xFF, 0xFF, 0x00, 0x00, 0x34, 0x75, 0x00, 0x00,
    0x00, 0x00, 0x00, 0x00, 0x00, 0x00, 0x00, 0x00, 0x03, 0x00, 0x00, 0x00, 0x14, 0x51, 0x00, 0x00,
    0x00, 0x00, 0x00, 0x00, 0x00, 0x00, 0x00, 0x00, 0xFF, 0xFF, 0x00, 0x00, 0x39, 0x75, 0x00, 0x00,
    0x00, 0x00, 0x00, 0x00, 0x00, 0x00, 0x00, 0x00, 0x03, 0x00, 0x00, 0x00, 0x00, 0x51, 0x00, 0x00,
    0x00, 0x00, 0x00, 0x00, 0x00, 0x00, 0x00, 0x00, 0xFF, 0xFF, 0x00, 0x00, 0x14, 0x04, 0x00, 0x00,
    0x01, 0x00, 0x00, 0x00, 0xF4, 0x50, 0x00, 0x00, 0x00, 0x00, 0x00, 0x00, 0x00, 0x00, 0x00, 0x00,
    0x01, 0x00, 0x00, 0x00, 0xE8, 0x50, 0x00, 0x00, 0xFF, 0xFF, 0x00, 0x00, 0x01, 0x00, 0x00, 0x00,
    0xE0, 0x50, 0x00, 0x00, 0x30, 0x75, 0x00, 0x00, 0x00, 0x00, 0x00, 0x00, 0x00, 0x00, 0x00, 0x00,
    0x03, 0x00, 0x00, 0x00, 0xD0, 0x50, 0x00, 0x00, 0x00, 0x00, 0x00, 0x00, 0x00, 0x00, 0x00, 0x00,
    0xFF, 0xFF, 0x00, 0x00, 0x31, 0x75, 0x00, 0x00, 0x00, 0x00, 0x00, 0x00, 0x00, 0x00, 0x00, 0x00,
    0x03, 0x00, 0x00, 0x00, 0xBC, 0x50, 0x00, 0x00, 0x00, 0x00, 0x00, 0x00, 0x00, 0x00, 0x00, 0x00,
    0xFF, 0xFF, 0x00, 0x00, 0x32, 0x75, 0x00, 0x00, 0x00, 0x00, 0x00, 0x00, 0x00, 0x00, 0x00, 0x00,
    0x03, 0x00, 0x00, 0x00, 0xA8, 0x50, 0x00, 0x00, 0x00, 0x00, 0x00, 0x00, 0x00, 0x00, 0x00, 0x00,
    0xFF, 0xFF, 0x00, 0x00, 0x36, 0x75, 0x00, 0x00, 0x00, 0x00, 0x00, 0x00, 0x00, 0x00, 0x00, 0x00,
    0x03, 0x00, 0x00, 0x00, 0x94, 0x50, 0x00, 0x00, 0x00, 0x00, 0x00, 0x00, 0x00, 0x00, 0x00, 0x00,
    0xFF, 0xFF, 0x00, 0x00, 0x32, 0x75, 0x00, 0x00, 0x00, 0x00, 0x00, 0x00, 0x00, 0x00, 0x00, 0x00,
    0x03, 0x00, 0x00, 0x00, 0x80, 0x50, 0x00, 0x00, 0x01, 0x00, 0x00, 0x00, 0x84, 0x50, 0x00, 0x00,
    0xFF, 0xFF, 0x00, 0x00, 0x33, 0x75, 0x00, 0x00, 0x00, 0x00, 0x00, 0x00, 0x00, 0x00, 0x00, 0x00,
    0x03, 0x00, 0x00, 0x00, 0x70, 0x50, 0x00, 0x00, 0x01, 0x00, 0x00, 0x00, 0x74, 0x50, 0x00, 0x00,
    0xFF, 0xFF, 0x00, 0x00, 0x34, 0x75, 0x00, 0x00, 0x00, 0x00, 0x00, 0x00, 0x00, 0x00, 0x00, 0x00,
    0x03, 0x00, 0x00, 0x00, 0x60, 0x50, 0x00, 0x00, 0x00, 0x00, 0x00, 0x00, 0x00, 0x00, 0x00, 0x00,
    0xFF, 0xFF, 0x00, 0x00, 0x35, 0x75, 0x00, 0x00, 0x00, 0x00, 0x00, 0x00, 0x00, 0x00, 0x00, 0x00,
    0x03, 0x00, 0x00, 0x00, 0x4C, 0x50, 0x00, 0x00, 0x00, 0x00, 0x00, 0x00, 0x00, 0x00, 0x00, 0x00,
    0xFF, 0xFF, 0x00, 0x00, 0x33, 0x75, 0x00, 0x00, 0x00, 0x00, 0x00, 0x00, 0x00, 0x00, 0x00, 0x00,
    0x03, 0x00, 0x00, 0x00, 0x38, 0x50, 0x00, 0x00, 0x00, 0x00, 0x00, 0x00, 0x00, 0x00, 0x00, 0x00,
    0xFF, 0xFF, 0x00, 0x00, 0x34, 0x75, 0x00, 0x00, 0x00, 0x00, 0x00, 0x00, 0x00, 0x00, 0x00, 0x00,
    0x03, 0x00, 0x00, 0x00, 0x24, 0x50, 0x00, 0x00, 0x00, 0x00, 0x00, 0x00, 0x00, 0x00, 0x00, 0x00,
    0xFF, 0xFF, 0x00, 0x00, 0x14, 0x04, 0x00, 0x00, 0x01, 0x00, 0x00, 0x00, 0x18, 0x50, 0x00, 0x00,
    0x00, 0x00, 0x00, 0x00, 0x00, 0x00, 0x00, 0x00, 0x01, 0x00, 0x00, 0x00, 0x0C, 0x50, 0x00, 0x00,
    0xFF, 0xFF, 0x00, 0x00, 0x01, 0x00, 0x00, 0x00, 0x04, 0x50, 0x00, 0x00, 0x14, 0x04, 0x00, 0x00,
    0x01, 0x00, 0x00, 0x00, 0xFC, 0x4F, 0x00, 0x00, 0x00, 0x00, 0x00, 0x00, 0x00, 0x00, 0x00, 0x00,
    0x01, 0x00, 0x00, 0x00, 0xF0, 0x4F, 0x00, 0x00, 0xFF, 0xFF, 0x00, 0x00, 0x01, 0x00, 0x00, 0x00,
    0xE8, 0x4F, 0x00, 0x00, 0x30, 0x75, 0x00, 0x00, 0x00, 0x00, 0x00, 0x00, 0x00, 0x00, 0x00, 0x00,
    0x03, 0x00, 0x00, 0x00, 0xD8, 0x4F, 0x00, 0x00, 0x00, 0x00, 0x00, 0x00, 0x00, 0x00, 0x00, 0x00,
    0xFF, 0xFF, 0x00, 0x00, 0x31, 0x75, 0x00, 0x00, 0x00, 0x00, 0x00, 0x00, 0x00, 0x00, 0x00, 0x00,
    0x03, 0x00, 0x00, 0x00, 0xC4, 0x4F, 0x00, 0x00, 0x00, 0x00, 0x00, 0x00, 0x00, 0x00, 0x00, 0x00,
    0xFF, 0xFF, 0x00, 0x00, 0x32, 0x75, 0x00, 0x00, 0x00, 0x00, 0x00, 0x00, 0x00, 0x00, 0x00, 0x00,
    0x03, 0x00, 0x00, 0x00, 0xB0, 0x4F, 0x00, 0x00, 0x00, 0x00, 0x00, 0x00, 0x00, 0x00, 0x00, 0x00,
    0xFF, 0xFF, 0x00, 0x00, 0x36, 0x75, 0x00, 0x00, 0x00, 0x00, 0x00, 0x00, 0x00, 0x00, 0x00, 0x00,
    0x03, 0x00, 0x00, 0x00, 0x9C, 0x4F, 0x00, 0x00, 0x00, 0x00, 0x00, 0x00, 0x00, 0x00, 0x00, 0x00,
    0xFF, 0xFF, 0x00, 0x00, 0x32, 0x75, 0x00, 0x00, 0x00, 0x00, 0x00, 0x00, 0x00, 0x00, 0x00, 0x00,
    0x03, 0x00, 0x00, 0x00, 0x88, 0x4F, 0x00, 0x00, 0x01, 0x00, 0x00, 0x00, 0x8C, 0x4F, 0x00, 0x00,
    0xFF, 0xFF, 0x00, 0x00, 0x33, 0x75, 0x00, 0x00, 0x00, 0x00, 0x00, 0x00, 0x00, 0x00, 0x00, 0x00,
    0x03, 0x00, 0x00, 0x00, 0x78, 0x4F, 0x00, 0x00, 0x01, 0x00, 0x00, 0x00, 0x7C, 0x4F, 0x00, 0x00,
    0xFF, 0xFF, 0x00, 0x00, 0x34, 0x75, 0x00, 0x00, 0x00, 0x00, 0x00, 0x00, 0x00, 0x00, 0x00, 0x00,
    0x03, 0x00, 0x00, 0x00, 0x68, 0x4F, 0x00, 0x00, 0x00, 0x00, 0x00, 0x00, 0x00, 0x00, 0x00, 0x00,
    0xFF, 0xFF, 0x00, 0x00, 0x14, 0x04, 0x00, 0x00, 0x01, 0x00, 0x00, 0x00, 0x5C, 0x4F, 0x00, 0x00,
    0x00, 0x00, 0x00, 0x00, 0x00, 0x00, 0x00, 0x00, 0x01, 0x00, 0x00, 0x00, 0x50, 0x4F, 0x00, 0x00,
    0xFF, 0xFF, 0x00, 0x00, 0x01, 0x00, 0x00, 0x00, 0x48, 0x4F, 0x00, 0x00, 0x14, 0x04, 0x00, 0x00,
    0x01, 0x00, 0x00, 0x00, 0x40, 0x4F, 0x00, 0x00, 0x00, 0x00, 0x00, 0x00, 0x00, 0x00, 0x00, 0x00,
    0x01, 0x00, 0x00, 0x00, 0x34, 0x4F, 0x00, 0x00, 0xFF, 0xFF, 0x00, 0x00, 0x01, 0x00, 0x00, 0x00,
    0x2C, 0x4F, 0x00, 0x00, 0x30, 0x75, 0x00, 0x00, 0x00, 0x00, 0x00, 0x00, 0x00, 0x00, 0x00, 0x00,
    0x03, 0x00, 0x00, 0x00, 0x1C, 0x4F, 0x00, 0x00, 0x00, 0x00, 0x00, 0x00, 0x00, 0x00, 0x00, 0x00,
    0xFF, 0xFF, 0x00, 0x00, 0x31, 0x75, 0x00, 0x00, 0x00, 0x00, 0x00, 0x00, 0x00, 0x00, 0x00, 0x00,
    0x03, 0x00, 0x00, 0x00, 0x08, 0x4F, 0x00, 0x00, 0x00, 0x00, 0x00, 0x00, 0x00, 0x00, 0x00, 0x00,
    0xFF, 0xFF, 0x00, 0x00, 0x32, 0x75, 0x00, 0x00, 0x00, 0x00, 0x00, 0x00, 0x00, 0x00, 0x00, 0x00,
    0x03, 0x00, 0x00, 0x00, 0xF4, 0x4E, 0x00, 0x00, 0x00, 0x00, 0x00, 0x00, 0x00, 0x00, 0x00, 0x00,
    0xFF, 0xFF, 0x00, 0x00, 0x36, 0x75, 0x00, 0x00, 0x00, 0x00, 0x00, 0x00, 0x00, 0x00, 0x00, 0x00,
    0x03, 0x00, 0x00, 0x00, 0xE0, 0x4E, 0x00, 0x00, 0x00, 0x00, 0x00, 0x00, 0x00, 0x00, 0x00, 0x00,
    0xFF, 0xFF, 0x00, 0x00, 0x32, 0x75, 0x00, 0x00, 0x00, 0x00, 0x00, 0x00, 0x00, 0x00, 0x00, 0x00,
    0x03, 0x00, 0x00, 0x00, 0xCC, 0x4E, 0x00, 0x00, 0x01, 0x00, 0x00, 0x00, 0xD0, 0x4E, 0x00, 0x00,
    0xFF, 0xFF, 0x00, 0x00, 0x33, 0x75, 0x00, 0x00, 0x00, 0x00, 0x00, 0x00, 0x00, 0x00, 0x00, 0x00,
    0x03, 0x00, 0x00, 0x00, 0xBC, 0x4E, 0x00, 0x00, 0x01, 0x00, 0x00, 0x00, 0xC0, 0x4E, 0x00, 0x00,
    0xFF, 0xFF, 0x00, 0x00, 0x34, 0x75, 0x00, 0x00, 0x00, 0x00, 0x00, 0x00, 0x00, 0x00, 0x00, 0x00,
    0x03, 0x00, 0x00, 0x00, 0xAC, 0x4E, 0x00, 0x00, 0x00, 0x00, 0x00, 0x00, 0x00, 0x00, 0x00, 0x00,
    0xFF, 0xFF, 0x00, 0x00, 0x14, 0x04, 0x00, 0x00, 0x01, 0x00, 0x00, 0x00, 0xA0, 0x4E, 0x00, 0x00,
    0x00, 0x00, 0x00, 0x00, 0x00, 0x00, 0x00, 0x00, 0x01, 0x00, 0x00, 0x00, 0x94, 0x4E, 0x00, 0x00,
    0xFF, 0xFF, 0x00, 0x00, 0x01, 0x00, 0x00, 0x00, 0x8C, 0x4E, 0x00, 0x00, 0x14, 0x04, 0x00, 0x00,
    0x01, 0x00, 0x00, 0x00, 0x84, 0x4E, 0x00, 0x00, 0x00, 0x00, 0x00, 0x00, 0x00, 0x00, 0x00, 0x00,
    0x01, 0x00, 0x00, 0x00, 0x78, 0x4E, 0x00, 0x00, 0xFF, 0xFF, 0x00, 0x00, 0x01, 0x00, 0x00, 0x00,
    0x70, 0x4E, 0x00, 0x00, 0x30, 0x75, 0x00, 0x00, 0x00, 0x00, 0x00, 0x00, 0x00, 0x00, 0x00, 0x00,
    0x03, 0x00, 0x00, 0x00, 0x60, 0x4E, 0x00, 0x00, 0x00, 0x00, 0x00, 0x00, 0x00, 0x00, 0x00, 0x00,
    0xFF, 0xFF, 0x00, 0x00, 0x31, 0x75, 0x00, 0x00, 0x00, 0x00, 0x00, 0x00, 0x00, 0x00, 0x00, 0x00,
    0x03, 0x00, 0x00, 0x00, 0x4C, 0x4E, 0x00, 0x00, 0x00, 0x00, 0x00, 0x00, 0x00, 0x00, 0x00, 0x00,
    0xFF, 0xFF, 0x00, 0x00, 0x32, 0x75, 0x00, 0x00, 0x00, 0x00, 0x00, 0x00, 0x00, 0x00, 0x00, 0x00,
    0x03, 0x00, 0x00, 0x00, 0x38, 0x4E, 0x00, 0x00, 0x00, 0x00, 0x00, 0x00, 0x00, 0x00, 0x00, 0x00,
    0xFF, 0xFF, 0x00, 0x00, 0x34, 0x75, 0x00, 0x00, 0x00, 0x00, 0x00, 0x00, 0x00, 0x00, 0x00, 0x00,
    0x03, 0x00, 0x00, 0x00, 0x24, 0x4E, 0x00, 0x00, 0x00, 0x00, 0x00, 0x00, 0x00, 0x00, 0x00, 0x00,
    0xFF, 0xFF, 0x00, 0x00, 0x35, 0x75, 0x00, 0x00, 0x00, 0x00, 0x00, 0x00, 0x00, 0x00, 0x00, 0x00,
    0x03, 0x00, 0x00, 0x00, 0x10, 0x4E, 0x00, 0x00, 0x00, 0x00, 0x00, 0x00, 0x00, 0x00, 0x00, 0x00,
    0xFF, 0xFF, 0x00, 0x00, 0x33, 0x75, 0x00, 0x00, 0x00, 0x00, 0x00, 0x00, 0x00, 0x00, 0x00, 0x00,
    0x03, 0x00, 0x00, 0x00, 0xFC, 0x4D, 0x00, 0x00, 0x01, 0x00, 0x00, 0x00, 0x00, 0x4E, 0x00, 0x00,
    0xFF, 0xFF, 0x00, 0x00, 0x34, 0x75, 0x00, 0x00, 0x00, 0x00, 0x00, 0x00, 0x00, 0x00, 0x00, 0x00,
    0x03, 0x00, 0x00, 0x00, 0xEC, 0x4D, 0x00, 0x00, 0x00, 0x00, 0x00, 0x00, 0x00, 0x00, 0x00, 0x00,
    0xFF, 0xFF, 0x00, 0x00, 0x35, 0x75, 0x00, 0x00, 0x00, 0x00, 0x00, 0x00, 0x00, 0x00, 0x00, 0x00,
    0x03, 0x00, 0x00, 0x00, 0xD8, 0x4D, 0x00, 0x00, 0x00, 0x00, 0x00, 0x00, 0x00, 0x00, 0x00, 0x00,
    0xFF, 0xFF, 0x00, 0x00, 0x33, 0x75, 0x00, 0x00, 0x00, 0x00, 0x00, 0x00, 0x00, 0x00, 0x00, 0x00,
    0x03, 0x00, 0x00, 0x00, 0xC4, 0x4D, 0x00, 0x00, 0x01, 0x00, 0x00, 0x00, 0xC8, 0x4D, 0x00, 0x00,
    0xFF, 0xFF, 0x00, 0x00, 0x34, 0x75, 0x00, 0x00, 0x00, 0x00, 0x00, 0x00, 0x00, 0x00, 0x00, 0x00,
    0x03, 0x00, 0x00, 0x00, 0xB4, 0x4D, 0x00, 0x00, 0x00, 0x00, 0x00, 0x00, 0x00, 0x00, 0x00, 0x00,
    0xFF, 0xFF, 0x00, 0x00, 0x35, 0x75, 0x00, 0x00, 0x00, 0x00, 0x00, 0x00, 0x00, 0x00, 0x00, 0x00,
    0x03, 0x00, 0x00, 0x00, 0xA0, 0x4D, 0x00, 0x00, 0x00, 0x00, 0x00, 0x00, 0x00, 0x00, 0x00, 0x00,
    0xFF, 0xFF, 0x00, 0x00, 0x33, 0x75, 0x00, 0x00, 0x00, 0x00, 0x00, 0x00, 0x00, 0x00, 0x00, 0x00,
    0x03, 0x00, 0x00, 0x00, 0x8C, 0x4D, 0x00, 0x00, 0x01, 0x00, 0x00, 0x00, 0x90, 0x4D, 0x00, 0x00,
    0xFF, 0xFF, 0x00, 0x00, 0x34, 0x75, 0x00, 0x00, 0x00, 0x00, 0x00, 0x00, 0x00, 0x00, 0x00, 0x00,
    0x03, 0x00, 0x00, 0x00, 0x7C, 0x4D, 0x00, 0x00, 0x00, 0x00, 0x00, 0x00, 0x00, 0x00, 0x00, 0x00,
    0xFF, 0xFF, 0x00, 0x00, 0x35, 0x75, 0x00, 0x00, 0x00, 0x00, 0x00, 0x00, 0x00, 0x00, 0x00, 0x00,
    0x03, 0x00, 0x00, 0x00, 0x68, 0x4D, 0x00, 0x00, 0x00, 0x00, 0x00, 0x00, 0x00, 0x00, 0x00, 0x00,
    0xFF, 0xFF, 0x00, 0x00, 0x33, 0x75, 0x00, 0x00, 0x00, 0x00, 0x00, 0x00, 0x00, 0x00, 0x00, 0x00,
    0x03, 0x00, 0x00, 0x00, 0x54, 0x4D, 0x00, 0x00, 0x01, 0x00, 0x00, 0x00, 0x58, 0x4D, 0x00, 0x00,
    0xFF, 0xFF, 0x00, 0x00, 0x34, 0x75, 0x00, 0x00, 0x00, 0x00, 0x00, 0x00, 0x00, 0x00, 0x00, 0x00,
    0x03, 0x00, 0x00, 0x00, 0x44, 0x4D, 0x00, 0x00, 0x00, 0x00, 0x00, 0x00, 0x00, 0x00, 0x00, 0x00,
    0xFF, 0xFF, 0x00, 0x00, 0x35, 0x75, 0x00, 0x00, 0x00, 0x00, 0x00, 0x00, 0x00, 0x00, 0x00, 0x00,
    0x03, 0x00, 0x00, 0x00, 0x30, 0x4D, 0x00, 0x00, 0x00, 0x00, 0x00, 0x00, 0x00, 0x00, 0x00, 0x00,
    0xFF, 0xFF, 0x00, 0x00, 0x33, 0x75, 0x00, 0x00, 0x00, 0x00, 0x00, 0x00, 0x00, 0x00, 0x00, 0x00,
    0x03, 0x00, 0x00, 0x00, 0x1C, 0x4D, 0x00, 0x00, 0x01, 0x00, 0x00, 0x00, 0x20, 0x4D, 0x00, 0x00,
    0xFF, 0xFF, 0x00, 0x00, 0x34, 0x75, 0x00, 0x00, 0x00, 0x00, 0x00, 0x00, 0x00, 0x00, 0x00, 0x00,
    0x03, 0x00, 0x00, 0x00, 0x0C, 0x4D, 0x00, 0x00, 0x00, 0x00, 0x00, 0x00, 0x00, 0x00, 0x00, 0x00,
    0xFF, 0xFF, 0x00, 0x00, 0x32, 0x75, 0x00, 0x00, 0x00, 0x00, 0x00, 0x00, 0x00, 0x00, 0x00, 0x00,
    0x03, 0x00, 0x00, 0x00, 0xF8, 0x4C, 0x00, 0x00, 0x01, 0x00, 0x00, 0x00, 0xFC, 0x4C, 0x00, 0x00,
    0xFF, 0xFF, 0x00, 0x00, 0x14, 0x04, 0x00, 0x00, 0x01, 0x00, 0x00, 0x00, 0xF0, 0x4C, 0x00, 0x00,
    0x00, 0x00, 0x00, 0x00, 0x00, 0x00, 0x00, 0x00, 0x01, 0x00, 0x00, 0x00, 0xE4, 0x4C, 0x00, 0x00,
    0xFF, 0xFF, 0x00, 0x00, 0x01, 0x00, 0x00, 0x00, 0xDC, 0x4C, 0x00, 0x00, 0x14, 0x04, 0x00, 0x00,
    0x01, 0x00, 0x00, 0x00, 0xD4, 0x4C, 0x00, 0x00, 0x00, 0x00, 0x00, 0x00, 0x00, 0x00, 0x00, 0x00,
    0x01, 0x00, 0x00, 0x00, 0xC8, 0x4C, 0x00, 0x00, 0xFF, 0xFF, 0x00, 0x00, 0x01, 0x00, 0x00, 0x00,
    0xC0, 0x4C, 0x00, 0x00, 0x14, 0x04, 0x00, 0x00, 0x01, 0x00, 0x00, 0x00, 0xB8, 0x4C, 0x00, 0x00,
    0x00, 0x00, 0x00, 0x00, 0x00, 0x00, 0x00, 0x00, 0x01, 0x00, 0x00, 0x00, 0xAC, 0x4C, 0x00, 0x00,
    0xFF, 0xFF, 0x00, 0x00, 0x01, 0x00, 0x00, 0x00, 0xA4, 0x4C, 0x00, 0x00, 0x14, 0x04, 0x00, 0x00,
    0x01, 0x00, 0x00, 0x00, 0x9C, 0x4C, 0x00, 0x00, 0x00, 0x00, 0x00, 0x00, 0x00, 0x00, 0x00, 0x00,
    0x01, 0x00, 0x00, 0x00, 0x90, 0x4C, 0x00, 0x00, 0xFF, 0xFF, 0x00, 0x00, 0x01, 0x00, 0x00, 0x00,
    0x88, 0x4C, 0x00, 0x00, 0x14, 0x04, 0x00, 0x00, 0x01, 0x00, 0x00, 0x00, 0x80, 0x4C, 0x00, 0x00,
    0x00, 0x00, 0x00, 0x00, 0x00, 0x00, 0x00, 0x00, 0x01, 0x00, 0x00, 0x00, 0x74, 0x4C, 0x00, 0x00,
    0xFF, 0xFF, 0x00, 0x00, 0x01, 0x00, 0x00, 0x00, 0x6C, 0x4C, 0x00, 0x00, 0x14, 0x04, 0x00, 0x00,
    0x01, 0x00, 0x00, 0x00, 0x64, 0x4C, 0x00, 0x00, 0x00, 0x00, 0x00, 0x00, 0x00, 0x00, 0x00, 0x00,
    0x01, 0x00, 0x00, 0x00, 0x58, 0x4C, 0x00, 0x00, 0xFF, 0xFF, 0x00, 0x00, 0x01, 0x00, 0x00, 0x00,
    0x50, 0x4C, 0x00, 0x00, 0x30, 0x75, 0x00, 0x00, 0x00, 0x00, 0x00, 0x00, 0x00, 0x00, 0x00, 0x00,
    0x03, 0x00, 0x00, 0x00, 0x40, 0x4C, 0x00, 0x00, 0x00, 0x00, 0x00, 0x00, 0x00, 0x00, 0x00, 0x00,
    0xFF, 0xFF, 0x00, 0x00, 0x31, 0x75, 0x00, 0x00, 0x00, 0x00, 0x00, 0x00, 0x00, 0x00, 0x00, 0x00,
    0x03, 0x00, 0x00, 0x00, 0x2C, 0x4C, 0x00, 0x00, 0x00, 0x00, 0x00, 0x00, 0x00, 0x00, 0x00, 0x00,
    0xFF, 0xFF, 0x00, 0x00, 0x32, 0x75, 0x00, 0x00, 0x00, 0x00, 0x00, 0x00, 0x00, 0x00, 0x00, 0x00,
    0x03, 0x00, 0x00, 0x00, 0x18, 0x4C, 0x00, 0x00, 0x00, 0x00, 0x00, 0x00, 0x00, 0x00, 0x00, 0x00,
    0xFF, 0xFF, 0x00, 0x00, 0x32, 0x75, 0x00, 0x00, 0x00, 0x00, 0x00, 0x00, 0x00, 0x00, 0x00, 0x00,
    0x03, 0x00, 0x00, 0x00, 0x04, 0x4C, 0x00, 0x00, 0x01, 0x00, 0x00, 0x00, 0x08, 0x4C, 0x00, 0x00,
    0xFF, 0xFF, 0x00, 0x00, 0x36, 0x75, 0x00, 0x00, 0x00, 0x00, 0x00, 0x00, 0x00, 0x00, 0x00, 0x00,
    0x03, 0x00, 0x00, 0x00, 0xF4, 0x4B, 0x00, 0x00, 0x00, 0x00, 0x00, 0x00, 0x00, 0x00, 0x00, 0x00,
    0xFF, 0xFF, 0x00, 0x00, 0x33, 0x75, 0x00, 0x00, 0x00, 0x00, 0x00, 0x00, 0x00, 0x00, 0x00, 0x00,
    0x03, 0x00, 0x00, 0x00, 0xE0, 0x4B, 0x00, 0x00, 0x01, 0x00, 0x00, 0x00, 0xE4, 0x4B, 0x00, 0x00,
    0xFF, 0xFF, 0x00, 0x00, 0x34, 0x75, 0x00, 0x00, 0x00, 0x00, 0x00, 0x00, 0x00, 0x00, 0x00, 0x00,
    0x03, 0x00, 0x00, 0x00, 0xD0, 0x4B, 0x00, 0x00, 0x00, 0x00, 0x00, 0x00, 0x00, 0x00, 0x00, 0x00,
    0xFF, 0xFF, 0x00, 0x00, 0x14, 0x04, 0x00, 0x00, 0x01, 0x00, 0x00, 0x00, 0xC4, 0x4B, 0x00, 0x00,
    0x00, 0x00, 0x00, 0x00, 0x00, 0x00, 0x00, 0x00, 0x01, 0x00, 0x00, 0x00, 0xB8, 0x4B, 0x00, 0x00,
    0xFF, 0xFF, 0x00, 0x00, 0x01, 0x00, 0x00, 0x00, 0xB0, 0x4B, 0x00, 0x00, 0x14, 0x04, 0x00, 0x00,
    0x01, 0x00, 0x00, 0x00, 0xA8, 0x4B, 0x00, 0x00, 0x00, 0x00, 0x00, 0x00, 0x00, 0x00, 0x00, 0x00,
    0x01, 0x00, 0x00, 0x00, 0x9C, 0x4B, 0x00, 0x00, 0xFF, 0xFF, 0x00, 0x00, 0x01, 0x00, 0x00, 0x00,
    0x94, 0x4B, 0x00, 0x00, 0x30, 0x75, 0x00, 0x00, 0x00, 0x00, 0x00, 0x00, 0x00, 0x00, 0x00, 0x00,
    0x03, 0x00, 0x00, 0x00, 0x84, 0x4B, 0x00, 0x00, 0x00, 0x00, 0x00, 0x00, 0x00, 0x00, 0x00, 0x00,
    0xFF, 0xFF, 0x00, 0x00, 0x31, 0x75, 0x00, 0x00, 0x00, 0x00, 0x00, 0x00, 0x00, 0x00, 0x00, 0x00,
    0x03, 0x00, 0x00, 0x00, 0x70, 0x4B, 0x00, 0x00, 0x00, 0x00, 0x00, 0x00, 0x00, 0x00, 0x00, 0x00,
    0xFF, 0xFF, 0x00, 0x00, 0x32, 0x75, 0x00, 0x00, 0x00, 0x00, 0x00, 0x00, 0x00, 0x00, 0x00, 0x00,
    0x03, 0x00, 0x00, 0x00, 0x5C, 0x4B, 0x00, 0x00, 0x00, 0x00, 0x00, 0x00, 0x00, 0x00, 0x00, 0x00,
    0xFF, 0xFF, 0x00, 0x00, 0x32, 0x75, 0x00, 0x00, 0x00, 0x00, 0x00, 0x00, 0x00, 0x00, 0x00, 0x00,
    0x03, 0x00, 0x00, 0x00, 0x48, 0x4B, 0x00, 0x00, 0x01, 0x00, 0x00, 0x00, 0x4C, 0x4B, 0x00, 0x00,
    0xFF, 0xFF, 0x00, 0x00, 0x34, 0x75, 0x00, 0x00, 0x00, 0x00, 0x00, 0x00, 0x00, 0x00, 0x00, 0x00,
    0x03, 0x00, 0x00, 0x00, 0x38, 0x4B, 0x00, 0x00, 0x00, 0x00, 0x00, 0x00, 0x00, 0x00, 0x00, 0x00,
    0xFF, 0xFF, 0x00, 0x00, 0x35, 0x75, 0x00, 0x00, 0x00, 0x00, 0x00, 0x00, 0x00, 0x00, 0x00, 0x00,
    0x03, 0x00, 0x00, 0x00, 0x24, 0x4B, 0x00, 0x00, 0x00, 0x00, 0x00, 0x00, 0x00, 0x00, 0x00, 0x00,
    0xFF, 0xFF, 0x00, 0x00, 0x30, 0x75, 0x00, 0x00, 0x00, 0x00, 0x00, 0x00, 0x00, 0x00, 0x00, 0x00,
    0x03, 0x00, 0x00, 0x00, 0x10, 0x4B, 0x00, 0x00, 0x00, 0x00, 0x00, 0x00, 0x00, 0x00, 0x00, 0x00,
    0xFF, 0xFF, 0x00, 0x00, 0x34, 0x75, 0x00, 0x00, 0x00, 0x00, 0x00, 0x00, 0x00, 0x00, 0x00, 0x00,
    0x03, 0x00, 0x00, 0x00, 0xFC, 0x4A, 0x00, 0x00, 0x00, 0x00, 0x00, 0x00, 0x00, 0x00, 0x00, 0x00,
    0xFF, 0xFF, 0x00, 0x00, 0x39, 0x75, 0x00, 0x00, 0x00, 0x00, 0x00, 0x00, 0x00, 0x00, 0x00, 0x00,
    0x03, 0x00, 0x00, 0x00, 0xE8, 0x4A, 0x00, 0x00, 0x00, 0x00, 0x00, 0x00, 0x00, 0x00, 0x00, 0x00,
    0xFF, 0xFF, 0x00, 0x00, 0x35, 0x75, 0x00, 0x00, 0x00, 0x00, 0x00, 0x00, 0x00, 0x00, 0x00, 0x00,
    0x03, 0x00, 0x00, 0x00, 0xD4, 0x4A, 0x00, 0x00, 0x00, 0x00, 0x00, 0x00, 0x00, 0x00, 0x00, 0x00,
    0xFF, 0xFF, 0x00, 0x00, 0x30, 0x75, 0x00, 0x00, 0x00, 0x00, 0x00, 0x00, 0x00, 0x00, 0x00, 0x00,
    0x03, 0x00, 0x00, 0x00, 0xC0, 0x4A, 0x00, 0x00, 0x00, 0x00, 0x00, 0x00, 0x00, 0x00, 0x00, 0x00,
    0xFF, 0xFF, 0x00, 0x00, 0x34, 0x75, 0x00, 0x00, 0x00, 0x00, 0x00, 0x00, 0x00, 0x00, 0x00, 0x00,
    0x03, 0x00, 0x00, 0x00, 0xAC, 0x4A, 0x00, 0x00, 0x00, 0x00, 0x00, 0x00, 0x00, 0x00, 0x00, 0x00,
    0xFF, 0xFF, 0x00, 0x00, 0x39, 0x75, 0x00, 0x00, 0x00, 0x00, 0x00, 0x00, 0x00, 0x00, 0x00, 0x00,
    0x03, 0x00, 0x00, 0x00, 0x98, 0x4A, 0x00, 0x00, 0x00, 0x00, 0x00, 0x00, 0x00, 0x00, 0x00, 0x00,
    0xFF, 0xFF, 0x00, 0x00, 0x35, 0x75, 0x00, 0x00, 0x00, 0x00, 0x00, 0x00, 0x00, 0x00, 0x00, 0x00,
    0x03, 0x00, 0x00, 0x00, 0x84, 0x4A, 0x00, 0x00, 0x00, 0x00, 0x00, 0x00, 0x00, 0x00, 0x00, 0x00,
    0xFF, 0xFF, 0x00, 0x00, 0x30, 0x75, 0x00, 0x00, 0x00, 0x00, 0x00, 0x00, 0x00, 0x00, 0x00, 0x00,
    0x03, 0x00, 0x00, 0x00, 0x70, 0x4A, 0x00, 0x00, 0x00, 0x00, 0x00, 0x00, 0x00, 0x00, 0x00, 0x00,
    0xFF, 0xFF, 0x00, 0x00, 0x34, 0x75, 0x00, 0x00, 0x00, 0x00, 0x00, 0x00, 0x00, 0x00, 0x00, 0x00,
    0x03, 0x00, 0x00, 0x00, 0x5C, 0x4A, 0x00, 0x00, 0x00, 0x00, 0x00, 0x00, 0x00, 0x00, 0x00, 0x00,
    0xFF, 0xFF, 0x00, 0x00, 0x3A, 0x75, 0x00, 0x00, 0x00, 0x00, 0x00, 0x00, 0x00, 0x00, 0x00, 0x00,
    0x03, 0x00, 0x00, 0x00, 0x48, 0x4A, 0x00, 0x00, 0x00, 0x00, 0x00, 0x00, 0x00, 0x00, 0x00, 0x00,
    0xFF, 0xFF, 0x00, 0x00, 0x35, 0x75, 0x00, 0x00, 0x00, 0x00, 0x00, 0x00, 0x00, 0x00, 0x00, 0x00,
    0x03, 0x00, 0x00, 0x00, 0x34, 0x4A, 0x00, 0x00, 0x00, 0x00, 0x00, 0x00, 0x00, 0x00, 0x00, 0x00,
    0xFF, 0xFF, 0x00, 0x00, 0x33, 0x75, 0x00, 0x00, 0x00, 0x00, 0x00, 0x00, 0x00, 0x00, 0x00, 0x00,
    0x03, 0x00, 0x00, 0x00, 0x20, 0x4A, 0x00, 0x00, 0x01, 0x00, 0x00, 0x00, 0x24, 0x4A, 0x00, 0x00,
    0xFF, 0xFF, 0x00, 0x00, 0x34, 0x75, 0x00, 0x00, 0x00, 0x00, 0x00, 0x00, 0x00, 0x00, 0x00, 0x00,
    0x03, 0x00, 0x00, 0x00, 0x10, 0x4A, 0x00, 0x00, 0x00, 0x00, 0x00, 0x00, 0x00, 0x00, 0x00, 0x00,
    0xFF, 0xFF, 0x00, 0x00, 0x14, 0x04, 0x00, 0x00, 0x01, 0x00, 0x00, 0x00, 0x04, 0x4A, 0x00, 0x00,
    0x00, 0x00, 0x00, 0x00, 0x00, 0x00, 0x00, 0x00, 0x01, 0x00, 0x00, 0x00, 0xF8, 0x49, 0x00, 0x00,
    0xFF, 0xFF, 0x00, 0x00, 0x01, 0x00, 0x00, 0x00, 0xF0, 0x49, 0x00, 0x00, 0x14, 0x04, 0x00, 0x00,
    0x01, 0x00, 0x00, 0x00, 0xE8, 0x49, 0x00, 0x00, 0x00, 0x00, 0x00, 0x00, 0x00, 0x00, 0x00, 0x00,
    0x01, 0x00, 0x00, 0x00, 0xDC, 0x49, 0x00, 0x00, 0xFF, 0xFF, 0x00, 0x00, 0x01, 0x00, 0x00, 0x00,
    0xD4, 0x49, 0x00, 0x00, 0x30, 0x75, 0x00, 0x00, 0x00, 0x00, 0x00, 0x00, 0x00, 0x00, 0x00, 0x00,
    0x03, 0x00, 0x00, 0x00, 0xC4, 0x49, 0x00, 0x00, 0x00, 0x00, 0x00, 0x00, 0x00, 0x00, 0x00, 0x00,
    0xFF, 0xFF, 0x00, 0x00, 0x31, 0x75, 0x00, 0x00, 0x00, 0x00, 0x00, 0x00, 0x00, 0x00, 0x00, 0x00,
    0x03, 0x00, 0x00, 0x00, 0xB0, 0x49, 0x00, 0x00, 0x00, 0x00, 0x00, 0x00, 0x00, 0x00, 0x00, 0x00,
    0xFF, 0xFF, 0x00, 0x00, 0x32, 0x75, 0x00, 0x00, 0x00, 0x00, 0x00, 0x00, 0x00, 0x00, 0x00, 0x00,
    0x03, 0x00, 0x00, 0x00, 0x9C, 0x49, 0x00, 0x00, 0x00, 0x00, 0x00, 0x00, 0x00, 0x00, 0x00, 0x00,
    0xFF, 0xFF, 0x00, 0x00, 0x32, 0x75, 0x00, 0x00, 0x00, 0x00, 0x00, 0x00, 0x00, 0x00, 0x00, 0x00,
    0x03, 0x00, 0x00, 0x00, 0x88, 0x49, 0x00, 0x00, 0x01, 0x00, 0x00, 0x00, 0x8C, 0x49, 0x00, 0x00,
    0xFF, 0xFF, 0x00, 0x00, 0x34, 0x75, 0x00, 0x00, 0x00, 0x00, 0x00, 0x00, 0x00, 0x00, 0x00, 0x00,
    0x03, 0x00, 0x00, 0x00, 0x78, 0x49, 0x00, 0x00, 0x00, 0x00, 0x00, 0x00, 0x00, 0x00, 0x00, 0x00,
    0xFF, 0xFF, 0x00, 0x00, 0x35, 0x75, 0x00, 0x00, 0x00, 0x00, 0x00, 0x00, 0x00, 0x00, 0x00, 0x00,
    0x03, 0x00, 0x00, 0x00, 0x64, 0x49, 0x00, 0x00, 0x00, 0x00, 0x00, 0x00, 0x00, 0x00, 0x00, 0x00,
    0xFF, 0xFF, 0x00, 0x00, 0x30, 0x75, 0x00, 0x00, 0x00, 0x00, 0x00, 0x00, 0x00, 0x00, 0x00, 0x00,
    0x03, 0x00, 0x00, 0x00, 0x50, 0x49, 0x00, 0x00, 0x00, 0x00, 0x00, 0x00, 0x00, 0x00, 0x00, 0x00,
    0xFF, 0xFF, 0x00, 0x00, 0x3B, 0x75, 0x00, 0x00, 0x00, 0x00, 0x00, 0x00, 0x00, 0x00, 0x00, 0x00,
    0x03, 0x00, 0x00, 0x00, 0x3C, 0x49, 0x00, 0x00, 0x00, 0x00, 0x00, 0x00, 0x00, 0x00, 0x00, 0x00,
    0xFF, 0xFF, 0x00, 0x00, 0x34, 0x75, 0x00, 0x00, 0x00, 0x00, 0x00, 0x00, 0x00, 0x00, 0x00, 0x00,
    0x03, 0x00, 0x00, 0x00, 0x28, 0x49, 0x00, 0x00, 0x00, 0x00, 0x00, 0x00, 0x00, 0x00, 0x00, 0x00,
    0xFF, 0xFF, 0x00, 0x00, 0x35, 0x75, 0x00, 0x00, 0x00, 0x00, 0x00, 0x00, 0x00, 0x00, 0x00, 0x00,
    0x03, 0x00, 0x00, 0x00, 0x14, 0x49, 0x00, 0x00, 0x00, 0x00, 0x00, 0x00, 0x00, 0x00, 0x00, 0x00,
    0xFF, 0xFF, 0x00, 0x00, 0x30, 0x75, 0x00, 0x00, 0x00, 0x00, 0x00, 0x00, 0x00, 0x00, 0x00, 0x00,
    0x03, 0x00, 0x00, 0x00, 0x00, 0x49, 0x00, 0x00, 0x00, 0x00, 0x00, 0x00, 0x00, 0x00, 0x00, 0x00,
    0xFF, 0xFF, 0x00, 0x00, 0x34, 0x75, 0x00, 0x00, 0x00, 0x00, 0x00, 0x00, 0x00, 0x00, 0x00, 0x00,
    0x03, 0x00, 0x00, 0x00, 0xEC, 0x48, 0x00, 0x00, 0x00, 0x00, 0x00, 0x00, 0x00, 0x00, 0x00, 0x00,
    0xFF, 0xFF, 0x00, 0x00, 0x39, 0x75, 0x00, 0x00, 0x00, 0x00, 0x00, 0x00, 0x00, 0x00, 0x00, 0x00,
    0x03, 0x00, 0x00, 0x00, 0xD8, 0x48, 0x00, 0x00, 0x00, 0x00, 0x00, 0x00, 0x00, 0x00, 0x00, 0x00,
    0xFF, 0xFF, 0x00, 0x00, 0x14, 0x04, 0x00, 0x00, 0x01, 0x00, 0x00, 0x00, 0xCC, 0x48, 0x00, 0x00,
    0x00, 0x00, 0x00, 0x00, 0x00, 0x00, 0x00, 0x00, 0x01, 0x00, 0x00, 0x00, 0xC0, 0x48, 0x00, 0x00,
    0xFF, 0xFF, 0x00, 0x00, 0x01, 0x00, 0x00, 0x00, 0xB8, 0x48, 0x00, 0x00, 0x30, 0x75, 0x00, 0x00,
    0x00, 0x00, 0x00, 0x00, 0x00, 0x00, 0x00, 0x00, 0x03, 0x00, 0x00, 0x00, 0xA8, 0x48, 0x00, 0x00,
    0x00, 0x00, 0x00, 0x00, 0x00, 0x00, 0x00, 0x00, 0xFF, 0xFF, 0x00, 0x00, 0x31, 0x75, 0x00, 0x00,
    0x00, 0x00, 0x00, 0x00, 0x00, 0x00, 0x00, 0x00, 0x03, 0x00, 0x00, 0x00, 0x94, 0x48, 0x00, 0x00,
    0x00, 0x00, 0x00, 0x00, 0x00, 0x00, 0x00, 0x00, 0xFF, 0xFF, 0x00, 0x00, 0x32, 0x75, 0x00, 0x00,
    0x00, 0x00, 0x00, 0x00, 0x00, 0x00, 0x00, 0x00, 0x03, 0x00, 0x00, 0x00, 0x80, 0x48, 0x00, 0x00,
    0x00, 0x00, 0x00, 0x00, 0x00, 0x00, 0x00, 0x00, 0xFF, 0xFF, 0x00, 0x00, 0x34, 0x75, 0x00, 0x00,
    0x00, 0x00, 0x00, 0x00, 0x00, 0x00, 0x00, 0x00, 0x03, 0x00, 0x00, 0x00, 0x6C, 0x48, 0x00, 0x00,
    0x00, 0x00, 0x00, 0x00, 0x00, 0x00, 0x00, 0x00, 0xFF, 0xFF, 0x00, 0x00, 0x35, 0x75, 0x00, 0x00,
    0x00, 0x00, 0x00, 0x00, 0x00, 0x00, 0x00, 0x00, 0x03, 0x00, 0x00, 0x00, 0x58, 0x48, 0x00, 0x00,
    0x00, 0x00, 0x00, 0x00, 0x00, 0x00, 0x00, 0x00, 0xFF, 0xFF, 0x00, 0x00, 0x33, 0x75, 0x00, 0x00,
    0x00, 0x00, 0x00, 0x00, 0x00, 0x00, 0x00, 0x00, 0x03, 0x00, 0x00, 0x00, 0x44, 0x48, 0x00, 0x00,
    0x01, 0x00, 0x00, 0x00, 0x48, 0x48, 0x00, 0x00, 0xFF, 0xFF, 0x00, 0x00, 0x34, 0x75, 0x00, 0x00,
    0x00, 0x00, 0x00, 0x00, 0x00, 0x00, 0x00, 0x00, 0x03, 0x00, 0x00, 0x00, 0x34, 0x48, 0x00, 0x00,
    0x00, 0x00, 0x00, 0x00, 0x00, 0x00, 0x00, 0x00, 0xFF, 0xFF, 0x00, 0x00, 0x35, 0x75, 0x00, 0x00,
    0x00, 0x00, 0x00, 0x00, 0x00, 0x00, 0x00, 0x00, 0x03, 0x00, 0x00, 0x00, 0x20, 0x48, 0x00, 0x00,
    0x00, 0x00, 0x00, 0x00, 0x00, 0x00, 0x00, 0x00, 0xFF, 0xFF, 0x00, 0x00, 0x33, 0x75, 0x00, 0x00,
    0x00, 0x00, 0x00, 0x00, 0x00, 0x00, 0x00, 0x00, 0x03, 0x00, 0x00, 0x00, 0x0C, 0x48, 0x00, 0x00,
    0x01, 0x00, 0x00, 0x00, 0x10, 0x48, 0x00, 0x00, 0xFF, 0xFF, 0x00, 0x00, 0x34, 0x75, 0x00, 0x00,
    0x00, 0x00, 0x00, 0x00, 0x00, 0x00, 0x00, 0x00, 0x03, 0x00, 0x00, 0x00, 0xFC, 0x47, 0x00, 0x00,
    0x00, 0x00, 0x00, 0x00, 0x00, 0x00, 0x00, 0x00, 0xFF, 0xFF, 0x00, 0x00, 0x35, 0x75, 0x00, 0x00,
    0x00, 0x00, 0x00, 0x00, 0x00, 0x00, 0x00, 0x00, 0x03, 0x00, 0x00, 0x00, 0xE8, 0x47, 0x00, 0x00,
    0x00, 0x00, 0x00, 0x00, 0x00, 0x00, 0x00, 0x00, 0xFF, 0xFF, 0x00, 0x00, 0x33, 0x75, 0x00, 0x00,
    0x00, 0x00, 0x00, 0x00, 0x00, 0x00, 0x00, 0x00, 0x03, 0x00, 0x00, 0x00, 0xD4, 0x47, 0x00, 0x00,
    0x01, 0x00, 0x00, 0x00, 0xD8, 0x47, 0x00, 0x00, 0xFF, 0xFF, 0x00, 0x00, 0x34, 0x75, 0x00, 0x00,
    0x00, 0x00, 0x00, 0x00, 0x00, 0x00, 0x00, 0x00, 0x03, 0x00, 0x00, 0x00, 0xC4, 0x47, 0x00, 0x00,
    0x00, 0x00, 0x00, 0x00, 0x00, 0x00, 0x00, 0x00, 0xFF, 0xFF, 0x00, 0x00, 0x32, 0x75, 0x00, 0x00,
    0x00, 0x00, 0x00, 0x00, 0x00, 0x00, 0x00, 0x00, 0x03, 0x00, 0x00, 0x00, 0xB0, 0x47, 0x00, 0x00,
    0x01, 0x00, 0x00, 0x00, 0xB4, 0x47, 0x00, 0x00, 0xFF, 0xFF, 0x00, 0x00, 0x14, 0x04, 0x00, 0x00,
    0x01, 0x00, 0x00, 0x00, 0xA8, 0x47, 0x00, 0x00, 0x00, 0x00, 0x00, 0x00, 0x00, 0x00, 0x00, 0x00,
    0x01, 0x00, 0x00, 0x00, 0x9C, 0x47, 0x00, 0x00, 0xFF, 0xFF, 0x00, 0x00, 0x01, 0x00, 0x00, 0x00,
    0x94, 0x47, 0x00, 0x00, 0x14, 0x04, 0x00, 0x00, 0x01, 0x00, 0x00, 0x00, 0x8C, 0x47, 0x00, 0x00,
    0x00, 0x00, 0x00, 0x00, 0x00, 0x00, 0x00, 0x00, 0x01, 0x00, 0x00, 0x00, 0x80, 0x47, 0x00, 0x00,
    0xFF, 0xFF, 0x00, 0x00, 0x01, 0x00, 0x00, 0x00, 0x78, 0x47, 0x00, 0x00, 0x14, 0x04, 0x00, 0x00,
    0x01, 0x00, 0x00, 0x00, 0x70, 0x47, 0x00, 0x00, 0x00, 0x00, 0x00, 0x00, 0x00, 0x00, 0x00, 0x00,
    0x01, 0x00, 0x00, 0x00, 0x64, 0x47, 0x00, 0x00, 0xFF, 0xFF, 0x00, 0x00, 0x01, 0x00, 0x00, 0x00,
    0x5C, 0x47, 0x00, 0x00, 0x14, 0x04, 0x00, 0x00, 0x01, 0x00, 0x00, 0x00, 0x54, 0x47, 0x00, 0x00,
    0x00, 0x00, 0x00, 0x00, 0x00, 0x00, 0x00, 0x00, 0x01, 0x00, 0x00, 0x00, 0x48, 0x47, 0x00, 0x00,
    0xFF, 0xFF, 0x00, 0x00, 0x01, 0x00, 0x00, 0x00, 0x40, 0x47, 0x00, 0x00, 0x30, 0x75, 0x00, 0x00,
    0x00, 0x00, 0x00, 0x00, 0x00, 0x00, 0x00, 0x00, 0x03, 0x00, 0x00, 0x00, 0x30, 0x47, 0x00, 0x00,
    0x00, 0x00, 0x00, 0x00, 0x00, 0x00, 0x00, 0x00, 0xFF, 0xFF, 0x00, 0x00, 0x31, 0x75, 0x00, 0x00,
    0x00, 0x00, 0x00, 0x00, 0x00, 0x00, 0x00, 0x00, 0x03, 0x00, 0x00, 0x00, 0x1C, 0x47, 0x00, 0x00,
    0x00, 0x00, 0x00, 0x00, 0x00, 0x00, 0x00, 0x00, 0xFF, 0xFF, 0x00, 0x00, 0x32, 0x75, 0x00, 0x00,
    0x00, 0x00, 0x00, 0x00, 0x00, 0x00, 0x00, 0x00, 0x03, 0x00, 0x00, 0x00, 0x08, 0x47, 0x00, 0x00,
    0x00, 0x00, 0x00, 0x00, 0x00, 0x00, 0x00, 0x00, 0xFF, 0xFF, 0x00, 0x00, 0x34, 0x75, 0x00, 0x00,
    0x00, 0x00, 0x00, 0x00, 0x00, 0x00, 0x00, 0x00, 0x03, 0x00, 0x00, 0x00, 0xF4, 0x46, 0x00, 0x00,
    0x00, 0x00, 0x00, 0x00, 0x00, 0x00, 0x00, 0x00, 0xFF, 0xFF, 0x00, 0x00, 0x32, 0x75, 0x00, 0x00,
    0x00, 0x00, 0x00, 0x00, 0x00, 0x00, 0x00, 0x00, 0x03, 0x00, 0x00, 0x00, 0xE0, 0x46, 0x00, 0x00,
    0x01, 0x00, 0x00, 0x00, 0xE4, 0x46, 0x00, 0x00, 0xFF, 0xFF, 0x00, 0x00, 0x35, 0x75, 0x00, 0x00,
    0x00, 0x00, 0x00, 0x00, 0x00, 0x00, 0x00, 0x00, 0x03, 0x00, 0x00, 0x00, 0xD0, 0x46, 0x00, 0x00,
    0x00, 0x00, 0x00, 0x00, 0x00, 0x00, 0x00, 0x00, 0xFF, 0xFF, 0x00, 0x00, 0x30, 0x75, 0x00, 0x00,
    0x00, 0x00, 0x00, 0x00, 0x00, 0x00, 0x00, 0x00, 0x03, 0x00, 0x00, 0x00, 0xBC, 0x46, 0x00, 0x00,
    0x00, 0x00, 0x00, 0x00, 0x00, 0x00, 0x00, 0x00, 0xFF, 0xFF, 0x00, 0x00, 0x34, 0x75, 0x00, 0x00,
    0x00, 0x00, 0x00, 0x00, 0x00, 0x00, 0x00, 0x00, 0x03, 0x00, 0x00, 0x00, 0xA8, 0x46, 0x00, 0x00,
    0x00, 0x00, 0x00, 0x00, 0x00, 0x00, 0x00, 0x00, 0xFF, 0xFF, 0x00, 0x00, 0x39, 0x75, 0x00, 0x00,
    0x00, 0x00, 0x00, 0x00, 0x00, 0x00, 0x00, 0x00, 0x03, 0x00, 0x00, 0x00, 0x94, 0x46, 0x00, 0x00,
    0x00, 0x00, 0x00, 0x00, 0x00, 0x00, 0x00, 0x00, 0xFF, 0xFF, 0x00, 0x00, 0x35, 0x75, 0x00, 0x00,
    0x00, 0x00, 0x00, 0x00, 0x00, 0x00, 0x00, 0x00, 0x03, 0x00, 0x00, 0x00, 0x80, 0x46, 0x00, 0x00,
    0x00, 0x00, 0x00, 0x00, 0x00, 0x00, 0x00, 0x00, 0xFF, 0xFF, 0x00, 0x00, 0x30, 0x75, 0x00, 0x00,
    0x00, 0x00, 0x00, 0x00, 0x00, 0x00, 0x00, 0x00, 0x03, 0x00, 0x00, 0x00, 0x6C, 0x46, 0x00, 0x00,
    0x00, 0x00, 0x00, 0x00, 0x00, 0x00, 0x00, 0x00, 0xFF, 0xFF, 0x00, 0x00, 0x34, 0x75, 0x00, 0x00,
    0x00, 0x00, 0x00, 0x00, 0x00, 0x00, 0x00, 0x00, 0x03, 0x00, 0x00, 0x00, 0x58, 0x46, 0x00, 0x00,
    0x00, 0x00, 0x00, 0x00, 0x00, 0x00, 0x00, 0x00, 0xFF, 0xFF, 0x00, 0x00, 0x39, 0x75, 0x00, 0x00,
    0x00, 0x00, 0x00, 0x00, 0x00, 0x00, 0x00, 0x00, 0x03, 0x00, 0x00, 0x00, 0x44, 0x46, 0x00, 0x00,
    0x00, 0x00, 0x00, 0x00, 0x00, 0x00, 0x00, 0x00, 0xFF, 0xFF, 0x00, 0x00, 0x35, 0x75, 0x00, 0x00,
    0x00, 0x00, 0x00, 0x00, 0x00, 0x00, 0x00, 0x00, 0x03, 0x00, 0x00, 0x00, 0x30, 0x46, 0x00, 0x00,
    0x00, 0x00, 0x00, 0x00, 0x00, 0x00, 0x00, 0x00, 0xFF, 0xFF, 0x00, 0x00, 0x30, 0x75, 0x00, 0x00,
    0x00, 0x00, 0x00, 0x00, 0x00, 0x00, 0x00, 0x00, 0x03, 0x00, 0x00, 0x00, 0x1C, 0x46, 0x00, 0x00,
    0x00, 0x00, 0x00, 0x00, 0x00, 0x00, 0x00, 0x00, 0xFF, 0xFF, 0x00, 0x00, 0x34, 0x75, 0x00, 0x00,
    0x00, 0x00, 0x00, 0x00, 0x00, 0x00, 0x00, 0x00, 0x03, 0x00, 0x00, 0x00, 0x08, 0x46, 0x00, 0x00,
    0x00, 0x00, 0x00, 0x00, 0x00, 0x00, 0x00, 0x00, 0xFF, 0xFF, 0x00, 0x00, 0x39, 0x75, 0x00, 0x00,
    0x00, 0x00, 0x00, 0x00, 0x00, 0x00, 0x00, 0x00, 0x03, 0x00, 0x00, 0x00, 0xF4, 0x45, 0x00, 0x00,
    0x00, 0x00, 0x00, 0x00, 0x00, 0x00, 0x00, 0x00, 0xFF, 0xFF, 0x00, 0x00, 0x35, 0x75, 0x00, 0x00,
    0x00, 0x00, 0x00, 0x00, 0x00, 0x00, 0x00, 0x00, 0x03, 0x00, 0x00, 0x00, 0xE0, 0x45, 0x00, 0x00,
    0x00, 0x00, 0x00, 0x00, 0x00, 0x00, 0x00, 0x00, 0xFF, 0xFF, 0x00, 0x00, 0x30, 0x75, 0x00, 0x00,
    0x00, 0x00, 0x00, 0x00, 0x00, 0x00, 0x00, 0x00, 0x03, 0x00, 0x00, 0x00, 0xCC, 0x45, 0x00, 0x00,
    0x00, 0x00, 0x00, 0x00, 0x00, 0x00, 0x00, 0x00, 0xFF, 0xFF, 0x00, 0x00, 0x34, 0x75, 0x00, 0x00,
    0x00, 0x00, 0x00, 0x00, 0x00, 0x00, 0x00, 0x00, 0x03, 0x00, 0x00, 0x00, 0xB8, 0x45, 0x00, 0x00,
    0x00, 0x00, 0x00, 0x00, 0x00, 0x00, 0x00, 0x00, 0xFF, 0xFF, 0x00, 0x00, 0x39, 0x75, 0x00, 0x00,
    0x00, 0x00, 0x00, 0x00, 0x00, 0x00, 0x00, 0x00, 0x03, 0x00, 0x00, 0x00, 0xA4, 0x45, 0x00, 0x00,
    0x00, 0x00, 0x00, 0x00, 0x00, 0x00, 0x00, 0x00, 0xFF, 0xFF, 0x00, 0x00, 0x14, 0x04, 0x00, 0x00,
    0x01, 0x00, 0x00, 0x00, 0x98, 0x45, 0x00, 0x00, 0x00, 0x00, 0x00, 0x00, 0x00, 0x00, 0x00, 0x00,
    0x01, 0x00, 0x00, 0x00, 0x8C, 0x45, 0x00, 0x00, 0xFF, 0xFF, 0x00, 0x00, 0x01, 0x00, 0x00, 0x00,
    0x84, 0x45, 0x00, 0x00, 0x30, 0x75, 0x00, 0x00, 0x00, 0x00, 0x00, 0x00, 0x00, 0x00, 0x00, 0x00,
    0x03, 0x00, 0x00, 0x00, 0x74, 0x45, 0x00, 0x00, 0x00, 0x00, 0x00, 0x00, 0x00, 0x00, 0x00, 0x00,
    0xFF, 0xFF, 0x00, 0x00, 0x31, 0x75, 0x00, 0x00, 0x00, 0x00, 0x00, 0x00, 0x00, 0x00, 0x00, 0x00,
    0x03, 0x00, 0x00, 0x00, 0x60, 0x45, 0x00, 0x00, 0x00, 0x00, 0x00, 0x00, 0x00, 0x00, 0x00, 0x00,
    0xFF, 0xFF, 0x00, 0x00, 0x32, 0x75, 0x00, 0x00, 0x00, 0x00, 0x00, 0x00, 0x00, 0x00, 0x00, 0x00,
    0x03, 0x00, 0x00, 0x00, 0x4C, 0x45, 0x00, 0x00, 0x00, 0x00, 0x00, 0x00, 0x00, 0x00, 0x00, 0x00,
    0xFF, 0xFF, 0x00, 0x00, 0x34, 0x75, 0x00, 0x00, 0x00, 0x00, 0x00, 0x00, 0x00, 0x00, 0x00, 0x00,
    0x03, 0x00, 0x00, 0x00, 0x38, 0x45, 0x00, 0x00, 0x00, 0x00, 0x00, 0x00, 0x00, 0x00, 0x00, 0x00,
    0xFF, 0xFF, 0x00, 0x00, 0x32, 0x75, 0x00, 0x00, 0x00, 0x00, 0x00, 0x00, 0x00, 0x00, 0x00, 0x00,
    0x03, 0x00, 0x00, 0x00, 0x24, 0x45, 0x00, 0x00, 0x01, 0x00, 0x00, 0x00, 0x28, 0x45, 0x00, 0x00,
    0xFF, 0xFF, 0x00, 0x00, 0x35, 0x75, 0x00, 0x00, 0x00, 0x00, 0x00, 0x00, 0x00, 0x00, 0x00, 0x00,
    0x03, 0x00, 0x00, 0x00, 0x14, 0x45, 0x00, 0x00, 0x00, 0x00, 0x00, 0x00, 0x00, 0x00, 0x00, 0x00,
    0xFF, 0xFF, 0x00, 0x00, 0x30, 0x75, 0x00, 0x00, 0x00, 0x00, 0x00, 0x00, 0x00, 0x00, 0x00, 0x00,
    0x03, 0x00, 0x00, 0x00, 0x00, 0x45, 0x00, 0x00, 0x00, 0x00, 0x00, 0x00, 0x00, 0x00, 0x00, 0x00,
    0xFF, 0xFF, 0x00, 0x00, 0x34, 0x75, 0x00, 0x00, 0x00, 0x00, 0x00, 0x00, 0x00, 0x00, 0x00, 0x00,
    0x03, 0x00, 0x00, 0x00, 0xEC, 0x44, 0x00, 0x00, 0x00, 0x00, 0x00, 0x00, 0x00, 0x00, 0x00, 0x00,
    0xFF, 0xFF, 0x00, 0x00, 0x39, 0x75, 0x00, 0x00, 0x00, 0x00, 0x00, 0x00, 0x00, 0x00, 0x00, 0x00,
    0x03, 0x00, 0x00, 0x00, 0xD8, 0x44, 0x00, 0x00, 0x00, 0x00, 0x00, 0x00, 0x00, 0x00, 0x00, 0x00,
    0xFF, 0xFF, 0x00, 0x00, 0x35, 0x75, 0x00, 0x00, 0x00, 0x00, 0x00, 0x00, 0x00, 0x00, 0x00, 0x00,
    0x03, 0x00, 0x00, 0x00, 0xC4, 0x44, 0x00, 0x00, 0x00, 0x00, 0x00, 0x00, 0x00, 0x00, 0x00, 0x00,
    0xFF, 0xFF, 0x00, 0x00, 0x30, 0x75, 0x00, 0x00, 0x00, 0x00, 0x00, 0x00, 0x00, 0x00, 0x00, 0x00,
    0x03, 0x00, 0x00, 0x00, 0xB0, 0x44, 0x00, 0x00, 0x00, 0x00, 0x00, 0x00, 0x00, 0x00, 0x00, 0x00,
    0xFF, 0xFF, 0x00, 0x00, 0x34, 0x75, 0x00, 0x00, 0x00, 0x00, 0x00, 0x00, 0x00, 0x00, 0x00, 0x00,
    0x03, 0x00, 0x00, 0x00, 0x9C, 0x44, 0x00, 0x00, 0x00, 0x00, 0x00, 0x00, 0x00, 0x00, 0x00, 0x00,
    0xFF, 0xFF, 0x00, 0x00, 0x39, 0x75, 0x00, 0x00, 0x00, 0x00, 0x00, 0x00, 0x00, 0x00, 0x00, 0x00,
    0x03, 0x00, 0x00, 0x00, 0x88, 0x44, 0x00, 0x00, 0x00, 0x00, 0x00, 0x00, 0x00, 0x00, 0x00, 0x00,
    0xFF, 0xFF, 0x00, 0x00, 0x35, 0x75, 0x00, 0x00, 0x00, 0x00, 0x00, 0x00, 0x00, 0x00, 0x00, 0x00,
    0x03, 0x00, 0x00, 0x00, 0x74, 0x44, 0x00, 0x00, 0x00, 0x00, 0x00, 0x00, 0x00, 0x00, 0x00, 0x00,
    0xFF, 0xFF, 0x00, 0x00, 0x30, 0x75, 0x00, 0x00, 0x00, 0x00, 0x00, 0x00, 0x00, 0x00, 0x00, 0x00,
    0x03, 0x00, 0x00, 0x00, 0x60, 0x44, 0x00, 0x00, 0x00, 0x00, 0x00, 0x00, 0x00, 0x00, 0x00, 0x00,
    0xFF, 0xFF, 0x00, 0x00, 0x3C, 0x75, 0x00, 0x00, 0x00, 0x00, 0x00, 0x00, 0x00, 0x00, 0x00, 0x00,
    0x03, 0x00, 0x00, 0x00, 0x4C, 0x44, 0x00, 0x00, 0x00, 0x00, 0x00, 0x00, 0x00, 0x00, 0x00, 0x00,
    0xFF, 0xFF, 0x00, 0x00, 0x34, 0x75, 0x00, 0x00, 0x00, 0x00, 0x00, 0x00, 0x00, 0x00, 0x00, 0x00,
    0x03, 0x00, 0x00, 0x00, 0x38, 0x44, 0x00, 0x00, 0x00, 0x00, 0x00, 0x00, 0x00, 0x00, 0x00, 0x00,
    0xFF, 0xFF, 0x00, 0x00, 0x35, 0x75, 0x00, 0x00, 0x00, 0x00, 0x00, 0x00, 0x00, 0x00, 0x00, 0x00,
    0x03, 0x00, 0x00, 0x00, 0x24, 0x44, 0x00, 0x00, 0x00, 0x00, 0x00, 0x00, 0x00, 0x00, 0x00, 0x00,
    0xFF, 0xFF, 0x00, 0x00, 0x30, 0x75, 0x00, 0x00, 0x00, 0x00, 0x00, 0x00, 0x00, 0x00, 0x00, 0x00,
    0x03, 0x00, 0x00, 0x00, 0x10, 0x44, 0x00, 0x00, 0x00, 0x00, 0x00, 0x00, 0x00, 0x00, 0x00, 0x00,
    0xFF, 0xFF, 0x00, 0x00, 0x34, 0x75, 0x00, 0x00, 0x00, 0x00, 0x00, 0x00, 0x00, 0x00, 0x00, 0x00,
    0x03, 0x00, 0x00, 0x00, 0xFC, 0x43, 0x00, 0x00, 0x00, 0x00, 0x00, 0x00, 0x00, 0x00, 0x00, 0x00,
    0xFF, 0xFF, 0x00, 0x00, 0x39, 0x75, 0x00, 0x00, 0x00, 0x00, 0x00, 0x00, 0x00, 0x00, 0x00, 0x00,
    0x03, 0x00, 0x00, 0x00, 0xE8, 0x43, 0x00, 0x00, 0x00, 0x00, 0x00, 0x00, 0x00, 0x00, 0x00, 0x00,
    0xFF, 0xFF, 0x00, 0x00, 0x14, 0x04, 0x00, 0x00, 0x01, 0x00, 0x00, 0x00, 0xDC, 0x43, 0x00, 0x00,
    0x00, 0x00, 0x00, 0x00, 0x00, 0x00, 0x00, 0x00, 0x01, 0x00, 0x00, 0x00, 0xD0, 0x43, 0x00, 0x00,
    0xFF, 0xFF, 0x00, 0x00, 0x01, 0x00, 0x00, 0x00, 0xC8, 0x43, 0x00, 0x00, 0x30, 0x75, 0x00, 0x00,
    0x00, 0x00, 0x00, 0x00, 0x00, 0x00, 0x00, 0x00, 0x03, 0x00, 0x00, 0x00, 0xB8, 0x43, 0x00, 0x00,
    0x00, 0x00, 0x00, 0x00, 0x00, 0x00, 0x00, 0x00, 0xFF, 0xFF, 0x00, 0x00, 0x31, 0x75, 0x00, 0x00,
    0x00, 0x00, 0x00, 0x00, 0x00, 0x00, 0x00, 0x00, 0x03, 0x00, 0x00, 0x00, 0xA4, 0x43, 0x00, 0x00,
    0x00, 0x00, 0x00, 0x00, 0x00, 0x00, 0x00, 0x00, 0xFF, 0xFF, 0x00, 0x00, 0x32, 0x75, 0x00, 0x00,
    0x00, 0x00, 0x00, 0x00, 0x00, 0x00, 0x00, 0x00, 0x03, 0x00, 0x00, 0x00, 0x90, 0x43, 0x00, 0x00,
    0x00, 0x00, 0x00, 0x00, 0x00, 0x00, 0x00, 0x00, 0xFF, 0xFF, 0x00, 0x00, 0x34, 0x75, 0x00, 0x00,
    0x00, 0x00, 0x00, 0x00, 0x00, 0x00, 0x00, 0x00, 0x03, 0x00, 0x00, 0x00, 0x7C, 0x43, 0x00, 0x00,
    0x00, 0x00, 0x00, 0x00, 0x00, 0x00, 0x00, 0x00, 0xFF, 0xFF, 0x00, 0x00, 0x32, 0x75, 0x00, 0x00,
    0x00, 0x00, 0x00, 0x00, 0x00, 0x00, 0x00, 0x00, 0x03, 0x00, 0x00, 0x00, 0x68, 0x43, 0x00, 0x00,
    0x01, 0x00, 0x00, 0x00, 0x6C, 0x43, 0x00, 0x00, 0xFF, 0xFF, 0x00, 0x00, 0x35, 0x75, 0x00, 0x00,
    0x00, 0x00, 0x00, 0x00, 0x00, 0x00, 0x00, 0x00, 0x03, 0x00, 0x00, 0x00, 0x58, 0x43, 0x00, 0x00,
    0x00, 0x00, 0x00, 0x00, 0x00, 0x00, 0x00, 0x00, 0xFF, 0xFF, 0x00, 0x00, 0x30, 0x75, 0x00, 0x00,
    0x00, 0x00, 0x00, 0x00, 0x00, 0x00, 0x00, 0x00, 0x03, 0x00, 0x00, 0x00, 0x44, 0x43, 0x00, 0x00,
    0x00, 0x00, 0x00, 0x00, 0x00, 0x00, 0x00, 0x00, 0xFF, 0xFF, 0x00, 0x00, 0x34, 0x75, 0x00, 0x00,
    0x00, 0x00, 0x00, 0x00, 0x00, 0x00, 0x00, 0x00, 0x03, 0x00, 0x00, 0x00, 0x30, 0x43, 0x00, 0x00,
    0x00, 0x00, 0x00, 0x00, 0x00, 0x00, 0x00, 0x00, 0xFF, 0xFF, 0x00, 0x00, 0x39, 0x75, 0x00, 0x00,
    0x00, 0x00, 0x00, 0x00, 0x00, 0x00, 0x00, 0x00, 0x03, 0x00, 0x00, 0x00, 0x1C, 0x43, 0x00, 0x00,
    0x00, 0x00, 0x00, 0x00, 0x00, 0x00, 0x00, 0x00, 0xFF, 0xFF, 0x00, 0x00, 0x35, 0x75, 0x00, 0x00,
    0x00, 0x00, 0x00, 0x00, 0x00, 0x00, 0x00, 0x00, 0x03, 0x00, 0x00, 0x00, 0x08, 0x43, 0x00, 0x00,
    0x00, 0x00, 0x00, 0x00, 0x00, 0x00, 0x00, 0x00, 0xFF, 0xFF, 0x00, 0x00, 0x30, 0x75, 0x00, 0x00,
    0x00, 0x00, 0x00, 0x00, 0x00, 0x00, 0x00, 0x00, 0x03, 0x00, 0x00, 0x00, 0xF4, 0x42, 0x00, 0x00,
    0x00, 0x00, 0x00, 0x00, 0x00, 0x00, 0x00, 0x00, 0xFF, 0xFF, 0x00, 0x00, 0x34, 0x75, 0x00, 0x00,
    0x00, 0x00, 0x00, 0x00, 0x00, 0x00, 0x00, 0x00, 0x03, 0x00, 0x00, 0x00, 0xE0, 0x42, 0x00, 0x00,
    0x00, 0x00, 0x00, 0x00, 0x00, 0x00, 0x00, 0x00, 0xFF, 0xFF, 0x00, 0x00, 0x39, 0x75, 0x00, 0x00,
    0x00, 0x00, 0x00, 0x00, 0x00, 0x00, 0x00, 0x00, 0x03, 0x00, 0x00, 0x00, 0xCC, 0x42, 0x00, 0x00,
    0x00, 0x00, 0x00, 0x00, 0x00, 0x00, 0x00, 0x00, 0xFF, 0xFF, 0x00, 0x00, 0x14, 0x04, 0x00, 0x00,
    0x01, 0x00, 0x00, 0x00, 0xC0, 0x42, 0x00, 0x00, 0x00, 0x00, 0x00, 0x00, 0x00, 0x00, 0x00, 0x00,
    0x01, 0x00, 0x00, 0x00, 0xB4, 0x42, 0x00, 0x00, 0xFF, 0xFF, 0x00, 0x00, 0x01, 0x00, 0x00, 0x00,
    0xAC, 0x42, 0x00, 0x00, 0x30, 0x75, 0x00, 0x00, 0x00, 0x00, 0x00, 0x00, 0x00, 0x00, 0x00, 0x00,
    0x03, 0x00, 0x00, 0x00, 0x9C, 0x42, 0x00, 0x00, 0x00, 0x00, 0x00, 0x00, 0x00, 0x00, 0x00, 0x00,
    0xFF, 0xFF, 0x00, 0x00, 0x31, 0x75, 0x00, 0x00, 0x00, 0x00, 0x00, 0x00, 0x00, 0x00, 0x00, 0x00,
    0x03, 0x00, 0x00, 0x00, 0x88, 0x42, 0x00, 0x00, 0x00, 0x00, 0x00, 0x00, 0x00, 0x00, 0x00, 0x00,
    0xFF, 0xFF, 0x00, 0x00, 0x32, 0x75, 0x00, 0x00, 0x00, 0x00, 0x00, 0x00, 0x00, 0x00, 0x00, 0x00,
    0x03, 0x00, 0x00, 0x00, 0x74, 0x42, 0x00, 0x00, 0x00, 0x00, 0x00, 0x00, 0x00, 0x00, 0x00, 0x00,
    0xFF, 0xFF, 0x00, 0x00, 0x34, 0x75, 0x00, 0x00, 0x00, 0x00, 0x00, 0x00, 0x00, 0x00, 0x00, 0x00,
    0x03, 0x00, 0x00, 0x00, 0x60, 0x42, 0x00, 0x00, 0x00, 0x00, 0x00, 0x00, 0x00, 0x00, 0x00, 0x00,
    0xFF, 0xFF, 0x00, 0x00, 0x35, 0x75, 0x00, 0x00, 0x00, 0x00, 0x00, 0x00, 0x00, 0x00, 0x00, 0x00,
    0x03, 0x00, 0x00, 0x00, 0x4C, 0x42, 0x00, 0x00, 0x00, 0x00, 0x00, 0x00, 0x00, 0x00, 0x00, 0x00,
    0xFF, 0xFF, 0x00, 0x00, 0x33, 0x75, 0x00, 0x00, 0x00, 0x00, 0x00, 0x00, 0x00, 0x00, 0x00, 0x00,
    0x03, 0x00, 0x00, 0x00, 0x38, 0x42, 0x00, 0x00, 0x01, 0x00, 0x00, 0x00, 0x3C, 0x42, 0x00, 0x00,
    0xFF, 0xFF, 0x00, 0x00, 0x34, 0x75, 0x00, 0x00, 0x00, 0x00, 0x00, 0x00, 0x00, 0x00, 0x00, 0x00,
    0x03, 0x00, 0x00, 0x00, 0x28, 0x42, 0x00, 0x00, 0x00, 0x00, 0x00, 0x00, 0x00, 0x00, 0x00, 0x00,
    0xFF, 0xFF, 0x00, 0x00, 0x35, 0x75, 0x00, 0x00, 0x00, 0x00, 0x00, 0x00, 0x00, 0x00, 0x00, 0x00,
    0x03, 0x00, 0x00, 0x00, 0x14, 0x42, 0x00, 0x00, 0x00, 0x00, 0x00, 0x00, 0x00, 0x00, 0x00, 0x00,
    0xFF, 0xFF, 0x00, 0x00, 0x33, 0x75, 0x00, 0x00, 0x00, 0x00, 0x00, 0x00, 0x00, 0x00, 0x00, 0x00,
    0x03, 0x00, 0x00, 0x00, 0x00, 0x42, 0x00, 0x00, 0x01, 0x00, 0x00, 0x00, 0x04, 0x42, 0x00, 0x00,
    0xFF, 0xFF, 0x00, 0x00, 0x34, 0x75, 0x00, 0x00, 0x00, 0x00, 0x00, 0x00, 0x00, 0x00, 0x00, 0x00,
    0x03, 0x00, 0x00, 0x00, 0xF0, 0x41, 0x00, 0x00, 0x00, 0x00, 0x00, 0x00, 0x00, 0x00, 0x00, 0x00,
    0xFF, 0xFF, 0x00, 0x00, 0x35, 0x75, 0x00, 0x00, 0x00, 0x00, 0x00, 0x00, 0x00, 0x00, 0x00, 0x00,
    0x03, 0x00, 0x00, 0x00, 0xDC, 0x41, 0x00, 0x00, 0x00, 0x00, 0x00, 0x00, 0x00, 0x00, 0x00, 0x00,
    0xFF, 0xFF, 0x00, 0x00, 0x33, 0x75, 0x00, 0x00, 0x00, 0x00, 0x00, 0x00, 0x00, 0x00, 0x00, 0x00,
    0x03, 0x00, 0x00, 0x00, 0xC8, 0x41, 0x00, 0x00, 0x01, 0x00, 0x00, 0x00, 0xCC, 0x41, 0x00, 0x00,
    0xFF, 0xFF, 0x00, 0x00, 0x34, 0x75, 0x00, 0x00, 0x00, 0x00, 0x00, 0x00, 0x00, 0x00, 0x00, 0x00,
    0x03, 0x00, 0x00, 0x00, 0xB8, 0x41, 0x00, 0x00, 0x00, 0x00, 0x00, 0x00, 0x00, 0x00, 0x00, 0x00,
    0xFF, 0xFF, 0x00, 0x00, 0x35, 0x75, 0x00, 0x00, 0x00, 0x00, 0x00, 0x00, 0x00, 0x00, 0x00, 0x00,
    0x03, 0x00, 0x00, 0x00, 0xA4, 0x41, 0x00, 0x00, 0x00, 0x00, 0x00, 0x00, 0x00, 0x00, 0x00, 0x00,
    0xFF, 0xFF, 0x00, 0x00, 0x33, 0x75, 0x00, 0x00, 0x00, 0x00, 0x00, 0x00, 0x00, 0x00, 0x00, 0x00,
    0x03, 0x00, 0x00, 0x00, 0x90, 0x41, 0x00, 0x00, 0x01, 0x00, 0x00, 0x00, 0x94, 0x41, 0x00, 0x00,
    0xFF, 0xFF, 0x00, 0x00, 0x34, 0x75, 0x00, 0x00, 0x00, 0x00, 0x00, 0x00, 0x00, 0x00, 0x00, 0x00,
    0x03, 0x00, 0x00, 0x00, 0x80, 0x41, 0x00, 0x00, 0x00, 0x00, 0x00, 0x00, 0x00, 0x00, 0x00, 0x00,
    0xFF, 0xFF, 0x00, 0x00, 0x35, 0x75, 0x00, 0x00, 0x00, 0x00, 0x00, 0x00, 0x00, 0x00, 0x00, 0x00,
    0x03, 0x00, 0x00, 0x00, 0x6C, 0x41, 0x00, 0x00, 0x00, 0x00, 0x00, 0x00, 0x00, 0x00, 0x00, 0x00,
    0xFF, 0xFF, 0x00, 0x00, 0x33, 0x75, 0x00, 0x00, 0x00, 0x00, 0x00, 0x00, 0x00, 0x00, 0x00, 0x00,
    0x03, 0x00, 0x00, 0x00, 0x58, 0x41, 0x00, 0x00, 0x01, 0x00, 0x00, 0x00, 0x5C, 0x41, 0x00, 0x00,
    0xFF, 0xFF, 0x00, 0x00, 0x34, 0x75, 0x00, 0x00, 0x00, 0x00, 0x00, 0x00, 0x00, 0x00, 0x00, 0x00,
    0x03, 0x00, 0x00, 0x00, 0x48, 0x41, 0x00, 0x00, 0x00, 0x00, 0x00, 0x00, 0x00, 0x00, 0x00, 0x00,
    0xFF, 0xFF, 0x00, 0x00, 0x32, 0x75, 0x00, 0x00, 0x00, 0x00, 0x00, 0x00, 0x00, 0x00, 0x00, 0x00,
    0x03, 0x00, 0x00, 0x00, 0x34, 0x41, 0x00, 0x00, 0x01, 0x00, 0x00, 0x00, 0x38, 0x41, 0x00, 0x00,
    0xFF, 0xFF, 0x00, 0x00, 0x35, 0x75, 0x00, 0x00, 0x00, 0x00, 0x00, 0x00, 0x00, 0x00, 0x00, 0x00,
    0x03, 0x00, 0x00, 0x00, 0x24, 0x41, 0x00, 0x00, 0x00, 0x00, 0x00, 0x00, 0x00, 0x00, 0x00, 0x00,
    0xFF, 0xFF, 0x00, 0x00, 0x33, 0x75, 0x00, 0x00, 0x00, 0x00, 0x00, 0x00, 0x00, 0x00, 0x00, 0x00,
    0x03, 0x00, 0x00, 0x00, 0x10, 0x41, 0x00, 0x00, 0x01, 0x00, 0x00, 0x00, 0x14, 0x41, 0x00, 0x00,
    0xFF, 0xFF, 0x00, 0x00, 0x34, 0x75, 0x00, 0x00, 0x00, 0x00, 0x00, 0x00, 0x00, 0x00, 0x00, 0x00,
    0x03, 0x00, 0x00, 0x00, 0x00, 0x41, 0x00, 0x00, 0x00, 0x00, 0x00, 0x00, 0x00, 0x00, 0x00, 0x00,
    0xFF, 0xFF, 0x00, 0x00, 0x14, 0x04, 0x00, 0x00, 0x01, 0x00, 0x00, 0x00, 0xF4, 0x40, 0x00, 0x00,
    0x00, 0x00, 0x00, 0x00, 0x00, 0x00, 0x00, 0x00, 0x01, 0x00, 0x00, 0x00, 0xE8, 0x40, 0x00, 0x00,
    0xFF, 0xFF, 0x00, 0x00, 0x01, 0x00, 0x00, 0x00, 0xE0, 0x40, 0x00, 0x00, 0x14, 0x04, 0x00, 0x00,
    0x01, 0x00, 0x00, 0x00, 0xD8, 0x40, 0x00, 0x00, 0x00, 0x00, 0x00, 0x00, 0x00, 0x00, 0x00, 0x00,
    0x01, 0x00, 0x00, 0x00, 0xCC, 0x40, 0x00, 0x00, 0xFF, 0xFF, 0x00, 0x00, 0x01, 0x00, 0x00, 0x00,
    0xC4, 0x40, 0x00, 0x00, 0x14, 0x04, 0x00, 0x00, 0x01, 0x00, 0x00, 0x00, 0xBC, 0x40, 0x00, 0x00,
    0x00, 0x00, 0x00, 0x00, 0x00, 0x00, 0x00, 0x00, 0x01, 0x00, 0x00, 0x00, 0xB0, 0x40, 0x00, 0x00,
    0xFF, 0xFF, 0x00, 0x00, 0x01, 0x00, 0x00, 0x00, 0xA8, 0x40, 0x00, 0x00, 0x14, 0x04, 0x00, 0x00,
    0x01, 0x00, 0x00, 0x00, 0xA0, 0x40, 0x00, 0x00, 0x00, 0x00, 0x00, 0x00, 0x00, 0x00, 0x00, 0x00,
    0x01, 0x00, 0x00, 0x00, 0x94, 0x40, 0x00, 0x00, 0xFF, 0xFF, 0x00, 0x00, 0x01, 0x00, 0x00, 0x00,
    0x8C, 0x40, 0x00, 0x00, 0x14, 0x04, 0x00, 0x00, 0x01, 0x00, 0x00, 0x00, 0x84, 0x40, 0x00, 0x00,
    0x00, 0x00, 0x00, 0x00, 0x00, 0x00, 0x00, 0x00, 0x01, 0x00, 0x00, 0x00, 0x78, 0x40, 0x00, 0x00,
    0xFF, 0xFF, 0x00, 0x00, 0x01, 0x00, 0x00, 0x00, 0x70, 0x40, 0x00, 0x00, 0x14, 0x04, 0x00, 0x00,
    0x01, 0x00, 0x00, 0x00, 0x68, 0x40, 0x00, 0x00, 0x00, 0x00, 0x00, 0x00, 0x00, 0x00, 0x00, 0x00,
    0x01, 0x00, 0x00, 0x00, 0x5C, 0x40, 0x00, 0x00, 0xFF, 0xFF, 0x00, 0x00, 0x01, 0x00, 0x00, 0x00,
    0x54, 0x40, 0x00, 0x00, 0x14, 0x04, 0x00, 0x00, 0x01, 0x00, 0x00, 0x00, 0x4C, 0x40, 0x00, 0x00,
    0x00, 0x00, 0x00, 0x00, 0x00, 0x00, 0x00, 0x00, 0x01, 0x00, 0x00, 0x00, 0x40, 0x40, 0x00, 0x00,
    0xFF, 0xFF, 0x00, 0x00, 0x01, 0x00, 0x00, 0x00, 0x38, 0x40, 0x00, 0x00, 0x30, 0x75, 0x00, 0x00,
    0x00, 0x00, 0x00, 0x00, 0x00, 0x00, 0x00, 0x00, 0x03, 0x00, 0x00, 0x00, 0x28, 0x40, 0x00, 0x00,
    0x00, 0x00, 0x00, 0x00, 0x00, 0x00, 0x00, 0x00, 0xFF, 0xFF, 0x00, 0x00, 0x31, 0x75, 0x00, 0x00,
    0x00, 0x00, 0x00, 0x00, 0x00, 0x00, 0x00, 0x00, 0x03, 0x00, 0x00, 0x00, 0x14, 0x40, 0x00, 0x00,
    0x00, 0x00, 0x00, 0x00, 0x00, 0x00, 0x00, 0x00, 0xFF, 0xFF, 0x00, 0x00, 0x32, 0x75, 0x00, 0x00,
    0x00, 0x00, 0x00, 0x00, 0x00, 0x00, 0x00, 0x00, 0x03, 0x00, 0x00, 0x00, 0x00, 0x40, 0x00, 0x00,
    0x00, 0x00, 0x00, 0x00, 0x00, 0x00, 0x00, 0x00, 0xFF, 0xFF, 0x00, 0x00, 0x34, 0x75, 0x00, 0x00,
    0x00, 0x00, 0x00, 0x00, 0x00, 0x00, 0x00, 0x00, 0x03, 0x00, 0x00, 0x00, 0xEC, 0x3F, 0x00, 0x00,
    0x00, 0x00, 0x00, 0x00, 0x00, 0x00, 0x00, 0x00, 0xFF, 0xFF, 0x00, 0x00, 0x35, 0x75, 0x00, 0x00,
    0x00, 0x00, 0x00, 0x00, 0x00, 0x00, 0x00, 0x00, 0x03, 0x00, 0x00, 0x00, 0xD8, 0x3F, 0x00, 0x00,
    0x00, 0x00, 0x00, 0x00, 0x00, 0x00, 0x00, 0x00, 0xFF, 0xFF, 0x00, 0x00, 0x33, 0x75, 0x00, 0x00,
    0x00, 0x00, 0x00, 0x00, 0x00, 0x00, 0x00, 0x00, 0x03, 0x00, 0x00, 0x00, 0xC4, 0x3F, 0x00, 0x00,
    0x01, 0x00, 0x00, 0x00, 0xC8, 0x3F, 0x00, 0x00, 0xFF, 0xFF, 0x00, 0x00, 0x34, 0x75, 0x00, 0x00,
    0x00, 0x00, 0x00, 0x00, 0x00, 0x00, 0x00, 0x00, 0x03, 0x00, 0x00, 0x00, 0xB4, 0x3F, 0x00, 0x00,
    0x00, 0x00, 0x00, 0x00, 0x00, 0x00, 0x00, 0x00, 0xFF, 0xFF, 0x00, 0x00, 0x32, 0x75, 0x00, 0x00,
    0x00, 0x00, 0x00, 0x00, 0x00, 0x00, 0x00, 0x00, 0x03, 0x00, 0x00, 0x00, 0xA0, 0x3F, 0x00, 0x00,
    0x01, 0x00, 0x00, 0x00, 0xA4, 0x3F, 0x00, 0x00, 0xFF, 0xFF, 0x00, 0x00, 0x14, 0x04, 0x00, 0x00,
    0x01, 0x00, 0x00, 0x00, 0x98, 0x3F, 0x00, 0x00, 0x00, 0x00, 0x00, 0x00, 0x00, 0x00, 0x00, 0x00,
    0x01, 0x00, 0x00, 0x00, 0x8C, 0x3F, 0x00, 0x00, 0xFF, 0xFF, 0x00, 0x00, 0x01, 0x00, 0x00, 0x00,
    0x84, 0x3F, 0x00, 0x00, 0x14, 0x04, 0x00, 0x00, 0x01, 0x00, 0x00, 0x00, 0x7C, 0x3F, 0x00, 0x00,
    0x00, 0x00, 0x00, 0x00, 0x00, 0x00, 0x00, 0x00, 0x01, 0x00, 0x00, 0x00, 0x70, 0x3F, 0x00, 0x00,
    0xFF, 0xFF, 0x00, 0x00, 0x01, 0x00, 0x00, 0x00, 0x68, 0x3F, 0x00, 0x00, 0x30, 0x75, 0x00, 0x00,
    0x00, 0x00, 0x00, 0x00, 0x00, 0x00, 0x00, 0x00, 0x03, 0x00, 0x00, 0x00, 0x58, 0x3F, 0x00, 0x00,
    0x00, 0x00, 0x00, 0x00, 0x00, 0x00, 0x00, 0x00, 0xFF, 0xFF, 0x00, 0x00, 0x31, 0x75, 0x00, 0x00,
    0x00, 0x00, 0x00, 0x00, 0x00, 0x00, 0x00, 0x00, 0x03, 0x00, 0x00, 0x00, 0x44, 0x3F, 0x00, 0x00,
    0x00, 0x00, 0x00, 0x00, 0x00, 0x00, 0x00, 0x00, 0xFF, 0xFF, 0x00, 0x00, 0x32, 0x75, 0x00, 0x00,
    0x00, 0x00, 0x00, 0x00, 0x00, 0x00, 0x00, 0x00, 0x03, 0x00, 0x00, 0x00, 0x30, 0x3F, 0x00, 0x00,
    0x00, 0x00, 0x00, 0x00, 0x00, 0x00, 0x00, 0x00, 0xFF, 0xFF, 0x00, 0x00, 0x34, 0x75, 0x00, 0x00,
    0x00, 0x00, 0x00, 0x00, 0x00, 0x00, 0x00, 0x00, 0x03, 0x00, 0x00, 0x00, 0x1C, 0x3F, 0x00, 0x00,
    0x00, 0x00, 0x00, 0x00, 0x00, 0x00, 0x00, 0x00, 0xFF, 0xFF, 0x00, 0x00, 0x32, 0x75, 0x00, 0x00,
    0x00, 0x00, 0x00, 0x00, 0x00, 0x00, 0x00, 0x00, 0x03, 0x00, 0x00, 0x00, 0x08, 0x3F, 0x00, 0x00,
    0x01, 0x00, 0x00, 0x00, 0x0C, 0x3F, 0x00, 0x00, 0xFF, 0xFF, 0x00, 0x00, 0x35, 0x75, 0x00, 0x00,
    0x00, 0x00, 0x00, 0x00, 0x00, 0x00, 0x00, 0x00, 0x03, 0x00, 0x00, 0x00, 0xF8, 0x3E, 0x00, 0x00,
    0x00, 0x00, 0x00, 0x00, 0x00, 0x00, 0x00, 0x00, 0xFF, 0xFF, 0x00, 0x00, 0x30, 0x75, 0x00, 0x00,
    0x00, 0x00, 0x00, 0x00, 0x00, 0x00, 0x00, 0x00, 0x03, 0x00, 0x00, 0x00, 0xE4, 0x3E, 0x00, 0x00,
    0x00, 0x00, 0x00, 0x00, 0x00, 0x00, 0x00, 0x00, 0xFF, 0xFF, 0x00, 0x00, 0x34, 0x75, 0x00, 0x00,
    0x00, 0x00, 0x00, 0x00, 0x00, 0x00, 0x00, 0x00, 0x03, 0x00, 0x00, 0x00, 0xD0, 0x3E, 0x00, 0x00,
    0x00, 0x00, 0x00, 0x00, 0x00, 0x00, 0x00, 0x00, 0xFF, 0xFF, 0x00, 0x00, 0x3A, 0x75, 0x00, 0x00,
    0x00, 0x00, 0x00, 0x00, 0x00, 0x00, 0x00, 0x00, 0x03, 0x00, 0x00, 0x00, 0xBC, 0x3E, 0x00, 0x00,
    0x00, 0x00, 0x00, 0x00, 0x00, 0x00, 0x00, 0x00, 0xFF, 0xFF, 0x00, 0x00, 0x35, 0x75, 0x00, 0x00,
    0x00, 0x00, 0x00, 0x00, 0x00, 0x00, 0x00, 0x00, 0x03, 0x00, 0x00, 0x00, 0xA8, 0x3E, 0x00, 0x00,
    0x00, 0x00, 0x00, 0x00, 0x00, 0x00, 0x00, 0x00, 0xFF, 0xFF, 0x00, 0x00, 0x30, 0x75, 0x00, 0x00,
    0x00, 0x00, 0x00, 0x00, 0x00, 0x00, 0x00, 0x00, 0x03, 0x00, 0x00, 0x00, 0x94, 0x3E, 0x00, 0x00,
    0x00, 0x00, 0x00, 0x00, 0x00, 0x00, 0x00, 0x00, 0xFF, 0xFF, 0x00, 0x00, 0x34, 0x75, 0x00, 0x00,
    0x00, 0x00, 0x00, 0x00, 0x00, 0x00, 0x00, 0x00, 0x03, 0x00, 0x00, 0x00, 0x80, 0x3E, 0x00, 0x00,
    0x00, 0x00, 0x00, 0x00, 0x00, 0x00, 0x00, 0x00, 0xFF, 0xFF, 0x00, 0x00, 0x3A, 0x75, 0x00, 0x00,
    0x00, 0x00, 0x00, 0x00, 0x00, 0x00, 0x00, 0x00, 0x03, 0x00, 0x00, 0x00, 0x6C, 0x3E, 0x00, 0x00,
    0x00, 0x00, 0x00, 0x00, 0x00, 0x00, 0x00, 0x00, 0xFF, 0xFF, 0x00, 0x00, 0x14, 0x04, 0x00, 0x00,
    0x01, 0x00, 0x00, 0x00, 0x60, 0x3E, 0x00, 0x00, 0x00, 0x00, 0x00, 0x00, 0x00, 0x00, 0x00, 0x00,
    0x01, 0x00, 0x00, 0x00, 0x54, 0x3E, 0x00, 0x00, 0xFF, 0xFF, 0x00, 0x00, 0x01, 0x00, 0x00, 0x00,
    0x4C, 0x3E, 0x00, 0x00, 0x30, 0x75, 0x00, 0x00, 0x00, 0x00, 0x00, 0x00, 0x00, 0x00, 0x00, 0x00,
    0x03, 0x00, 0x00, 0x00, 0x3C, 0x3E, 0x00, 0x00, 0x00, 0x00, 0x00, 0x00, 0x00, 0x00, 0x00, 0x00,
    0xFF, 0xFF, 0x00, 0x00, 0x31, 0x75, 0x00, 0x00, 0x00, 0x00, 0x00, 0x00, 0x00, 0x00, 0x00, 0x00,
    0x03, 0x00, 0x00, 0x00, 0x28, 0x3E, 0x00, 0x00, 0x00, 0x00, 0x00, 0x00, 0x00, 0x00, 0x00, 0x00,
    0xFF, 0xFF, 0x00, 0x00, 0x32, 0x75, 0x00, 0x00, 0x00, 0x00, 0x00, 0x00, 0x00, 0x00, 0x00, 0x00,
    0x03, 0x00, 0x00, 0x00, 0x14, 0x3E, 0x00, 0x00, 0x00, 0x00, 0x00, 0x00, 0x00, 0x00, 0x00, 0x00,
    0xFF, 0xFF, 0x00, 0x00, 0x34, 0x75, 0x00, 0x00, 0x00, 0x00, 0x00, 0x00, 0x00, 0x00, 0x00, 0x00,
    0x03, 0x00, 0x00, 0x00, 0x00, 0x3E, 0x00, 0x00, 0x00, 0x00, 0x00, 0x00, 0x00, 0x00, 0x00, 0x00,
    0xFF, 0xFF, 0x00, 0x00, 0x32, 0x75, 0x00, 0x00, 0x00, 0x00, 0x00, 0x00, 0x00, 0x00, 0x00, 0x00,
    0x03, 0x00, 0x00, 0x00, 0xEC, 0x3D, 0x00, 0x00, 0x01, 0x00, 0x00, 0x00, 0xF0, 0x3D, 0x00, 0x00,
    0xFF, 0xFF, 0x00, 0x00, 0x35, 0x75, 0x00, 0x00, 0x00, 0x00, 0x00, 0x00, 0x00, 0x00, 0x00, 0x00,
    0x03, 0x00, 0x00, 0x00, 0xDC, 0x3D, 0x00, 0x00, 0x00, 0x00, 0x00, 0x00, 0x00, 0x00, 0x00, 0x00,
    0xFF, 0xFF, 0x00, 0x00, 0x30, 0x75, 0x00, 0x00, 0x00, 0x00, 0x00, 0x00, 0x00, 0x00, 0x00, 0x00,
    0x03, 0x00, 0x00, 0x00, 0xC8, 0x3D, 0x00, 0x00, 0x00, 0x00, 0x00, 0x00, 0x00, 0x00, 0x00, 0x00,
    0xFF, 0xFF, 0x00, 0x00, 0x34, 0x75, 0x00, 0x00, 0x00, 0x00, 0x00, 0x00, 0x00, 0x00, 0x00, 0x00,
    0x03, 0x00, 0x00, 0x00, 0xB4, 0x3D, 0x00, 0x00, 0x00, 0x00, 0x00, 0x00, 0x00, 0x00, 0x00, 0x00,
    0xFF, 0xFF, 0x00, 0x00, 0x3A, 0x75, 0x00, 0x00, 0x00, 0x00, 0x00, 0x00, 0x00, 0x00, 0x00, 0x00,
    0x03, 0x00, 0x00, 0x00, 0xA0, 0x3D, 0x00, 0x00, 0x00, 0x00, 0x00, 0x00, 0x00, 0x00, 0x00, 0x00,
    0xFF, 0xFF, 0x00, 0x00, 0x35, 0x75, 0x00, 0x00, 0x00, 0x00, 0x00, 0x00, 0x00, 0x00, 0x00, 0x00,
    0x03, 0x00, 0x00, 0x00, 0x8C, 0x3D, 0x00, 0x00, 0x00, 0x00, 0x00, 0x00, 0x00, 0x00, 0x00, 0x00,
    0xFF, 0xFF, 0x00, 0x00, 0x33, 0x75, 0x00, 0x00, 0x00, 0x00, 0x00, 0x00, 0x00, 0x00, 0x00, 0x00,
    0x03, 0x00, 0x00, 0x00, 0x78, 0x3D, 0x00, 0x00, 0x01, 0x00, 0x00, 0x00, 0x7C, 0x3D, 0x00, 0x00,
    0xFF, 0xFF, 0x00, 0x00, 0x34, 0x75, 0x00, 0x00, 0x00, 0x00, 0x00, 0x00, 0x00, 0x00, 0x00, 0x00,
    0x03, 0x00, 0x00, 0x00, 0x68, 0x3D, 0x00, 0x00, 0x00, 0x00, 0x00, 0x00, 0x00, 0x00, 0x00, 0x00,
    0xFF, 0xFF, 0x00, 0x00, 0x14, 0x04, 0x00, 0x00, 0x01, 0x00, 0x00, 0x00, 0x5C, 0x3D, 0x00, 0x00,
    0x00, 0x00, 0x00, 0x00, 0x00, 0x00, 0x00, 0x00, 0x01, 0x00, 0x00, 0x00, 0x50, 0x3D, 0x00, 0x00,
    0xFF, 0xFF, 0x00, 0x00, 0x01, 0x00, 0x00, 0x00, 0x48, 0x3D, 0x00, 0x00, 0x14, 0x04, 0x00, 0x00,
    0x01, 0x00, 0x00, 0x00, 0x40, 0x3D, 0x00, 0x00, 0x00, 0x00, 0x00, 0x00, 0x00, 0x00, 0x00, 0x00,
    0x01, 0x00, 0x00, 0x00, 0x34, 0x3D, 0x00, 0x00, 0xFF, 0xFF, 0x00, 0x00, 0x01, 0x00, 0x00, 0x00,
    0x2C, 0x3D, 0x00, 0x00, 0x30, 0x75, 0x00, 0x00, 0x00, 0x00, 0x00, 0x00, 0x00, 0x00, 0x00, 0x00,
    0x03, 0x00, 0x00, 0x00, 0x1C, 0x3D, 0x00, 0x00, 0x00, 0x00, 0x00, 0x00, 0x00, 0x00, 0x00, 0x00,
    0xFF, 0xFF, 0x00, 0x00, 0x31, 0x75, 0x00, 0x00, 0x00, 0x00, 0x00, 0x00, 0x00, 0x00, 0x00, 0x00,
    0x03, 0x00, 0x00, 0x00, 0x08, 0x3D, 0x00, 0x00, 0x00, 0x00, 0x00, 0x00, 0x00, 0x00, 0x00, 0x00,
    0xFF, 0xFF, 0x00, 0x00, 0x32, 0x75, 0x00, 0x00, 0x00, 0x00, 0x00, 0x00, 0x00, 0x00, 0x00, 0x00,
    0x03, 0x00, 0x00, 0x00, 0xF4, 0x3C, 0x00, 0x00, 0x00, 0x00, 0x00, 0x00, 0x00, 0x00, 0x00, 0x00,
    0xFF, 0xFF, 0x00, 0x00, 0x34, 0x75, 0x00, 0x00, 0x00, 0x00, 0x00, 0x00, 0x00, 0x00, 0x00, 0x00,
    0x03, 0x00, 0x00, 0x00, 0xE0, 0x3C, 0x00, 0x00, 0x00, 0x00, 0x00, 0x00, 0x00, 0x00, 0x00, 0x00,
    0xFF, 0xFF, 0x00, 0x00, 0x32, 0x75, 0x00, 0x00, 0x00, 0x00, 0x00, 0x00, 0x00, 0x00, 0x00, 0x00,
    0x03, 0x00, 0x00, 0x00, 0xCC, 0x3C, 0x00, 0x00, 0x01, 0x00, 0x00, 0x00, 0xD0, 0x3C, 0x00, 0x00,
    0xFF, 0xFF, 0x00, 0x00, 0x35, 0x75, 0x00, 0x00, 0x00, 0x00, 0x00, 0x00, 0x00, 0x00, 0x00, 0x00,
    0x03, 0x00, 0x00, 0x00, 0xBC, 0x3C, 0x00, 0x00, 0x00, 0x00, 0x00, 0x00, 0x00, 0x00, 0x00, 0x00,
    0xFF, 0xFF, 0x00, 0x00, 0x30, 0x75, 0x00, 0x00, 0x00, 0x00, 0x00, 0x00, 0x00, 0x00, 0x00, 0x00,
    0x03, 0x00, 0x00, 0x00, 0xA8, 0x3C, 0x00, 0x00, 0x00, 0x00, 0x00, 0x00, 0x00, 0x00, 0x00, 0x00,
    0xFF, 0xFF, 0x00, 0x00, 0x3B, 0x75, 0x00, 0x00, 0x00, 0x00, 0x00, 0x00, 0x00, 0x00, 0x00, 0x00,
    0x03, 0x00, 0x00, 0x00, 0x94, 0x3C, 0x00, 0x00, 0x00, 0x00, 0x00, 0x00, 0x00, 0x00, 0x00, 0x00,
    0xFF, 0xFF, 0x00, 0x00, 0x34, 0x75, 0x00, 0x00, 0x00, 0x00, 0x00, 0x00, 0x00, 0x00, 0x00, 0x00,
    0x03, 0x00, 0x00, 0x00, 0x80, 0x3C, 0x00, 0x00, 0x00, 0x00, 0x00, 0x00, 0x00, 0x00, 0x00, 0x00,
    0xFF, 0xFF, 0x00, 0x00, 0x35, 0x75, 0x00, 0x00, 0x00, 0x00, 0x00, 0x00, 0x00, 0x00, 0x00, 0x00,
    0x03, 0x00, 0x00, 0x00, 0x6C, 0x3C, 0x00, 0x00, 0x00, 0x00, 0x00, 0x00, 0x00, 0x00, 0x00, 0x00,
    0xFF, 0xFF, 0x00, 0x00, 0x30, 0x75, 0x00, 0x00, 0x00, 0x00, 0x00, 0x00, 0x00, 0x00, 0x00, 0x00,
    0x03, 0x00, 0x00, 0x00, 0x58, 0x3C, 0x00, 0x00, 0x00, 0x00, 0x00, 0x00, 0x00, 0x00, 0x00, 0x00,
    0xFF, 0xFF, 0x00, 0x00, 0x34, 0x75, 0x00, 0x00, 0x00, 0x00, 0x00, 0x00, 0x00, 0x00, 0x00, 0x00,
    0x03, 0x00, 0x00, 0x00, 0x44, 0x3C, 0x00, 0x00, 0x00, 0x00, 0x00, 0x00, 0x00, 0x00, 0x00, 0x00,
    0xFF, 0xFF, 0x00, 0x00, 0x39, 0x75, 0x00, 0x00, 0x00, 0x00, 0x00, 0x00, 0x00, 0x00, 0x00, 0x00,
    0x03, 0x00, 0x00, 0x00, 0x30, 0x3C, 0x00, 0x00, 0x00, 0x00, 0x00, 0x00, 0x00, 0x00, 0x00, 0x00,
    0xFF, 0xFF, 0x00, 0x00, 0x35, 0x75, 0x00, 0x00, 0x00, 0x00, 0x00, 0x00, 0x00, 0x00, 0x00, 0x00,
    0x03, 0x00, 0x00, 0x00, 0x1C, 0x3C, 0x00, 0x00, 0x00, 0x00, 0x00, 0x00, 0x00, 0x00, 0x00, 0x00,
    0xFF, 0xFF, 0x00, 0x00, 0x30, 0x75, 0x00, 0x00, 0x00, 0x00, 0x00, 0x00, 0x00, 0x00, 0x00, 0x00,
    0x03, 0x00, 0x00, 0x00, 0x08, 0x3C, 0x00, 0x00, 0x00, 0x00, 0x00, 0x00, 0x00, 0x00, 0x00, 0x00,
    0xFF, 0xFF, 0x00, 0x00, 0x3C, 0x75, 0x00, 0x00, 0x00, 0x00, 0x00, 0x00, 0x00, 0x00, 0x00, 0x00,
    0x03, 0x00, 0x00, 0x00, 0xF4, 0x3B, 0x00, 0x00, 0x00, 0x00, 0x00, 0x00, 0x00, 0x00, 0x00, 0x00,
    0xFF, 0xFF, 0x00, 0x00, 0x34, 0x75, 0x00, 0x00, 0x00, 0x00, 0x00, 0x00, 0x00, 0x00, 0x00, 0x00,
    0x03, 0x00, 0x00, 0x00, 0xE0, 0x3B, 0x00, 0x00, 0x00, 0x00, 0x00, 0x00, 0x00, 0x00, 0x00, 0x00,
    0xFF, 0xFF, 0x00, 0x00, 0x14, 0x04, 0x00, 0x00, 0x01, 0x00, 0x00, 0x00, 0xD4, 0x3B, 0x00, 0x00,
    0x00, 0x00, 0x00, 0x00, 0x00, 0x00, 0x00, 0x00, 0x01, 0x00, 0x00, 0x00, 0xC8, 0x3B, 0x00, 0x00,
    0xFF, 0xFF, 0x00, 0x00, 0x01, 0x00, 0x00, 0x00, 0xC0, 0x3B, 0x00, 0x00, 0x30, 0x75, 0x00, 0x00,
    0x00, 0x00, 0x00, 0x00, 0x00, 0x00, 0x00, 0x00, 0x03, 0x00, 0x00, 0x00, 0xB0, 0x3B, 0x00, 0x00,
    0x00, 0x00, 0x00, 0x00, 0x00, 0x00, 0x00, 0x00, 0xFF, 0xFF, 0x00, 0x00, 0x31, 0x75, 0x00, 0x00,
    0x00, 0x00, 0x00, 0x00, 0x00, 0x00, 0x00, 0x00, 0x03, 0x00, 0x00, 0x00, 0x9C, 0x3B, 0x00, 0x00,
    0x00, 0x00, 0x00, 0x00, 0x00, 0x00, 0x00, 0x00, 0xFF, 0xFF, 0x00, 0x00, 0x32, 0x75, 0x00, 0x00,
    0x00, 0x00, 0x00, 0x00, 0x00, 0x00, 0x00, 0x00, 0x03, 0x00, 0x00, 0x00, 0x88, 0x3B, 0x00, 0x00,
    0x00, 0x00, 0x00, 0x00, 0x00, 0x00, 0x00, 0x00, 0xFF, 0xFF, 0x00, 0x00, 0x34, 0x75, 0x00, 0x00,
    0x00, 0x00, 0x00, 0x00, 0x00, 0x00, 0x00, 0x00, 0x03, 0x00, 0x00, 0x00, 0x74, 0x3B, 0x00, 0x00,
    0x00, 0x00, 0x00, 0x00, 0x00, 0x00, 0x00, 0x00, 0xFF, 0xFF, 0x00, 0x00, 0x32, 0x75, 0x00, 0x00,
    0x00, 0x00, 0x00, 0x00, 0x00, 0x00, 0x00, 0x00, 0x03, 0x00, 0x00, 0x00, 0x60, 0x3B, 0x00, 0x00,
    0x01, 0x00, 0x00, 0x00, 0x64, 0x3B, 0x00, 0x00, 0xFF, 0xFF, 0x00, 0x00, 0x35, 0x75, 0x00, 0x00,
    0x00, 0x00, 0x00, 0x00, 0x00, 0x00, 0x00, 0x00, 0x03, 0x00, 0x00, 0x00, 0x50, 0x3B, 0x00, 0x00,
    0x00, 0x00, 0x00, 0x00, 0x00, 0x00, 0x00, 0x00, 0xFF, 0xFF, 0x00, 0x00, 0x30, 0x75, 0x00, 0x00,
    0x00, 0x00, 0x00, 0x00, 0x00, 0x00, 0x00, 0x00, 0x03, 0x00, 0x00, 0x00, 0x3C, 0x3B, 0x00, 0x00,
    0x00, 0x00, 0x00, 0x00, 0x00, 0x00, 0x00, 0x00, 0xFF, 0xFF, 0x00, 0x00, 0x3B, 0x75, 0x00, 0x00,
    0x00, 0x00, 0x00, 0x00, 0x00, 0x00, 0x00, 0x00, 0x03, 0x00, 0x00, 0x00, 0x28, 0x3B, 0x00, 0x00,
    0x00, 0x00, 0x00, 0x00, 0x00, 0x00, 0x00, 0x00, 0xFF, 0xFF, 0x00, 0x00, 0x34, 0x75, 0x00, 0x00,
    0x00, 0x00, 0x00, 0x00, 0x00, 0x00, 0x00, 0x00, 0x03, 0x00, 0x00, 0x00, 0x14, 0x3B, 0x00, 0x00,
    0x00, 0x00, 0x00, 0x00, 0x00, 0x00, 0x00, 0x00, 0xFF, 0xFF, 0x00, 0x00, 0x35, 0x75, 0x00, 0x00,
    0x00, 0x00, 0x00, 0x00, 0x00, 0x00, 0x00, 0x00, 0x03, 0x00, 0x00, 0x00, 0x00, 0x3B, 0x00, 0x00,
    0x00, 0x00, 0x00, 0x00, 0x00, 0x00, 0x00, 0x00, 0xFF, 0xFF, 0x00, 0x00, 0x30, 0x75, 0x00, 0x00,
    0x00, 0x00, 0x00, 0x00, 0x00, 0x00, 0x00, 0x00, 0x03, 0x00, 0x00, 0x00, 0xEC, 0x3A, 0x00, 0x00,
    0x00, 0x00, 0x00, 0x00, 0x00, 0x00, 0x00, 0x00, 0xFF, 0xFF, 0x00, 0x00, 0x34, 0x75, 0x00, 0x00,
    0x00, 0x00, 0x00, 0x00, 0x00, 0x00, 0x00, 0x00, 0x03, 0x00, 0x00, 0x00, 0xD8, 0x3A, 0x00, 0x00,
    0x00, 0x00, 0x00, 0x00, 0x00, 0x00, 0x00, 0x00, 0xFF, 0xFF, 0x00, 0x00, 0x3A, 0x75, 0x00, 0x00,
    0x00, 0x00, 0x00, 0x00, 0x00, 0x00, 0x00, 0x00, 0x03, 0x00, 0x00, 0x00, 0xC4, 0x3A, 0x00, 0x00,
    0x00, 0x00, 0x00, 0x00, 0x00, 0x00, 0x00, 0x00, 0xFF, 0xFF, 0x00, 0x00, 0x35, 0x75, 0x00, 0x00,
    0x00, 0x00, 0x00, 0x00, 0x00, 0x00, 0x00, 0x00, 0x03, 0x00, 0x00, 0x00, 0xB0, 0x3A, 0x00, 0x00,
    0x00, 0x00, 0x00, 0x00, 0x00, 0x00, 0x00, 0x00, 0xFF, 0xFF, 0x00, 0x00, 0x30, 0x75, 0x00, 0x00,
    0x00, 0x00, 0x00, 0x00, 0x00, 0x00, 0x00, 0x00, 0x03, 0x00, 0x00, 0x00, 0x9C, 0x3A, 0x00, 0x00,
    0x00, 0x00, 0x00, 0x00, 0x00, 0x00, 0x00, 0x00, 0xFF, 0xFF, 0x00, 0x00, 0x3B, 0x75, 0x00, 0x00,
    0x00, 0x00, 0x00, 0x00, 0x00, 0x00, 0x00, 0x00, 0x03, 0x00, 0x00, 0x00, 0x88, 0x3A, 0x00, 0x00,
    0x00, 0x00, 0x00, 0x00, 0x00, 0x00, 0x00, 0x00, 0xFF, 0xFF, 0x00, 0x00, 0x34, 0x75, 0x00, 0x00,
    0x00, 0x00, 0x00, 0x00, 0x00, 0x00, 0x00, 0x00, 0x03, 0x00, 0x00, 0x00, 0x74, 0x3A, 0x00, 0x00,
    0x00, 0x00, 0x00, 0x00, 0x00, 0x00, 0x00, 0x00, 0xFF, 0xFF, 0x00, 0x00, 0x35, 0x75, 0x00, 0x00,
    0x00, 0x00, 0x00, 0x00, 0x00, 0x00, 0x00, 0x00, 0x03, 0x00, 0x00, 0x00, 0x60, 0x3A, 0x00, 0x00,
    0x00, 0x00, 0x00, 0x00, 0x00, 0x00, 0x00, 0x00, 0xFF, 0xFF, 0x00, 0x00, 0x30, 0x75, 0x00, 0x00,
    0x00, 0x00, 0x00, 0x00, 0x00, 0x00, 0x00, 0x00, 0x03, 0x00, 0x00, 0x00, 0x4C, 0x3A, 0x00, 0x00,
    0x00, 0x00, 0x00, 0x00, 0x00, 0x00, 0x00, 0x00, 0xFF, 0xFF, 0x00, 0x00, 0x34, 0x75, 0x00, 0x00,
    0x00, 0x00, 0x00, 0x00, 0x00, 0x00, 0x00, 0x00, 0x03, 0x00, 0x00, 0x00, 0x38, 0x3A, 0x00, 0x00,
    0x00, 0x00, 0x00, 0x00, 0x00, 0x00, 0x00, 0x00, 0xFF, 0xFF, 0x00, 0x00, 0x3A, 0x75, 0x00, 0x00,
    0x00, 0x00, 0x00, 0x00, 0x00, 0x00, 0x00, 0x00, 0x03, 0x00, 0x00, 0x00, 0x24, 0x3A, 0x00, 0x00,
    0x00, 0x00, 0x00, 0x00, 0x00, 0x00, 0x00, 0x00, 0xFF, 0xFF, 0x00, 0x00, 0x35, 0x75, 0x00, 0x00,
    0x00, 0x00, 0x00, 0x00, 0x00, 0x00, 0x00, 0x00, 0x03, 0x00, 0x00, 0x00, 0x10, 0x3A, 0x00, 0x00,
    0x00, 0x00, 0x00, 0x00, 0x00, 0x00, 0x00, 0x00, 0xFF, 0xFF, 0x00, 0x00, 0x33, 0x75, 0x00, 0x00,
    0x00, 0x00, 0x00, 0x00, 0x00, 0x00, 0x00, 0x00, 0x03, 0x00, 0x00, 0x00, 0xFC, 0x39, 0x00, 0x00,
    0x00, 0x00, 0x00, 0x00, 0x00, 0x00, 0x00, 0x00, 0xFF, 0xFF, 0x00, 0x00, 0x34, 0x75, 0x00, 0x00,
    0x00, 0x00, 0x00, 0x00, 0x00, 0x00, 0x00, 0x00, 0x03, 0x00, 0x00, 0x00, 0xE8, 0x39, 0x00, 0x00,
    0x00, 0x00, 0x00, 0x00, 0x00, 0x00, 0x00, 0x00, 0xFF, 0xFF, 0x00, 0x00, 0x14, 0x04, 0x00, 0x00,
    0x01, 0x00, 0x00, 0x00, 0xDC, 0x39, 0x00, 0x00, 0x00, 0x00, 0x00, 0x00, 0x00, 0x00, 0x00, 0x00,
    0x01, 0x00, 0x00, 0x00, 0xD0, 0x39, 0x00, 0x00, 0xFF, 0xFF, 0x00, 0x00, 0x01, 0x00, 0x00, 0x00,
    0xC8, 0x39, 0x00, 0x00, 0x30, 0x75, 0x00, 0x00, 0x00, 0x00, 0x00, 0x00, 0x00, 0x00, 0x00, 0x00,
    0x03, 0x00, 0x00, 0x00, 0xB8, 0x39, 0x00, 0x00, 0x00, 0x00, 0x00, 0x00, 0x00, 0x00, 0x00, 0x00,
    0xFF, 0xFF, 0x00, 0x00, 0x31, 0x75, 0x00, 0x00, 0x00, 0x00, 0x00, 0x00, 0x00, 0x00, 0x00, 0x00,
    0x03, 0x00, 0x00, 0x00, 0xA4, 0x39, 0x00, 0x00, 0x00, 0x00, 0x00, 0x00, 0x00, 0x00, 0x00, 0x00,
    0xFF, 0xFF, 0x00, 0x00, 0x32, 0x75, 0x00, 0x00, 0x00, 0x00, 0x00, 0x00, 0x00, 0x00, 0x00, 0x00,
    0x03, 0x00, 0x00, 0x00, 0x90, 0x39, 0x00, 0x00, 0x00, 0x00, 0x00, 0x00, 0x00, 0x00, 0x00, 0x00,
    0xFF, 0xFF, 0x00, 0x00, 0x34, 0x75, 0x00, 0x00, 0x00, 0x00, 0x00, 0x00, 0x00, 0x00, 0x00, 0x00,
    0x03, 0x00, 0x00, 0x00, 0x7C, 0x39, 0x00, 0x00, 0x00, 0x00, 0x00, 0x00, 0x00, 0x00, 0x00, 0x00,
    0xFF, 0xFF, 0x00, 0x00, 0x32, 0x75, 0x00, 0x00, 0x00, 0x00, 0x00, 0x00, 0x00, 0x00, 0x00, 0x00,
    0x03, 0x00, 0x00, 0x00, 0x68, 0x39, 0x00, 0x00, 0x01, 0x00, 0x00, 0x00, 0x6C, 0x39, 0x00, 0x00,
    0xFF, 0xFF, 0x00, 0x00, 0x35, 0x75, 0x00, 0x00, 0x00, 0x00, 0x00, 0x00, 0x00, 0x00, 0x00, 0x00,
    0x03, 0x00, 0x00, 0x00, 0x58, 0x39, 0x00, 0x00, 0x00, 0x00, 0x00, 0x00, 0x00, 0x00, 0x00, 0x00,
    0xFF, 0xFF, 0x00, 0x00, 0x33, 0x75, 0x00, 0x00, 0x00, 0x00, 0x00, 0x00, 0x00, 0x00, 0x00, 0x00,
    0x03, 0x00, 0x00, 0x00, 0x44, 0x39, 0x00, 0x00, 0x01, 0x00, 0x00, 0x00, 0x48, 0x39, 0x00, 0x00,
    0xFF, 0xFF, 0x00, 0x00, 0x34, 0x75, 0x00, 0x00, 0x00, 0x00, 0x00, 0x00, 0x00, 0x00, 0x00, 0x00,
    0x03, 0x00, 0x00, 0x00, 0x34, 0x39, 0x00, 0x00, 0x00, 0x00, 0x00, 0x00, 0x00, 0x00, 0x00, 0x00,
    0xFF, 0xFF, 0x00, 0x00, 0x35, 0x75, 0x00, 0x00, 0x00, 0x00, 0x00, 0x00, 0x00, 0x00, 0x00, 0x00,
    0x03, 0x00, 0x00, 0x00, 0x20, 0x39, 0x00, 0x00, 0x00, 0x00, 0x00, 0x00, 0x00, 0x00, 0x00, 0x00,
    0xFF, 0xFF, 0x00, 0x00, 0x33, 0x75, 0x00, 0x00, 0x00, 0x00, 0x00, 0x00, 0x00, 0x00, 0x00, 0x00,
    0x03, 0x00, 0x00, 0x00, 0x0C, 0x39, 0x00, 0x00, 0x01, 0x00, 0x00, 0x00, 0x10, 0x39, 0x00, 0x00,
    0xFF, 0xFF, 0x00, 0x00, 0x34, 0x75, 0x00, 0x00, 0x00, 0x00, 0x00, 0x00, 0x00, 0x00, 0x00, 0x00,
    0x03, 0x00, 0x00, 0x00, 0xFC, 0x38, 0x00, 0x00, 0x00, 0x00, 0x00, 0x00, 0x00, 0x00, 0x00, 0x00,
    0xFF, 0xFF, 0x00, 0x00, 0x35, 0x75, 0x00, 0x00, 0x00, 0x00, 0x00, 0x00, 0x00, 0x00, 0x00, 0x00,
    0x03, 0x00, 0x00, 0x00, 0xE8, 0x38, 0x00, 0x00, 0x00, 0x00, 0x00, 0x00, 0x00, 0x00, 0x00, 0x00,
    0xFF, 0xFF, 0x00, 0x00, 0x33, 0x75, 0x00, 0x00, 0x00, 0x00, 0x00, 0x00, 0x00, 0x00, 0x00, 0x00,
    0x03, 0x00, 0x00, 0x00, 0xD4, 0x38, 0x00, 0x00, 0x01, 0x00, 0x00, 0x00, 0xD8, 0x38, 0x00, 0x00,
    0xFF, 0xFF, 0x00, 0x00, 0x34, 0x75, 0x00, 0x00, 0x00, 0x00, 0x00, 0x00, 0x00, 0x00, 0x00, 0x00,
    0x03, 0x00, 0x00, 0x00, 0xC4, 0x38, 0x00, 0x00, 0x00, 0x00, 0x00, 0x00, 0x00, 0x00, 0x00, 0x00,
    0xFF, 0xFF, 0x00, 0x00, 0x14, 0x04, 0x00, 0x00, 0x01, 0x00, 0x00, 0x00, 0xB8, 0x38, 0x00, 0x00,
    0x00, 0x00, 0x00, 0x00, 0x00, 0x00, 0x00, 0x00, 0x01, 0x00, 0x00, 0x00, 0xAC, 0x38, 0x00, 0x00,
    0xFF, 0xFF, 0x00, 0x00, 0x01, 0x00, 0x00, 0x00, 0xA4, 0x38, 0x00, 0x00, 0x14, 0x04, 0x00, 0x00,
    0x01, 0x00, 0x00, 0x00, 0x9C, 0x38, 0x00, 0x00, 0x00, 0x00, 0x00, 0x00, 0x00, 0x00, 0x00, 0x00,
    0x01, 0x00, 0x00, 0x00, 0x90, 0x38, 0x00, 0x00, 0xFF, 0xFF, 0x00, 0x00, 0x01, 0x00, 0x00, 0x00,
    0x88, 0x38, 0x00, 0x00, 0x14, 0x04, 0x00, 0x00, 0x01, 0x00, 0x00, 0x00, 0x80, 0x38, 0x00, 0x00,
    0x00, 0x00, 0x00, 0x00, 0x00, 0x00, 0x00, 0x00, 0x01, 0x00, 0x00, 0x00, 0x74, 0x38, 0x00, 0x00,
    0xFF, 0xFF, 0x00, 0x00, 0x01, 0x00, 0x00, 0x00, 0x6C, 0x38, 0x00, 0x00, 0x14, 0x04, 0x00, 0x00,
    0x01, 0x00, 0x00, 0x00, 0x64, 0x38, 0x00, 0x00, 0x00, 0x00, 0x00, 0x00, 0x00, 0x00, 0x00, 0x00,
    0x01, 0x00, 0x00, 0x00, 0x58, 0x38, 0x00, 0x00, 0xFF, 0xFF, 0x00, 0x00, 0x01, 0x00, 0x00, 0x00,
    0x50, 0x38, 0x00, 0x00, 0x30, 0x75, 0x00, 0x00, 0x00, 0x00, 0x00, 0x00, 0x00, 0x00, 0x00, 0x00,
    0x03, 0x00, 0x00, 0x00, 0x40, 0x38, 0x00, 0x00, 0x00, 0x00, 0x00, 0x00, 0x00, 0x00, 0x00, 0x00,
    0xFF, 0xFF, 0x00, 0x00, 0x31, 0x75, 0x00, 0x00, 0x00, 0x00, 0x00, 0x00, 0x00, 0x00, 0x00, 0x00,
    0x03, 0x00, 0x00, 0x00, 0x2C, 0x38, 0x00, 0x00, 0x00, 0x00, 0x00, 0x00, 0x00, 0x00, 0x00, 0x00,
    0xFF, 0xFF, 0x00, 0x00, 0x32, 0x75, 0x00, 0x00, 0x00, 0x00, 0x00, 0x00, 0x00, 0x00, 0x00, 0x00,
    0x03, 0x00, 0x00, 0x00, 0x18, 0x38, 0x00, 0x00, 0x00, 0x00, 0x00, 0x00, 0x00, 0x00, 0x00, 0x00,
    0xFF, 0xFF, 0x00, 0x00, 0x34, 0x75, 0x00, 0x00, 0x00, 0x00, 0x00, 0x00, 0x00, 0x00, 0x00, 0x00,
    0x03, 0x00, 0x00, 0x00, 0x04, 0x38, 0x00, 0x00, 0x00, 0x00, 0x00, 0x00, 0x00, 0x00, 0x00, 0x00,
    0xFF, 0xFF, 0x00, 0x00, 0x32, 0x75, 0x00, 0x00, 0x00, 0x00, 0x00, 0x00, 0x00, 0x00, 0x00, 0x00,
    0x03, 0x00, 0x00, 0x00, 0xF0, 0x37, 0x00, 0x00, 0x01, 0x00, 0x00, 0x00, 0xF4, 0x37, 0x00, 0x00,
    0xFF, 0xFF, 0x00, 0x00, 0x35, 0x75, 0x00, 0x00, 0x00, 0x00, 0x00, 0x00, 0x00, 0x00, 0x00, 0x00,
    0x03, 0x00, 0x00, 0x00, 0xE0, 0x37, 0x00, 0x00, 0x00, 0x00, 0x00, 0x00, 0x00, 0x00, 0x00, 0x00,
    0xFF, 0xFF, 0x00, 0x00, 0x30, 0x75, 0x00, 0x00, 0x00, 0x00, 0x00, 0x00, 0x00, 0x00, 0x00, 0x00,
    0x03, 0x00, 0x00, 0x00, 0xCC, 0x37, 0x00, 0x00, 0x00, 0x00, 0x00, 0x00, 0x00, 0x00, 0x00, 0x00,
    0xFF, 0xFF, 0x00, 0x00, 0x3B, 0x75, 0x00, 0x00, 0x00, 0x00, 0x00, 0x00, 0x00, 0x00, 0x00, 0x00,
    0x03, 0x00, 0x00, 0x00, 0xB8, 0x37, 0x00, 0x00, 0x00, 0x00, 0x00, 0x00, 0x00, 0x00, 0x00, 0x00,
    0xFF, 0xFF, 0x00, 0x00, 0x34, 0x75, 0x00, 0x00, 0x00, 0x00, 0x00, 0x00, 0x00, 0x00, 0x00, 0x00,
    0x03, 0x00, 0x00, 0x00, 0xA4, 0x37, 0x00, 0x00, 0x00, 0x00, 0x00, 0x00, 0x00, 0x00, 0x00, 0x00,
    0xFF, 0xFF, 0x00, 0x00, 0x35, 0x75, 0x00, 0x00, 0x00, 0x00, 0x00, 0x00, 0x00, 0x00, 0x00, 0x00,
    0x03, 0x00, 0x00, 0x00, 0x90, 0x37, 0x00, 0x00, 0x00, 0x00, 0x00, 0x00, 0x00, 0x00, 0x00, 0x00,
    0xFF, 0xFF, 0x00, 0x00, 0x33, 0x75, 0x00, 0x00, 0x00, 0x00, 0x00, 0x00, 0x00, 0x00, 0x00, 0x00,
    0x03, 0x00, 0x00, 0x00, 0x7C, 0x37, 0x00, 0x00, 0x00, 0x00, 0x00, 0x00, 0x00, 0x00, 0x00, 0x00,
    0xFF, 0xFF, 0x00, 0x00, 0x34, 0x75, 0x00, 0x00, 0x00, 0x00, 0x00, 0x00, 0x00, 0x00, 0x00, 0x00,
    0x03, 0x00, 0x00, 0x00, 0x68, 0x37, 0x00, 0x00, 0x00, 0x00, 0x00, 0x00, 0x00, 0x00, 0x00, 0x00,
    0xFF, 0xFF, 0x00, 0x00, 0x35, 0x75, 0x00, 0x00, 0x00, 0x00, 0x00, 0x00, 0x00, 0x00, 0x00, 0x00,
    0x03, 0x00, 0x00, 0x00, 0x54, 0x37, 0x00, 0x00, 0x00, 0x00, 0x00, 0x00, 0x00, 0x00, 0x00, 0x00,
    0xFF, 0xFF, 0x00, 0x00, 0x33, 0x75, 0x00, 0x00, 0x00, 0x00, 0x00, 0x00, 0x00, 0x00, 0x00, 0x00,
    0x03, 0x00, 0x00, 0x00, 0x40, 0x37, 0x00, 0x00, 0x00, 0x00, 0x00, 0x00, 0x00, 0x00, 0x00, 0x00,
    0xFF, 0xFF, 0x00, 0x00, 0x34, 0x75, 0x00, 0x00, 0x00, 0x00, 0x00, 0x00, 0x00, 0x00, 0x00, 0x00,
    0x03, 0x00, 0x00, 0x00, 0x2C, 0x37, 0x00, 0x00, 0x00, 0x00, 0x00, 0x00, 0x00, 0x00, 0x00, 0x00,
    0xFF, 0xFF, 0x00, 0x00, 0x35, 0x75, 0x00, 0x00, 0x00, 0x00, 0x00, 0x00, 0x00, 0x00, 0x00, 0x00,
    0x03, 0x00, 0x00, 0x00, 0x18, 0x37, 0x00, 0x00, 0x00, 0x00, 0x00, 0x00, 0x00, 0x00, 0x00, 0x00,
    0xFF, 0xFF, 0x00, 0x00, 0x33, 0x75, 0x00, 0x00, 0x00, 0x00, 0x00, 0x00, 0x00, 0x00, 0x00, 0x00,
    0x03, 0x00, 0x00, 0x00, 0x04, 0x37, 0x00, 0x00, 0x00, 0x00, 0x00, 0x00, 0x00, 0x00, 0x00, 0x00,
    0xFF, 0xFF, 0x00, 0x00, 0x34, 0x75, 0x00, 0x00, 0x00, 0x00, 0x00, 0x00, 0x00, 0x00, 0x00, 0x00,
    0x03, 0x00, 0x00, 0x00, 0xF0, 0x36, 0x00, 0x00, 0x00, 0x00, 0x00, 0x00, 0x00, 0x00, 0x00, 0x00,
    0xFF, 0xFF, 0x00, 0x00, 0x14, 0x04, 0x00, 0x00, 0x01, 0x00, 0x00, 0x00, 0xE4, 0x36, 0x00, 0x00,
    0x00, 0x00, 0x00, 0x00, 0x00, 0x00, 0x00, 0x00, 0x01, 0x00, 0x00, 0x00, 0xD8, 0x36, 0x00, 0x00,
    0xFF, 0xFF, 0x00, 0x00, 0x01, 0x00, 0x00, 0x00, 0xD0, 0x36, 0x00, 0x00, 0x30, 0x75, 0x00, 0x00,
    0x00, 0x00, 0x00, 0x00, 0x00, 0x00, 0x00, 0x00, 0x03, 0x00, 0x00, 0x00, 0xC0, 0x36, 0x00, 0x00,
    0x00, 0x00, 0x00, 0x00, 0x00, 0x00, 0x00, 0x00, 0xFF, 0xFF, 0x00, 0x00, 0x31, 0x75, 0x00, 0x00,
    0x00, 0x00, 0x00, 0x00, 0x00, 0x00, 0x00, 0x00, 0x03, 0x00, 0x00, 0x00, 0xAC, 0x36, 0x00, 0x00,
    0x00, 0x00, 0x00, 0x00, 0x00, 0x00, 0x00, 0x00, 0xFF, 0xFF, 0x00, 0x00, 0x32, 0x75, 0x00, 0x00,
    0x00, 0x00, 0x00, 0x00, 0x00, 0x00, 0x00, 0x00, 0x03, 0x00, 0x00, 0x00, 0x98, 0x36, 0x00, 0x00,
    0x00, 0x00, 0x00, 0x00, 0x00, 0x00, 0x00, 0x00, 0xFF, 0xFF, 0x00, 0x00, 0x34, 0x75, 0x00, 0x00,
    0x00, 0x00, 0x00, 0x00, 0x00, 0x00, 0x00, 0x00, 0x03, 0x00, 0x00, 0x00, 0x84, 0x36, 0x00, 0x00,
    0x00, 0x00, 0x00, 0x00, 0x00, 0x00, 0x00, 0x00, 0xFF, 0xFF, 0x00, 0x00, 0x32, 0x75, 0x00, 0x00,
    0x00, 0x00, 0x00, 0x00, 0x00, 0x00, 0x00, 0x00, 0x03, 0x00, 0x00, 0x00, 0x70, 0x36, 0x00, 0x00,
    0x01, 0x00, 0x00, 0x00, 0x74, 0x36, 0x00, 0x00, 0xFF, 0xFF, 0x00, 0x00, 0x35, 0x75, 0x00, 0x00,
    0x00, 0x00, 0x00, 0x00, 0x00, 0x00, 0x00, 0x00, 0x03, 0x00, 0x00, 0x00, 0x60, 0x36, 0x00, 0x00,
    0x00, 0x00, 0x00, 0x00, 0x00, 0x00, 0x00, 0x00, 0xFF, 0xFF, 0x00, 0x00, 0x30, 0x75, 0x00, 0x00,
    0x00, 0x00, 0x00, 0x00, 0x00, 0x00, 0x00, 0x00, 0x03, 0x00, 0x00, 0x00, 0x4C, 0x36, 0x00, 0x00,
    0x00, 0x00, 0x00, 0x00, 0x00, 0x00, 0x00, 0x00, 0xFF, 0xFF, 0x00, 0x00, 0x34, 0x75, 0x00, 0x00,
    0x00, 0x00, 0x00, 0x00, 0x00, 0x00, 0x00, 0x00, 0x03, 0x00, 0x00, 0x00, 0x38, 0x36, 0x00, 0x00,
    0x00, 0x00, 0x00, 0x00, 0x00, 0x00, 0x00, 0x00, 0xFF, 0xFF, 0x00, 0x00, 0x39, 0x75, 0x00, 0x00,
    0x00, 0x00, 0x00, 0x00, 0x00, 0x00, 0x00, 0x00, 0x03, 0x00, 0x00, 0x00, 0x24, 0x36, 0x00, 0x00,
    0x00, 0x00, 0x00, 0x00, 0x00, 0x00, 0x00, 0x00, 0xFF, 0xFF, 0x00, 0x00, 0x35, 0x75, 0x00, 0x00,
    0x00, 0x00, 0x00, 0x00, 0x00, 0x00, 0x00, 0x00, 0x03, 0x00, 0x00, 0x00, 0x10, 0x36, 0x00, 0x00,
    0x00, 0x00, 0x00, 0x00, 0x00, 0x00, 0x00, 0x00, 0xFF, 0xFF, 0x00, 0x00, 0x30, 0x75, 0x00, 0x00,
    0x00, 0x00, 0x00, 0x00, 0x00, 0x00, 0x00, 0x00, 0x03, 0x00, 0x00, 0x00, 0xFC, 0x35, 0x00, 0x00,
    0x00, 0x00, 0x00, 0x00, 0x00, 0x00, 0x00, 0x00, 0xFF, 0xFF, 0x00, 0x00, 0x34, 0x75, 0x00, 0x00,
    0x00, 0x00, 0x00, 0x00, 0x00, 0x00, 0x00, 0x00, 0x03, 0x00, 0x00, 0x00, 0xE8, 0x35, 0x00, 0x00,
    0x00, 0x00, 0x00, 0x00, 0x00, 0x00, 0x00, 0x00, 0xFF, 0xFF, 0x00, 0x00, 0x39, 0x75, 0x00, 0x00,
    0x00, 0x00, 0x00, 0x00, 0x00, 0x00, 0x00, 0x00, 0x03, 0x00, 0x00, 0x00, 0xD4, 0x35, 0x00, 0x00,
    0x00, 0x00, 0x00, 0x00, 0x00, 0x00, 0x00, 0x00, 0xFF, 0xFF, 0x00, 0x00, 0x35, 0x75, 0x00, 0x00,
    0x00, 0x00, 0x00, 0x00, 0x00, 0x00, 0x00, 0x00, 0x03, 0x00, 0x00, 0x00, 0xC0, 0x35, 0x00, 0x00,
    0x00, 0x00, 0x00, 0x00, 0x00, 0x00, 0x00, 0x00, 0xFF, 0xFF, 0x00, 0x00, 0x30, 0x75, 0x00, 0x00,
    0x00, 0x00, 0x00, 0x00, 0x00, 0x00, 0x00, 0x00, 0x03, 0x00, 0x00, 0x00, 0xAC, 0x35, 0x00, 0x00,
    0x00, 0x00, 0x00, 0x00, 0x00, 0x00, 0x00, 0x00, 0xFF, 0xFF, 0x00, 0x00, 0x34, 0x75, 0x00, 0x00,
    0x00, 0x00, 0x00, 0x00, 0x00, 0x00, 0x00, 0x00, 0x03, 0x00, 0x00, 0x00, 0x98, 0x35, 0x00, 0x00,
    0x00, 0x00, 0x00, 0x00, 0x00, 0x00, 0x00, 0x00, 0xFF, 0xFF, 0x00, 0x00, 0x39, 0x75, 0x00, 0x00,
    0x00, 0x00, 0x00, 0x00, 0x00, 0x00, 0x00, 0x00, 0x03, 0x00, 0x00, 0x00, 0x84, 0x35, 0x00, 0x00,
    0x00, 0x00, 0x00, 0x00, 0x00, 0x00, 0x00, 0x00, 0xFF, 0xFF, 0x00, 0x00, 0x14, 0x04, 0x00, 0x00,
    0x01, 0x00, 0x00, 0x00, 0x78, 0x35, 0x00, 0x00, 0x00, 0x00, 0x00, 0x00, 0x00, 0x00, 0x00, 0x00,
    0x01, 0x00, 0x00, 0x00, 0x6C, 0x35, 0x00, 0x00, 0xFF, 0xFF, 0x00, 0x00, 0x01, 0x00, 0x00, 0x00,
    0x64, 0x35, 0x00, 0x00, 0x30, 0x75, 0x00, 0x00, 0x00, 0x00, 0x00, 0x00, 0x00, 0x00, 0x00, 0x00,
    0x03, 0x00, 0x00, 0x00, 0x54, 0x35, 0x00, 0x00, 0x00, 0x00, 0x00, 0x00, 0x00, 0x00, 0x00, 0x00,
    0xFF, 0xFF, 0x00, 0x00, 0x31, 0x75, 0x00, 0x00, 0x00, 0x00, 0x00, 0x00, 0x00, 0x00, 0x00, 0x00,
    0x03, 0x00, 0x00, 0x00, 0x40, 0x35, 0x00, 0x00, 0x00, 0x00, 0x00, 0x00, 0x00, 0x00, 0x00, 0x00,
    0xFF, 0xFF, 0x00, 0x00, 0x32, 0x75, 0x00, 0x00, 0x00, 0x00, 0x00, 0x00, 0x00, 0x00, 0x00, 0x00,
    0x03, 0x00, 0x00, 0x00, 0x2C, 0x35, 0x00, 0x00, 0x00, 0x00, 0x00, 0x00, 0x00, 0x00, 0x00, 0x00,
    0xFF, 0xFF, 0x00, 0x00, 0x34, 0x75, 0x00, 0x00, 0x00, 0x00, 0x00, 0x00, 0x00, 0x00, 0x00, 0x00,
    0x03, 0x00, 0x00, 0x00, 0x18, 0x35, 0x00, 0x00, 0x00, 0x00, 0x00, 0x00, 0x00, 0x00, 0x00, 0x00,
    0xFF, 0xFF, 0x00, 0x00, 0x32, 0x75, 0x00, 0x00, 0x00, 0x00, 0x00, 0x00, 0x00, 0x00, 0x00, 0x00,
    0x03, 0x00, 0x00, 0x00, 0x04, 0x35, 0x00, 0x00, 0x01, 0x00, 0x00, 0x00, 0x08, 0x35, 0x00, 0x00,
    0xFF, 0xFF, 0x00, 0x00, 0x35, 0x75, 0x00, 0x00, 0x00, 0x00, 0x00, 0x00, 0x00, 0x00, 0x00, 0x00,
    0x03, 0x00, 0x00, 0x00, 0xF4, 0x34, 0x00, 0x00, 0x00, 0x00, 0x00, 0x00, 0x00, 0x00, 0x00, 0x00,
    0xFF, 0xFF, 0x00, 0x00, 0x30, 0x75, 0x00, 0x00, 0x00, 0x00, 0x00, 0x00, 0x00, 0x00, 0x00, 0x00,
    0x03, 0x00, 0x00, 0x00, 0xE0, 0x34, 0x00, 0x00, 0x00, 0x00, 0x00, 0x00, 0x00, 0x00, 0x00, 0x00,
    0xFF, 0xFF, 0x00, 0x00, 0x34, 0x75, 0x00, 0x00, 0x00, 0x00, 0x00, 0x00, 0x00, 0x00, 0x00, 0x00,
    0x03, 0x00, 0x00, 0x00, 0xCC, 0x34, 0x00, 0x00, 0x00, 0x00, 0x00, 0x00, 0x00, 0x00, 0x00, 0x00,
    0xFF, 0xFF, 0x00, 0x00, 0x39, 0x75, 0x00, 0x00, 0x00, 0x00, 0x00, 0x00, 0x00, 0x00, 0x00, 0x00,
    0x03, 0x00, 0x00, 0x00, 0xB8, 0x34, 0x00, 0x00, 0x00, 0x00, 0x00, 0x00, 0x00, 0x00, 0x00, 0x00,
    0xFF, 0xFF, 0x00, 0x00, 0x35, 0x75, 0x00, 0x00, 0x00, 0x00, 0x00, 0x00, 0x00, 0x00, 0x00, 0x00,
    0x03, 0x00, 0x00, 0x00, 0xA4, 0x34, 0x00, 0x00, 0x00, 0x00, 0x00, 0x00, 0x00, 0x00, 0x00, 0x00,
    0xFF, 0xFF, 0x00, 0x00, 0x33, 0x75, 0x00, 0x00, 0x00, 0x00, 0x00, 0x00, 0x00, 0x00, 0x00, 0x00,
    0x03, 0x00, 0x00, 0x00, 0x90, 0x34, 0x00, 0x00, 0x00, 0x00, 0x00, 0x00, 0x00, 0x00, 0x00, 0x00,
    0xFF, 0xFF, 0x00, 0x00, 0x34, 0x75, 0x00, 0x00, 0x00, 0x00, 0x00, 0x00, 0x00, 0x00, 0x00, 0x00,
    0x03, 0x00, 0x00, 0x00, 0x7C, 0x34, 0x00, 0x00, 0x00, 0x00, 0x00, 0x00, 0x00, 0x00, 0x00, 0x00,
    0xFF, 0xFF, 0x00, 0x00, 0x35, 0x75, 0x00, 0x00, 0x00, 0x00, 0x00, 0x00, 0x00, 0x00, 0x00, 0x00,
    0x03, 0x00, 0x00, 0x00, 0x68, 0x34, 0x00, 0x00, 0x00, 0x00, 0x00, 0x00, 0x00, 0x00, 0x00, 0x00,
    0xFF, 0xFF, 0x00, 0x00, 0x33, 0x75, 0x00, 0x00, 0x00, 0x00, 0x00, 0x00, 0x00, 0x00, 0x00, 0x00,
    0x03, 0x00, 0x00, 0x00, 0x54, 0x34, 0x00, 0x00, 0x00, 0x00, 0x00, 0x00, 0x00, 0x00, 0x00, 0x00,
    0xFF, 0xFF, 0x00, 0x00, 0x34, 0x75, 0x00, 0x00, 0x00, 0x00, 0x00, 0x00, 0x00, 0x00, 0x00, 0x00,
    0x03, 0x00, 0x00, 0x00, 0x40, 0x34, 0x00, 0x00, 0x00, 0x00, 0x00, 0x00, 0x00, 0x00, 0x00, 0x00,
    0xFF, 0xFF, 0x00, 0x00, 0x35, 0x75, 0x00, 0x00, 0x00, 0x00, 0x00, 0x00, 0x00, 0x00, 0x00, 0x00,
    0x03, 0x00, 0x00, 0x00, 0x2C, 0x34, 0x00, 0x00, 0x00, 0x00, 0x00, 0x00, 0x00, 0x00, 0x00, 0x00,
    0xFF, 0xFF, 0x00, 0x00, 0x33, 0x75, 0x00, 0x00, 0x00, 0x00, 0x00, 0x00, 0x00, 0x00, 0x00, 0x00,
    0x03, 0x00, 0x00, 0x00, 0x18, 0x34, 0x00, 0x00, 0x01, 0x00, 0x00, 0x00, 0x1C, 0x34, 0x00, 0x00,
    0xFF, 0xFF, 0x00, 0x00, 0x34, 0x75, 0x00, 0x00, 0x00, 0x00, 0x00, 0x00, 0x00, 0x00, 0x00, 0x00,
    0x03, 0x00, 0x00, 0x00, 0x08, 0x34, 0x00, 0x00, 0x00, 0x00, 0x00, 0x00, 0x00, 0x00, 0x00, 0x00,
    0xFF, 0xFF, 0x00, 0x00, 0x35, 0x75, 0x00, 0x00, 0x00, 0x00, 0x00, 0x00, 0x00, 0x00, 0x00, 0x00,
    0x03, 0x00, 0x00, 0x00, 0xF4, 0x33, 0x00, 0x00, 0x00, 0x00, 0x00, 0x00, 0x00, 0x00, 0x00, 0x00,
    0xFF, 0xFF, 0x00, 0x00, 0x33, 0x75, 0x00, 0x00, 0x00, 0x00, 0x00, 0x00, 0x00, 0x00, 0x00, 0x00,
    0x03, 0x00, 0x00, 0x00, 0xE0, 0x33, 0x00, 0x00, 0x01, 0x00, 0x00, 0x00, 0xE4, 0x33, 0x00, 0x00,
    0xFF, 0xFF, 0x00, 0x00, 0x34, 0x75, 0x00, 0x00, 0x00, 0x00, 0x00, 0x00, 0x00, 0x00, 0x00, 0x00,
    0x03, 0x00, 0x00, 0x00, 0xD0, 0x33, 0x00, 0x00, 0x00, 0x00, 0x00, 0x00, 0x00, 0x00, 0x00, 0x00,
    0xFF, 0xFF, 0x00, 0x00, 0x14, 0x04, 0x00, 0x00, 0x01, 0x00, 0x00, 0x00, 0xC4, 0x33, 0x00, 0x00,
    0x00, 0x00, 0x00, 0x00, 0x00, 0x00, 0x00, 0x00, 0x01, 0x00, 0x00, 0x00, 0xB8, 0x33, 0x00, 0x00,
    0xFF, 0xFF, 0x00, 0x00, 0x01, 0x00, 0x00, 0x00, 0xB0, 0x33, 0x00, 0x00, 0x14, 0x04, 0x00, 0x00,
    0x01, 0x00, 0x00, 0x00, 0xA8, 0x33, 0x00, 0x00, 0x00, 0x00, 0x00, 0x00, 0x00, 0x00, 0x00, 0x00,
    0x01, 0x00, 0x00, 0x00, 0x9C, 0x33, 0x00, 0x00, 0xFF, 0xFF, 0x00, 0x00, 0x01, 0x00, 0x00, 0x00,
    0x94, 0x33, 0x00, 0x00, 0x14, 0x04, 0x00, 0x00, 0x01, 0x00, 0x00, 0x00, 0x8C, 0x33, 0x00, 0x00,
    0x00, 0x00, 0x00, 0x00, 0x00, 0x00, 0x00, 0x00, 0x01, 0x00, 0x00, 0x00, 0x80, 0x33, 0x00, 0x00,
    0xFF, 0xFF, 0x00, 0x00, 0x01, 0x00, 0x00, 0x00, 0x78, 0x33, 0x00, 0x00, 0x30, 0x75, 0x00, 0x00,
    0x00, 0x00, 0x00, 0x00, 0x00, 0x00, 0x00, 0x00, 0x03, 0x00, 0x00, 0x00, 0x68, 0x33, 0x00, 0x00,
    0x00, 0x00, 0x00, 0x00, 0x00, 0x00, 0x00, 0x00, 0xFF, 0xFF, 0x00, 0x00, 0x31, 0x75, 0x00, 0x00,
    0x00, 0x00, 0x00, 0x00, 0x00, 0x00, 0x00, 0x00, 0x03, 0x00, 0x00, 0x00, 0x54, 0x33, 0x00, 0x00,
    0x00, 0x00, 0x00, 0x00, 0x00, 0x00, 0x00, 0x00, 0xFF, 0xFF, 0x00, 0x00, 0x32, 0x75, 0x00, 0x00,
    0x00, 0x00, 0x00, 0x00, 0x00, 0x00, 0x00, 0x00, 0x03, 0x00, 0x00, 0x00, 0x40, 0x33, 0x00, 0x00,
    0x00, 0x00, 0x00, 0x00, 0x00, 0x00, 0x00, 0x00, 0xFF, 0xFF, 0x00, 0x00, 0x34, 0x75, 0x00, 0x00,
    0x00, 0x00, 0x00, 0x00, 0x00, 0x00, 0x00, 0x00, 0x03, 0x00, 0x00, 0x00, 0x2C, 0x33, 0x00, 0x00,
    0x00, 0x00, 0x00, 0x00, 0x00, 0x00, 0x00, 0x00, 0xFF, 0xFF, 0x00, 0x00, 0x32, 0x75, 0x00, 0x00,
    0x00, 0x00, 0x00, 0x00, 0x00, 0x00, 0x00, 0x00, 0x03, 0x00, 0x00, 0x00, 0x18, 0x33, 0x00, 0x00,
    0x01, 0x00, 0x00, 0x00, 0x1C, 0x33, 0x00, 0x00, 0xFF, 0xFF, 0x00, 0x00, 0x35, 0x75, 0x00, 0x00,
    0x00, 0x00, 0x00, 0x00, 0x00, 0x00, 0x00, 0x00, 0x03, 0x00, 0x00, 0x00, 0x08, 0x33, 0x00, 0x00,
    0x00, 0x00, 0x00, 0x00, 0x00, 0x00, 0x00, 0x00, 0xFF, 0xFF, 0x00, 0x00, 0x33, 0x75, 0x00, 0x00,
    0x00, 0x00, 0x00, 0x00, 0x00, 0x00, 0x00, 0x00, 0x03, 0x00, 0x00, 0x00, 0xF4, 0x32, 0x00, 0x00,
    0x00, 0x00, 0x00, 0x00, 0x00, 0x00, 0x00, 0x00, 0xFF, 0xFF, 0x00, 0x00, 0x34, 0x75, 0x00, 0x00,
    0x00, 0x00, 0x00, 0x00, 0x00, 0x00, 0x00, 0x00, 0x03, 0x00, 0x00, 0x00, 0xE0, 0x32, 0x00, 0x00,
    0x00, 0x00, 0x00, 0x00, 0x00, 0x00, 0x00, 0x00, 0xFF, 0xFF, 0x00, 0x00, 0x35, 0x75, 0x00, 0x00,
    0x00, 0x00, 0x00, 0x00, 0x00, 0x00, 0x00, 0x00, 0x03, 0x00, 0x00, 0x00, 0xCC, 0x32, 0x00, 0x00,
    0x00, 0x00, 0x00, 0x00, 0x00, 0x00, 0x00, 0x00, 0xFF, 0xFF, 0x00, 0x00, 0x33, 0x75, 0x00, 0x00,
    0x00, 0x00, 0x00, 0x00, 0x00, 0x00, 0x00, 0x00, 0x03, 0x00, 0x00, 0x00, 0xB8, 0x32, 0x00, 0x00,
    0x00, 0x00, 0x00, 0x00, 0x00, 0x00, 0x00, 0x00, 0xFF, 0xFF, 0x00, 0x00, 0x34, 0x75, 0x00, 0x00,
    0x00, 0x00, 0x00, 0x00, 0x00, 0x00, 0x00, 0x00, 0x03, 0x00, 0x00, 0x00, 0xA4, 0x32, 0x00, 0x00,
    0x00, 0x00, 0x00, 0x00, 0x00, 0x00, 0x00, 0x00, 0xFF, 0xFF, 0x00, 0x00, 0x35, 0x75, 0x00, 0x00,
    0x00, 0x00, 0x00, 0x00, 0x00, 0x00, 0x00, 0x00, 0x03, 0x00, 0x00, 0x00, 0x90, 0x32, 0x00, 0x00,
    0x00, 0x00, 0x00, 0x00, 0x00, 0x00, 0x00, 0x00, 0xFF, 0xFF, 0x00, 0x00, 0x33, 0x75, 0x00, 0x00,
    0x00, 0x00, 0x00, 0x00, 0x00, 0x00, 0x00, 0x00, 0x03, 0x00, 0x00, 0x00, 0x7C, 0x32, 0x00, 0x00,
    0x00, 0x00, 0x00, 0x00, 0x00, 0x00, 0x00, 0x00, 0xFF, 0xFF, 0x00, 0x00, 0x34, 0x75, 0x00, 0x00,
    0x00, 0x00, 0x00, 0x00, 0x00, 0x00, 0x00, 0x00, 0x03, 0x00, 0x00, 0x00, 0x68, 0x32, 0x00, 0x00,
    0x00, 0x00, 0x00, 0x00, 0x00, 0x00, 0x00, 0x00, 0xFF, 0xFF, 0x00, 0x00, 0x35, 0x75, 0x00, 0x00,
    0x00, 0x00, 0x00, 0x00, 0x00, 0x00, 0x00, 0x00, 0x03, 0x00, 0x00, 0x00, 0x54, 0x32, 0x00, 0x00,
    0x00, 0x00, 0x00, 0x00, 0x00, 0x00, 0x00, 0x00, 0xFF, 0xFF, 0x00, 0x00, 0x33, 0x75, 0x00, 0x00,
    0x00, 0x00, 0x00, 0x00, 0x00, 0x00, 0x00, 0x00, 0x03, 0x00, 0x00, 0x00, 0x40, 0x32, 0x00, 0x00,
    0x00, 0x00, 0x00, 0x00, 0x00, 0x00, 0x00, 0x00, 0xFF, 0xFF, 0x00, 0x00, 0x34, 0x75, 0x00, 0x00,
    0x00, 0x00, 0x00, 0x00, 0x00, 0x00, 0x00, 0x00, 0x03, 0x00, 0x00, 0x00, 0x2C, 0x32, 0x00, 0x00,
    0x00, 0x00, 0x00, 0x00, 0x00, 0x00, 0x00, 0x00, 0xFF, 0xFF, 0x00, 0x00, 0x35, 0x75, 0x00, 0x00,
    0x00, 0x00, 0x00, 0x00, 0x00, 0x00, 0x00, 0x00, 0x03, 0x00, 0x00, 0x00, 0x18, 0x32, 0x00, 0x00,
    0x00, 0x00, 0x00, 0x00, 0x00, 0x00, 0x00, 0x00, 0xFF, 0xFF, 0x00, 0x00, 0x33, 0x75, 0x00, 0x00,
    0x00, 0x00, 0x00, 0x00, 0x00, 0x00, 0x00, 0x00, 0x03, 0x00, 0x00, 0x00, 0x04, 0x32, 0x00, 0x00,
    0x00, 0x00, 0x00, 0x00, 0x00, 0x00, 0x00, 0x00, 0xFF, 0xFF, 0x00, 0x00, 0x34, 0x75, 0x00, 0x00,
    0x00, 0x00, 0x00, 0x00, 0x00, 0x00, 0x00, 0x00, 0x03, 0x00, 0x00, 0x00, 0xF0, 0x31, 0x00, 0x00,
    0x00, 0x00, 0x00, 0x00, 0x00, 0x00, 0x00, 0x00, 0xFF, 0xFF, 0x00, 0x00, 0x35, 0x75, 0x00, 0x00,
    0x00, 0x00, 0x00, 0x00, 0x00, 0x00, 0x00, 0x00, 0x03, 0x00, 0x00, 0x00, 0xDC, 0x31, 0x00, 0x00,
    0x00, 0x00, 0x00, 0x00, 0x00, 0x00, 0x00, 0x00, 0xFF, 0xFF, 0x00, 0x00, 0x33, 0x75, 0x00, 0x00,
    0x00, 0x00, 0x00, 0x00, 0x00, 0x00, 0x00, 0x00, 0x03, 0x00, 0x00, 0x00, 0xC8, 0x31, 0x00, 0x00,
    0x00, 0x00, 0x00, 0x00, 0x00, 0x00, 0x00, 0x00, 0xFF, 0xFF, 0x00, 0x00, 0x34, 0x75, 0x00, 0x00,
    0x00, 0x00, 0x00, 0x00, 0x00, 0x00, 0x00, 0x00, 0x03, 0x00, 0x00, 0x00, 0xB4, 0x31, 0x00, 0x00,
    0x00, 0x00, 0x00, 0x00, 0x00, 0x00, 0x00, 0x00, 0xFF, 0xFF, 0x00, 0x00, 0x35, 0x75, 0x00, 0x00,
    0x00, 0x00, 0x00, 0x00, 0x00, 0x00, 0x00, 0x00, 0x03, 0x00, 0x00, 0x00, 0xA0, 0x31, 0x00, 0x00,
    0x00, 0x00, 0x00, 0x00, 0x00, 0x00, 0x00, 0x00, 0xFF, 0xFF, 0x00, 0x00, 0x33, 0x75, 0x00, 0x00,
    0x00, 0x00, 0x00, 0x00, 0x00, 0x00, 0x00, 0x00, 0x03, 0x00, 0x00, 0x00, 0x8C, 0x31, 0x00, 0x00,
    0x00, 0x00, 0x00, 0x00, 0x00, 0x00, 0x00, 0x00, 0xFF, 0xFF, 0x00, 0x00, 0x34, 0x75, 0x00, 0x00,
    0x00, 0x00, 0x00, 0x00, 0x00, 0x00, 0x00, 0x00, 0x03, 0x00, 0x00, 0x00, 0x78, 0x31, 0x00, 0x00,
    0x00, 0x00, 0x00, 0x00, 0x00, 0x00, 0x00, 0x00, 0xFF, 0xFF, 0x00, 0x00, 0x35, 0x75, 0x00, 0x00,
    0x00, 0x00, 0x00, 0x00, 0x00, 0x00, 0x00, 0x00, 0x03, 0x00, 0x00, 0x00, 0x64, 0x31, 0x00, 0x00,
    0x00, 0x00, 0x00, 0x00, 0x00, 0x00, 0x00, 0x00, 0xFF, 0xFF, 0x00, 0x00, 0x33, 0x75, 0x00, 0x00,
    0x00, 0x00, 0x00, 0x00, 0x00, 0x00, 0x00, 0x00, 0x03, 0x00, 0x00, 0x00, 0x50, 0x31, 0x00, 0x00,
    0x00, 0x00, 0x00, 0x00, 0x00, 0x00, 0x00, 0x00, 0xFF, 0xFF, 0x00, 0x00, 0x34, 0x75, 0x00, 0x00,
    0x00, 0x00, 0x00, 0x00, 0x00, 0x00, 0x00, 0x00, 0x03, 0x00, 0x00, 0x00, 0x3C, 0x31, 0x00, 0x00,
    0x00, 0x00, 0x00, 0x00, 0x00, 0x00, 0x00, 0x00, 0xFF, 0xFF, 0x00, 0x00, 0x14, 0x04, 0x00, 0x00,
    0x01, 0x00, 0x00, 0x00, 0x30, 0x31, 0x00, 0x00, 0x00, 0x00, 0x00, 0x00, 0x00, 0x00, 0x00, 0x00,
    0x01, 0x00, 0x00, 0x00, 0x24, 0x31, 0x00, 0x00, 0xFF, 0xFF, 0x00, 0x00, 0x01, 0x00, 0x00, 0x00,
    0x1C, 0x31, 0x00, 0x00, 0x30, 0x75, 0x00, 0x00, 0x00, 0x00, 0x00, 0x00, 0x00, 0x00, 0x00, 0x00,
    0x03, 0x00, 0x00, 0x00, 0x0C, 0x31, 0x00, 0x00, 0x00, 0x00, 0x00, 0x00, 0x00, 0x00, 0x00, 0x00,
    0xFF, 0xFF, 0x00, 0x00, 0x31, 0x75, 0x00, 0x00, 0x00, 0x00, 0x00, 0x00, 0x00, 0x00, 0x00, 0x00,
    0x03, 0x00, 0x00, 0x00, 0xF8, 0x30, 0x00, 0x00, 0x00, 0x00, 0x00, 0x00, 0x00, 0x00, 0x00, 0x00,
    0xFF, 0xFF, 0x00, 0x00, 0x32, 0x75, 0x00, 0x00, 0x00, 0x00, 0x00, 0x00, 0x00, 0x00, 0x00, 0x00,
    0x03, 0x00, 0x00, 0x00, 0xE4, 0x30, 0x00, 0x00, 0x00, 0x00, 0x00, 0x00, 0x00, 0x00, 0x00, 0x00,
    0xFF, 0xFF, 0x00, 0x00, 0x34, 0x75, 0x00, 0x00, 0x00, 0x00, 0x00, 0x00, 0x00, 0x00, 0x00, 0x00,
    0x03, 0x00, 0x00, 0x00, 0xD0, 0x30, 0x00, 0x00, 0x00, 0x00, 0x00, 0x00, 0x00, 0x00, 0x00, 0x00,
    0xFF, 0xFF, 0x00, 0x00, 0x32, 0x75, 0x00, 0x00, 0x00, 0x00, 0x00, 0x00, 0x00, 0x00, 0x00, 0x00,
    0x03, 0x00, 0x00, 0x00, 0xBC, 0x30, 0x00, 0x00, 0x01, 0x00, 0x00, 0x00, 0xC0, 0x30, 0x00, 0x00,
    0xFF, 0xFF, 0x00, 0x00, 0x35, 0x75, 0x00, 0x00, 0x00, 0x00, 0x00, 0x00, 0x00, 0x00, 0x00, 0x00,
    0x03, 0x00, 0x00, 0x00, 0xAC, 0x30, 0x00, 0x00, 0x00, 0x00, 0x00, 0x00, 0x00, 0x00, 0x00, 0x00,
    0xFF, 0xFF, 0x00, 0x00, 0x33, 0x75, 0x00, 0x00, 0x00, 0x00, 0x00, 0x00, 0x00, 0x00, 0x00, 0x00,
    0x03, 0x00, 0x00, 0x00, 0x98, 0x30, 0x00, 0x00, 0x00, 0x00, 0x00, 0x00, 0x00, 0x00, 0x00, 0x00,
    0xFF, 0xFF, 0x00, 0x00, 0x34, 0x75, 0x00, 0x00, 0x00, 0x00, 0x00, 0x00, 0x00, 0x00, 0x00, 0x00,
    0x03, 0x00, 0x00, 0x00, 0x84, 0x30, 0x00, 0x00, 0x00, 0x00, 0x00, 0x00, 0x00, 0x00, 0x00, 0x00,
    0xFF, 0xFF, 0x00, 0x00, 0x14, 0x04, 0x00, 0x00, 0x01, 0x00, 0x00, 0x00, 0x78, 0x30, 0x00, 0x00,
    0x00, 0x00, 0x00, 0x00, 0x00, 0x00, 0x00, 0x00, 0x01, 0x00, 0x00, 0x00, 0x6C, 0x30, 0x00, 0x00,
    0xFF, 0xFF, 0x00, 0x00, 0x01, 0x00, 0x00, 0x00, 0x64, 0x30, 0x00, 0x00, 0x30, 0x75, 0x00, 0x00,
    0x00, 0x00, 0x00, 0x00, 0x00, 0x00, 0x00, 0x00, 0x03, 0x00, 0x00, 0x00, 0x54, 0x30, 0x00, 0x00,
    0x00, 0x00, 0x00, 0x00, 0x00, 0x00, 0x00, 0x00, 0xFF, 0xFF, 0x00, 0x00, 0x31, 0x75, 0x00, 0x00,
    0x00, 0x00, 0x00, 0x00, 0x00, 0x00, 0x00, 0x00, 0x03, 0x00, 0x00, 0x00, 0x40, 0x30, 0x00, 0x00,
    0x00, 0x00, 0x00, 0x00, 0x00, 0x00, 0x00, 0x00, 0xFF, 0xFF, 0x00, 0x00, 0x32, 0x75, 0x00, 0x00,
    0x00, 0x00, 0x00, 0x00, 0x00, 0x00, 0x00, 0x00, 0x03, 0x00, 0x00, 0x00, 0x2C, 0x30, 0x00, 0x00,
    0x00, 0x00, 0x00, 0x00, 0x00, 0x00, 0x00, 0x00, 0xFF, 0xFF, 0x00, 0x00, 0x34, 0x75, 0x00, 0x00,
    0x00, 0x00, 0x00, 0x00, 0x00, 0x00, 0x00, 0x00, 0x03, 0x00, 0x00, 0x00, 0x18, 0x30, 0x00, 0x00,
    0x00, 0x00, 0x00, 0x00, 0x00, 0x00, 0x00, 0x00, 0xFF, 0xFF, 0x00, 0x00, 0x32, 0x75, 0x00, 0x00,
    0x00, 0x00, 0x00, 0x00, 0x00, 0x00, 0x00, 0x00, 0x03, 0x00, 0x00, 0x00, 0x04, 0x30, 0x00, 0x00,
    0x01, 0x00, 0x00, 0x00, 0x08, 0x30, 0x00, 0x00, 0xFF, 0xFF, 0x00, 0x00, 0x35, 0x75, 0x00, 0x00,
    0x00, 0x00, 0x00, 0x00, 0x00, 0x00, 0x00, 0x00, 0x03, 0x00, 0x00, 0x00, 0xF4, 0x2F, 0x00, 0x00,
    0x00, 0x00, 0x00, 0x00, 0x00, 0x00, 0x00, 0x00, 0xFF, 0xFF, 0x00, 0x00, 0x30, 0x75, 0x00, 0x00,
    0x00, 0x00, 0x00, 0x00, 0x00, 0x00, 0x00, 0x00, 0x03, 0x00, 0x00, 0x00, 0xE0, 0x2F, 0x00, 0x00,
    0x00, 0x00, 0x00, 0x00, 0x00, 0x00, 0x00, 0x00, 0xFF, 0xFF, 0x00, 0x00, 0x3B, 0x75, 0x00, 0x00,
    0x00, 0x00, 0x00, 0x00, 0x00, 0x00, 0x00, 0x00, 0x03, 0x00, 0x00, 0x00, 0xCC, 0x2F, 0x00, 0x00,
    0x00, 0x00, 0x00, 0x00, 0x00, 0x00, 0x00, 0x00, 0xFF, 0xFF, 0x00, 0x00, 0x34, 0x75, 0x00, 0x00,
    0x00, 0x00, 0x00, 0x00, 0x00, 0x00, 0x00, 0x00, 0x03, 0x00, 0x00, 0x00, 0xB8, 0x2F, 0x00, 0x00,
    0x00, 0x00, 0x00, 0x00, 0x00, 0x00, 0x00, 0x00, 0xFF, 0xFF, 0x00, 0x00, 0x35, 0x75, 0x00, 0x00,
    0x00, 0x00, 0x00, 0x00, 0x00, 0x00, 0x00, 0x00, 0x03, 0x00, 0x00, 0x00, 0xA4, 0x2F, 0x00, 0x00,
    0x00, 0x00, 0x00, 0x00, 0x00, 0x00, 0x00, 0x00, 0xFF, 0xFF, 0x00, 0x00, 0x30, 0x75, 0x00, 0x00,
    0x00, 0x00, 0x00, 0x00, 0x00, 0x00, 0x00, 0x00, 0x03, 0x00, 0x00, 0x00, 0x90, 0x2F, 0x00, 0x00,
    0x00, 0x00, 0x00, 0x00, 0x00, 0x00, 0x00, 0x00, 0xFF, 0xFF, 0x00, 0x00, 0x3B, 0x75, 0x00, 0x00,
    0x00, 0x00, 0x00, 0x00, 0x00, 0x00, 0x00, 0x00, 0x03, 0x00, 0x00, 0x00, 0x7C, 0x2F, 0x00, 0x00,
    0x00, 0x00, 0x00, 0x00, 0x00, 0x00, 0x00, 0x00, 0xFF, 0xFF, 0x00, 0x00, 0x34, 0x75, 0x00, 0x00,
    0x00, 0x00, 0x00, 0x00, 0x00, 0x00, 0x00, 0x00, 0x03, 0x00, 0x00, 0x00, 0x68, 0x2F, 0x00, 0x00,
    0x00, 0x00, 0x00, 0x00, 0x00, 0x00, 0x00, 0x00, 0xFF, 0xFF, 0x00, 0x00, 0x35, 0x75, 0x00, 0x00,
    0x00, 0x00, 0x00, 0x00, 0x00, 0x00, 0x00, 0x00, 0x03, 0x00, 0x00, 0x00, 0x54, 0x2F, 0x00, 0x00,
    0x00, 0x00, 0x00, 0x00, 0x00, 0x00, 0x00, 0x00, 0xFF, 0xFF, 0x00, 0x00, 0x33, 0x75, 0x00, 0x00,
    0x00, 0x00, 0x00, 0x00, 0x00, 0x00, 0x00, 0x00, 0x03, 0x00, 0x00, 0x00, 0x40, 0x2F, 0x00, 0x00,
    0x00, 0x00, 0x00, 0x00, 0x00, 0x00, 0x00, 0x00, 0xFF, 0xFF, 0x00, 0x00, 0x34, 0x75, 0x00, 0x00,
    0x00, 0x00, 0x00, 0x00, 0x00, 0x00, 0x00, 0x00, 0x03, 0x00, 0x00, 0x00, 0x2C, 0x2F, 0x00, 0x00,
    0x00, 0x00, 0x00, 0x00, 0x00, 0x00, 0x00, 0x00, 0xFF, 0xFF, 0x00, 0x00, 0x35, 0x75, 0x00, 0x00,
    0x00, 0x00, 0x00, 0x00, 0x00, 0x00, 0x00, 0x00, 0x03, 0x00, 0x00, 0x00, 0x18, 0x2F, 0x00, 0x00,
    0x00, 0x00, 0x00, 0x00, 0x00, 0x00, 0x00, 0x00, 0xFF, 0xFF, 0x00, 0x00, 0x33, 0x75, 0x00, 0x00,
    0x00, 0x00, 0x00, 0x00, 0x00, 0x00, 0x00, 0x00, 0x03, 0x00, 0x00, 0x00, 0x04, 0x2F, 0x00, 0x00,
    0x00, 0x00, 0x00, 0x00, 0x00, 0x00, 0x00, 0x00, 0xFF, 0xFF, 0x00, 0x00, 0x34, 0x75, 0x00, 0x00,
    0x00, 0x00, 0x00, 0x00, 0x00, 0x00, 0x00, 0x00, 0x03, 0x00, 0x00, 0x00, 0xF0, 0x2E, 0x00, 0x00,
    0x00, 0x00, 0x00, 0x00, 0x00, 0x00, 0x00, 0x00, 0xFF, 0xFF, 0x00, 0x00, 0x35, 0x75, 0x00, 0x00,
    0x00, 0x00, 0x00, 0x00, 0x00, 0x00, 0x00, 0x00, 0x03, 0x00, 0x00, 0x00, 0xDC, 0x2E, 0x00, 0x00,
    0x00, 0x00, 0x00, 0x00, 0x00, 0x00, 0x00, 0x00, 0xFF, 0xFF, 0x00, 0x00, 0x33, 0x75, 0x00, 0x00,
    0x00, 0x00, 0x00, 0x00, 0x00, 0x00, 0x00, 0x00, 0x03, 0x00, 0x00, 0x00, 0xC8, 0x2E, 0x00, 0x00,
    0x00, 0x00, 0x00, 0x00, 0x00, 0x00, 0x00, 0x00, 0xFF, 0xFF, 0x00, 0x00, 0x34, 0x75, 0x00, 0x00,
    0x00, 0x00, 0x00, 0x00, 0x00, 0x00, 0x00, 0x00, 0x03, 0x00, 0x00, 0x00, 0xB4, 0x2E, 0x00, 0x00,
    0x00, 0x00, 0x00, 0x00, 0x00, 0x00, 0x00, 0x00, 0xFF, 0xFF, 0x00, 0x00, 0x35, 0x75, 0x00, 0x00,
    0x00, 0x00, 0x00, 0x00, 0x00, 0x00, 0x00, 0x00, 0x03, 0x00, 0x00, 0x00, 0xA0, 0x2E, 0x00, 0x00,
    0x00, 0x00, 0x00, 0x00, 0x00, 0x00, 0x00, 0x00, 0xFF, 0xFF, 0x00, 0x00, 0x33, 0x75, 0x00, 0x00,
    0x00, 0x00, 0x00, 0x00, 0x00, 0x00, 0x00, 0x00, 0x03, 0x00, 0x00, 0x00, 0x8C, 0x2E, 0x00, 0x00,
    0x00, 0x00, 0x00, 0x00, 0x00, 0x00, 0x00, 0x00, 0xFF, 0xFF, 0x00, 0x00, 0x34, 0x75, 0x00, 0x00,
    0x00, 0x00, 0x00, 0x00, 0x00, 0x00, 0x00, 0x00, 0x03, 0x00, 0x00, 0x00, 0x78, 0x2E, 0x00, 0x00,
    0x00, 0x00, 0x00, 0x00, 0x00, 0x00, 0x00, 0x00, 0xFF, 0xFF, 0x00, 0x00, 0x35, 0x75, 0x00, 0x00,
    0x00, 0x00, 0x00, 0x00, 0x00, 0x00, 0x00, 0x00, 0x03, 0x00, 0x00, 0x00, 0x64, 0x2E, 0x00, 0x00,
    0x00, 0x00, 0x00, 0x00, 0x00, 0x00, 0x00, 0x00, 0xFF, 0xFF, 0x00, 0x00, 0x33, 0x75, 0x00, 0x00,
    0x00, 0x00, 0x00, 0x00, 0x00, 0x00, 0x00, 0x00, 0x03, 0x00, 0x00, 0x00, 0x50, 0x2E, 0x00, 0x00,
    0x01, 0x00, 0x00, 0x00, 0x54, 0x2E, 0x00, 0x00, 0xFF, 0xFF, 0x00, 0x00, 0x34, 0x75, 0x00, 0x00,
    0x00, 0x00, 0x00, 0x00, 0x00, 0x00, 0x00, 0x00, 0x03, 0x00, 0x00, 0x00, 0x40, 0x2E, 0x00, 0x00,
    0x00, 0x00, 0x00, 0x00, 0x00, 0x00, 0x00, 0x00, 0xFF, 0xFF, 0x00, 0x00, 0x14, 0x04, 0x00, 0x00,
    0x01, 0x00, 0x00, 0x00, 0x34, 0x2E, 0x00, 0x00, 0x00, 0x00, 0x00, 0x00, 0x00, 0x00, 0x00, 0x00,
    0x01, 0x00, 0x00, 0x00, 0x28, 0x2E, 0x00, 0x00, 0xFF, 0xFF, 0x00, 0x00, 0x01, 0x00, 0x00, 0x00,
    0x20, 0x2E, 0x00, 0x00, 0x14, 0x04, 0x00, 0x00, 0x01, 0x00, 0x00, 0x00, 0x18, 0x2E, 0x00, 0x00,
    0x00, 0x00, 0x00, 0x00, 0x00, 0x00, 0x00, 0x00, 0x01, 0x00, 0x00, 0x00, 0x0C, 0x2E, 0x00, 0x00,
    0xFF, 0xFF, 0x00, 0x00, 0x01, 0x00, 0x00, 0x00, 0x04, 0x2E, 0x00, 0x00, 0x30, 0x75, 0x00, 0x00,
    0x00, 0x00, 0x00, 0x00, 0x00, 0x00, 0x00, 0x00, 0x03, 0x00, 0x00, 0x00, 0xF4, 0x2D, 0x00, 0x00,
    0x00, 0x00, 0x00, 0x00, 0x00, 0x00, 0x00, 0x00, 0xFF, 0xFF, 0x00, 0x00, 0x31, 0x75, 0x00, 0x00,
    0x00, 0x00, 0x00, 0x00, 0x00, 0x00, 0x00, 0x00, 0x03, 0x00, 0x00, 0x00, 0xE0, 0x2D, 0x00, 0x00,
    0x00, 0x00, 0x00, 0x00, 0x00, 0x00, 0x00, 0x00, 0xFF, 0xFF, 0x00, 0x00, 0x32, 0x75, 0x00, 0x00,
    0x00, 0x00, 0x00, 0x00, 0x00, 0x00, 0x00, 0x00, 0x03, 0x00, 0x00, 0x00, 0xCC, 0x2D, 0x00, 0x00,
    0x00, 0x00, 0x00, 0x00, 0x00, 0x00, 0x00, 0x00, 0xFF, 0xFF, 0x00, 0x00, 0x34, 0x75, 0x00, 0x00,
    0x00, 0x00, 0x00, 0x00, 0x00, 0x00, 0x00, 0x00, 0x03, 0x00, 0x00, 0x00, 0xB8, 0x2D, 0x00, 0x00,
    0x00, 0x00, 0x00, 0x00, 0x00, 0x00, 0x00, 0x00, 0xFF, 0xFF, 0x00, 0x00, 0x32, 0x75, 0x00, 0x00,
    0x00, 0x00, 0x00, 0x00, 0x00, 0x00, 0x00, 0x00, 0x03, 0x00, 0x00, 0x00, 0xA4, 0x2D, 0x00, 0x00,
    0x01, 0x00, 0x00, 0x00, 0xA8, 0x2D, 0x00, 0x00, 0xFF, 0xFF, 0x00, 0x00, 0x35, 0x75, 0x00, 0x00,
    0x00, 0x00, 0x00, 0x00, 0x00, 0x00, 0x00, 0x00, 0x03, 0x00, 0x00, 0x00, 0x94, 0x2D, 0x00, 0x00,
    0x00, 0x00, 0x00, 0x00, 0x00, 0x00, 0x00, 0x00, 0xFF, 0xFF, 0x00, 0x00, 0x33, 0x75, 0x00, 0x00,
    0x00, 0x00, 0x00, 0x00, 0x00, 0x00, 0x00, 0x00, 0x03, 0x00, 0x00, 0x00, 0x80, 0x2D, 0x00, 0x00,
    0x01, 0x00, 0x00, 0x00, 0x84, 0x2D, 0x00, 0x00, 0xFF, 0xFF, 0x00, 0x00, 0x34, 0x75, 0x00, 0x00,
    0x00, 0x00, 0x00, 0x00, 0x00, 0x00, 0x00, 0x00, 0x03, 0x00, 0x00, 0x00, 0x70, 0x2D, 0x00, 0x00,
    0x00, 0x00, 0x00, 0x00, 0x00, 0x00, 0x00, 0x00, 0xFF, 0xFF, 0x00, 0x00, 0x35, 0x75, 0x00, 0x00,
    0x00, 0x00, 0x00, 0x00, 0x00, 0x00, 0x00, 0x00, 0x03, 0x00, 0x00, 0x00, 0x5C, 0x2D, 0x00, 0x00,
    0x00, 0x00, 0x00, 0x00, 0x00, 0x00, 0x00, 0x00, 0xFF, 0xFF, 0x00, 0x00, 0x33, 0x75, 0x00, 0x00,
    0x00, 0x00, 0x00, 0x00, 0x00, 0x00, 0x00, 0x00, 0x03, 0x00, 0x00, 0x00, 0x48, 0x2D, 0x00, 0x00,
    0x00, 0x00, 0x00, 0x00, 0x00, 0x00, 0x00, 0x00, 0xFF, 0xFF, 0x00, 0x00, 0x34, 0x75, 0x00, 0x00,
    0x00, 0x00, 0x00, 0x00, 0x00, 0x00, 0x00, 0x00, 0x03, 0x00, 0x00, 0x00, 0x34, 0x2D, 0x00, 0x00,
    0x00, 0x00, 0x00, 0x00, 0x00, 0x00, 0x00, 0x00, 0xFF, 0xFF, 0x00, 0x00, 0x14, 0x04, 0x00, 0x00,
    0x01, 0x00, 0x00, 0x00, 0x28, 0x2D, 0x00, 0x00, 0x00, 0x00, 0x00, 0x00, 0x00, 0x00, 0x00, 0x00,
    0x01, 0x00, 0x00, 0x00, 0x1C, 0x2D, 0x00, 0x00, 0xFF, 0xFF, 0x00, 0x00, 0x01, 0x00, 0x00, 0x00,
    0x14, 0x2D, 0x00, 0x00, 0x14, 0x04, 0x00, 0x00, 0x01, 0x00, 0x00, 0x00, 0x0C, 0x2D, 0x00, 0x00,
    0x00, 0x00, 0x00, 0x00, 0x00, 0x00, 0x00, 0x00, 0x01, 0x00, 0x00, 0x00, 0x00, 0x2D, 0x00, 0x00,
    0xFF, 0xFF, 0x00, 0x00, 0x01, 0x00, 0x00, 0x00, 0xF8, 0x2C, 0x00, 0x00, 0x30, 0x75, 0x00, 0x00,
    0x00, 0x00, 0x00, 0x00, 0x00, 0x00, 0x00, 0x00, 0x03, 0x00, 0x00, 0x00, 0xE8, 0x2C, 0x00, 0x00,
    0x00, 0x00, 0x00, 0x00, 0x00, 0x00, 0x00, 0x00, 0xFF, 0xFF, 0x00, 0x00, 0x31, 0x75, 0x00, 0x00,
    0x00, 0x00, 0x00, 0x00, 0x00, 0x00, 0x00, 0x00, 0x03, 0x00, 0x00, 0x00, 0xD4, 0x2C, 0x00, 0x00,
    0x00, 0x00, 0x00, 0x00, 0x00, 0x00, 0x00, 0x00, 0xFF, 0xFF, 0x00, 0x00, 0x32, 0x75, 0x00, 0x00,
    0x00, 0x00, 0x00, 0x00, 0x00, 0x00, 0x00, 0x00, 0x03, 0x00, 0x00, 0x00, 0xC0, 0x2C, 0x00, 0x00,
    0x00, 0x00, 0x00, 0x00, 0x00, 0x00, 0x00, 0x00, 0xFF, 0xFF, 0x00, 0x00, 0x34, 0x75, 0x00, 0x00,
    0x00, 0x00, 0x00, 0x00, 0x00, 0x00, 0x00, 0x00, 0x03, 0x00, 0x00, 0x00, 0xAC, 0x2C, 0x00, 0x00,
    0x00, 0x00, 0x00, 0x00, 0x00, 0x00, 0x00, 0x00, 0xFF, 0xFF, 0x00, 0x00, 0x32, 0x75, 0x00, 0x00,
    0x00, 0x00, 0x00, 0x00, 0x00, 0x00, 0x00, 0x00, 0x03, 0x00, 0x00, 0x00, 0x98, 0x2C, 0x00, 0x00,
    0x01, 0x00, 0x00, 0x00, 0x9C, 0x2C, 0x00, 0x00, 0xFF, 0xFF, 0x00, 0x00, 0x35, 0x75, 0x00, 0x00,
    0x00, 0x00, 0x00, 0x00, 0x00, 0x00, 0x00, 0x00, 0x03, 0x00, 0x00, 0x00, 0x88, 0x2C, 0x00, 0x00,
    0x00, 0x00, 0x00, 0x00, 0x00, 0x00, 0x00, 0x00, 0xFF, 0xFF, 0x00, 0x00, 0x33, 0x75, 0x00, 0x00,
    0x00, 0x00, 0x00, 0x00, 0x00, 0x00, 0x00, 0x00, 0x03, 0x00, 0x00, 0x00, 0x74, 0x2C, 0x00, 0x00,
    0x00, 0x00, 0x00, 0x00, 0x00, 0x00, 0x00, 0x00, 0xFF, 0xFF, 0x00, 0x00, 0x34, 0x75, 0x00, 0x00,
    0x00, 0x00, 0x00, 0x00, 0x00, 0x00, 0x00, 0x00, 0x03, 0x00, 0x00, 0x00, 0x60, 0x2C, 0x00, 0x00,
    0x00, 0x00, 0x00, 0x00, 0x00, 0x00, 0x00, 0x00, 0xFF, 0xFF, 0x00, 0x00, 0x35, 0x75, 0x00, 0x00,
    0x00, 0x00, 0x00, 0x00, 0x00, 0x00, 0x00, 0x00, 0x03, 0x00, 0x00, 0x00, 0x4C, 0x2C, 0x00, 0x00,
    0x00, 0x00, 0x00, 0x00, 0x00, 0x00, 0x00, 0x00, 0xFF, 0xFF, 0x00, 0x00, 0x33, 0x75, 0x00, 0x00,
    0x00, 0x00, 0x00, 0x00, 0x00, 0x00, 0x00, 0x00, 0x03, 0x00, 0x00, 0x00, 0x38, 0x2C, 0x00, 0x00,
    0x00, 0x00, 0x00, 0x00, 0x00, 0x00, 0x00, 0x00, 0xFF, 0xFF, 0x00, 0x00, 0x34, 0x75, 0x00, 0x00,
    0x00, 0x00, 0x00, 0x00, 0x00, 0x00, 0x00, 0x00, 0x03, 0x00, 0x00, 0x00, 0x24, 0x2C, 0x00, 0x00,
    0x00, 0x00, 0x00, 0x00, 0x00, 0x00, 0x00, 0x00, 0xFF, 0xFF, 0x00, 0x00, 0x35, 0x75, 0x00, 0x00,
    0x00, 0x00, 0x00, 0x00, 0x00, 0x00, 0x00, 0x00, 0x03, 0x00, 0x00, 0x00, 0x10, 0x2C, 0x00, 0x00,
    0x00, 0x00, 0x00, 0x00, 0x00, 0x00, 0x00, 0x00, 0xFF, 0xFF, 0x00, 0x00, 0x33, 0x75, 0x00, 0x00,
    0x00, 0x00, 0x00, 0x00, 0x00, 0x00, 0x00, 0x00, 0x03, 0x00, 0x00, 0x00, 0xFC, 0x2B, 0x00, 0x00,
    0x00, 0x00, 0x00, 0x00, 0x00, 0x00, 0x00, 0x00, 0xFF, 0xFF, 0x00, 0x00, 0x34, 0x75, 0x00, 0x00,
    0x00, 0x00, 0x00, 0x00, 0x00, 0x00, 0x00, 0x00, 0x03, 0x00, 0x00, 0x00, 0xE8, 0x2B, 0x00, 0x00,
    0x00, 0x00, 0x00, 0x00, 0x00, 0x00, 0x00, 0x00, 0xFF, 0xFF, 0x00, 0x00, 0x14, 0x04, 0x00, 0x00,
    0x01, 0x00, 0x00, 0x00, 0xDC, 0x2B, 0x00, 0x00, 0x00, 0x00, 0x00, 0x00, 0x00, 0x00, 0x00, 0x00,
    0x01, 0x00, 0x00, 0x00, 0xD0, 0x2B, 0x00, 0x00, 0xFF, 0xFF, 0x00, 0x00, 0x01, 0x00, 0x00, 0x00,
    0xC8, 0x2B, 0x00, 0x00, 0x30, 0x75, 0x00, 0x00, 0x00, 0x00, 0x00, 0x00, 0x00, 0x00, 0x00, 0x00,
    0x03, 0x00, 0x00, 0x00, 0xB8, 0x2B, 0x00, 0x00, 0x00, 0x00, 0x00, 0x00, 0x00, 0x00, 0x00, 0x00,
    0xFF, 0xFF, 0x00, 0x00, 0x31, 0x75, 0x00, 0x00, 0x00, 0x00, 0x00, 0x00, 0x00, 0x00, 0x00, 0x00,
    0x03, 0x00, 0x00, 0x00, 0xA4, 0x2B, 0x00, 0x00, 0x00, 0x00, 0x00, 0x00, 0x00, 0x00, 0x00, 0x00,
    0xFF, 0xFF, 0x00, 0x00, 0x32, 0x75, 0x00, 0x00, 0x00, 0x00, 0x00, 0x00, 0x00, 0x00, 0x00, 0x00,
    0x03, 0x00, 0x00, 0x00, 0x90, 0x2B, 0x00, 0x00, 0x00, 0x00, 0x00, 0x00, 0x00, 0x00, 0x00, 0x00,
    0xFF, 0xFF, 0x00, 0x00, 0x34, 0x75, 0x00, 0x00, 0x00, 0x00, 0x00, 0x00, 0x00, 0x00, 0x00, 0x00,
    0x03, 0x00, 0x00, 0x00, 0x7C, 0x2B, 0x00, 0x00, 0x00, 0x00, 0x00, 0x00, 0x00, 0x00, 0x00, 0x00,
    0xFF, 0xFF, 0x00, 0x00, 0x35, 0x75, 0x00, 0x00, 0x00, 0x00, 0x00, 0x00, 0x00, 0x00, 0x00, 0x00,
    0x03, 0x00, 0x00, 0x00, 0x68, 0x2B, 0x00, 0x00, 0x00, 0x00, 0x00, 0x00, 0x00, 0x00, 0x00, 0x00,
    0xFF, 0xFF, 0x00, 0x00, 0x33, 0x75, 0x00, 0x00, 0x00, 0x00, 0x00, 0x00, 0x00, 0x00, 0x00, 0x00,
    0x03, 0x00, 0x00, 0x00, 0x54, 0x2B, 0x00, 0x00, 0x00, 0x00, 0x00, 0x00, 0x00, 0x00, 0x00, 0x00,
    0xFF, 0xFF, 0x00, 0x00, 0x34, 0x75, 0x00, 0x00, 0x00, 0x00, 0x00, 0x00, 0x00, 0x00, 0x00, 0x00,
    0x03, 0x00, 0x00, 0x00, 0x40, 0x2B, 0x00, 0x00, 0x00, 0x00, 0x00, 0x00, 0x00, 0x00, 0x00, 0x00,
    0xFF, 0xFF, 0x00, 0x00, 0x35, 0x75, 0x00, 0x00, 0x00, 0x00, 0x00, 0x00, 0x00, 0x00, 0x00, 0x00,
    0x03, 0x00, 0x00, 0x00, 0x2C, 0x2B, 0x00, 0x00, 0x00, 0x00, 0x00, 0x00, 0x00, 0x00, 0x00, 0x00,
    0xFF, 0xFF, 0x00, 0x00, 0x33, 0x75, 0x00, 0x00, 0x00, 0x00, 0x00, 0x00, 0x00, 0x00, 0x00, 0x00,
    0x03, 0x00, 0x00, 0x00, 0x18, 0x2B, 0x00, 0x00, 0x01, 0x00, 0x00, 0x00, 0x1C, 0x2B, 0x00, 0x00,
    0xFF, 0xFF, 0x00, 0x00, 0x34, 0x75, 0x00, 0x00, 0x00, 0x00, 0x00, 0x00, 0x00, 0x00, 0x00, 0x00,
    0x03, 0x00, 0x00, 0x00, 0x08, 0x2B, 0x00, 0x00, 0x00, 0x00, 0x00, 0x00, 0x00, 0x00, 0x00, 0x00,
    0xFF, 0xFF, 0x00, 0x00, 0x35, 0x75, 0x00, 0x00, 0x00, 0x00, 0x00, 0x00, 0x00, 0x00, 0x00, 0x00,
    0x03, 0x00, 0x00, 0x00, 0xF4, 0x2A, 0x00, 0x00, 0x00, 0x00, 0x00, 0x00, 0x00, 0x00, 0x00, 0x00,
    0xFF, 0xFF, 0x00, 0x00, 0x33, 0x75, 0x00, 0x00, 0x00, 0x00, 0x00, 0x00, 0x00, 0x00, 0x00, 0x00,
    0x03, 0x00, 0x00, 0x00, 0xE0, 0x2A, 0x00, 0x00, 0x01, 0x00, 0x00, 0x00, 0xE4, 0x2A, 0x00, 0x00,
    0xFF, 0xFF, 0x00, 0x00, 0x34, 0x75, 0x00, 0x00, 0x00, 0x00, 0x00, 0x00, 0x00, 0x00, 0x00, 0x00,
    0x03, 0x00, 0x00, 0x00, 0xD0, 0x2A, 0x00, 0x00, 0x00, 0x00, 0x00, 0x00, 0x00, 0x00, 0x00, 0x00,
    0xFF, 0xFF, 0x00, 0x00, 0x32, 0x75, 0x00, 0x00, 0x00, 0x00, 0x00, 0x00, 0x00, 0x00, 0x00, 0x00,
    0x03, 0x00, 0x00, 0x00, 0xBC, 0x2A, 0x00, 0x00, 0x01, 0x00, 0x00, 0x00, 0xC0, 0x2A, 0x00, 0x00,
    0xFF, 0xFF, 0x00, 0x00, 0x14, 0x04, 0x00, 0x00, 0x01, 0x00, 0x00, 0x00, 0xB4, 0x2A, 0x00, 0x00,
    0x00, 0x00, 0x00, 0x00, 0x00, 0x00, 0x00, 0x00, 0x01, 0x00, 0x00, 0x00, 0xA8, 0x2A, 0x00, 0x00,
    0xFF, 0xFF, 0x00, 0x00, 0x01, 0x00, 0x00, 0x00, 0xA0, 0x2A, 0x00, 0x00, 0x14, 0x04, 0x00, 0x00,
    0x01, 0x00, 0x00, 0x00, 0x98, 0x2A, 0x00, 0x00, 0x00, 0x00, 0x00, 0x00, 0x00, 0x00, 0x00, 0x00,
    0x01, 0x00, 0x00, 0x00, 0x8C, 0x2A, 0x00, 0x00, 0xFF, 0xFF, 0x00, 0x00, 0x01, 0x00, 0x00, 0x00,
    0x84, 0x2A, 0x00, 0x00, 0x14, 0x04, 0x00, 0x00, 0x01, 0x00, 0x00, 0x00, 0x7C, 0x2A, 0x00, 0x00,
    0x00, 0x00, 0x00, 0x00, 0x00, 0x00, 0x00, 0x00, 0x01, 0x00, 0x00, 0x00, 0x70, 0x2A, 0x00, 0x00,
    0xFF, 0xFF, 0x00, 0x00, 0x01, 0x00, 0x00, 0x00, 0x68, 0x2A, 0x00, 0x00, 0x30, 0x75, 0x00, 0x00,
    0x00, 0x00, 0x00, 0x00, 0x00, 0x00, 0x00, 0x00, 0x03, 0x00, 0x00, 0x00, 0x58, 0x2A, 0x00, 0x00,
    0x00, 0x00, 0x00, 0x00, 0x00, 0x00, 0x00, 0x00, 0xFF, 0xFF, 0x00, 0x00, 0x31, 0x75, 0x00, 0x00,
    0x00, 0x00, 0x00, 0x00, 0x00, 0x00, 0x00, 0x00, 0x03, 0x00, 0x00, 0x00, 0x44, 0x2A, 0x00, 0x00,
    0x00, 0x00, 0x00, 0x00, 0x00, 0x00, 0x00, 0x00, 0xFF, 0xFF, 0x00, 0x00, 0x32, 0x75, 0x00, 0x00,
    0x00, 0x00, 0x00, 0x00, 0x00, 0x00, 0x00, 0x00, 0x03, 0x00, 0x00, 0x00, 0x30, 0x2A, 0x00, 0x00,
    0x00, 0x00, 0x00, 0x00, 0x00, 0x00, 0x00, 0x00, 0xFF, 0xFF, 0x00, 0x00, 0x34, 0x75, 0x00, 0x00,
    0x00, 0x00, 0x00, 0x00, 0x00, 0x00, 0x00, 0x00, 0x03, 0x00, 0x00, 0x00, 0x1C, 0x2A, 0x00, 0x00,
    0x00, 0x00, 0x00, 0x00, 0x00, 0x00, 0x00, 0x00, 0xFF, 0xFF, 0x00, 0x00, 0x32, 0x75, 0x00, 0x00,
    0x00, 0x00, 0x00, 0x00, 0x00, 0x00, 0x00, 0x00, 0x03, 0x00, 0x00, 0x00, 0x08, 0x2A, 0x00, 0x00,
    0x01, 0x00, 0x00, 0x00, 0x0C, 0x2A, 0x00, 0x00, 0xFF, 0xFF, 0x00, 0x00, 0x35, 0x75, 0x00, 0x00,
    0x00, 0x00, 0x00, 0x00, 0x00, 0x00, 0x00, 0x00, 0x03, 0x00, 0x00, 0x00, 0xF8, 0x29, 0x00, 0x00,
    0x00, 0x00, 0x00, 0x00, 0x00, 0x00, 0x00, 0x00, 0xFF, 0xFF, 0x00, 0x00, 0x33, 0x75, 0x00, 0x00,
    0x00, 0x00, 0x00, 0x00, 0x00, 0x00, 0x00, 0x00, 0x03, 0x00, 0x00, 0x00, 0xE4, 0x29, 0x00, 0x00,
    0x00, 0x00, 0x00, 0x00, 0x00, 0x00, 0x00, 0x00, 0xFF, 0xFF, 0x00, 0x00, 0x34, 0x75, 0x00, 0x00,
    0x00, 0x00, 0x00, 0x00, 0x00, 0x00, 0x00, 0x00, 0x03, 0x00, 0x00, 0x00, 0xD0, 0x29, 0x00, 0x00,
    0x00, 0x00, 0x00, 0x00, 0x00, 0x00, 0x00, 0x00, 0xFF, 0xFF, 0x00, 0x00, 0x35, 0x75, 0x00, 0x00,
    0x00, 0x00, 0x00, 0x00, 0x00, 0x00, 0x00, 0x00, 0x03, 0x00, 0x00, 0x00, 0xBC, 0x29, 0x00, 0x00,
    0x00, 0x00, 0x00, 0x00, 0x00, 0x00, 0x00, 0x00, 0xFF, 0xFF, 0x00, 0x00, 0x33, 0x75, 0x00, 0x00,
    0x00, 0x00, 0x00, 0x00, 0x00, 0x00, 0x00, 0x00, 0x03, 0x00, 0x00, 0x00, 0xA8, 0x29, 0x00, 0x00,
    0x01, 0x00, 0x00, 0x00, 0xAC, 0x29, 0x00, 0x00, 0xFF, 0xFF, 0x00, 0x00, 0x34, 0x75, 0x00, 0x00,
    0x00, 0x00, 0x00, 0x00, 0x00, 0x00, 0x00, 0x00, 0x03, 0x00, 0x00, 0x00, 0x98, 0x29, 0x00, 0x00,
    0x00, 0x00, 0x00, 0x00, 0x00, 0x00, 0x00, 0x00, 0xFF, 0xFF, 0x00, 0x00, 0x35, 0x75, 0x00, 0x00,
    0x00, 0x00, 0x00, 0x00, 0x00, 0x00, 0x00, 0x00, 0x03, 0x00, 0x00, 0x00, 0x84, 0x29, 0x00, 0x00,
    0x00, 0x00, 0x00, 0x00, 0x00, 0x00, 0x00, 0x00, 0xFF, 0xFF, 0x00, 0x00, 0x33, 0x75, 0x00, 0x00,
    0x00, 0x00, 0x00, 0x00, 0x00, 0x00, 0x00, 0x00, 0x03, 0x00, 0x00, 0x00, 0x70, 0x29, 0x00, 0x00,
    0x01, 0x00, 0x00, 0x00, 0x74, 0x29, 0x00, 0x00, 0xFF, 0xFF, 0x00, 0x00, 0x34, 0x75, 0x00, 0x00,
    0x00, 0x00, 0x00, 0x00, 0x00, 0x00, 0x00, 0x00, 0x03, 0x00, 0x00, 0x00, 0x60, 0x29, 0x00, 0x00,
    0x00, 0x00, 0x00, 0x00, 0x00, 0x00, 0x00, 0x00, 0xFF, 0xFF, 0x00, 0x00, 0x35, 0x75, 0x00, 0x00,
    0x00, 0x00, 0x00, 0x00, 0x00, 0x00, 0x00, 0x00, 0x03, 0x00, 0x00, 0x00, 0x4C, 0x29, 0x00, 0x00,
    0x00, 0x00, 0x00, 0x00, 0x00, 0x00, 0x00, 0x00, 0xFF, 0xFF, 0x00, 0x00, 0x30, 0x75, 0x00, 0x00,
    0x00, 0x00, 0x00, 0x00, 0x00, 0x00, 0x00, 0x00, 0x03, 0x00, 0x00, 0x00, 0x38, 0x29, 0x00, 0x00,
    0x00, 0x00, 0x00, 0x00, 0x00, 0x00, 0x00, 0x00, 0xFF, 0xFF, 0x00, 0x00, 0x3C, 0x75, 0x00, 0x00,
    0x00, 0x00, 0x00, 0x00, 0x00, 0x00, 0x00, 0x00, 0x03, 0x00, 0x00, 0x00, 0x24, 0x29, 0x00, 0x00,
    0x00, 0x00, 0x00, 0x00, 0x00, 0x00, 0x00, 0x00, 0xFF, 0xFF, 0x00, 0x00, 0x34, 0x75, 0x00, 0x00,
    0x00, 0x00, 0x00, 0x00, 0x00, 0x00, 0x00, 0x00, 0x03, 0x00, 0x00, 0x00, 0x10, 0x29, 0x00, 0x00,
    0x00, 0x00, 0x00, 0x00, 0x00, 0x00, 0x00, 0x00, 0xFF, 0xFF, 0x00, 0x00, 0x14, 0x04, 0x00, 0x00,
    0x01, 0x00, 0x00, 0x00, 0x04, 0x29, 0x00, 0x00, 0x00, 0x00, 0x00, 0x00, 0x00, 0x00, 0x00, 0x00,
    0x01, 0x00, 0x00, 0x00, 0xF8, 0x28, 0x00, 0x00, 0xFF, 0xFF, 0x00, 0x00, 0x01, 0x00, 0x00, 0x00,
    0xF0, 0x28, 0x00, 0x00, 0x14, 0x04, 0x00, 0x00, 0x01, 0x00, 0x00, 0x00, 0xE8, 0x28, 0x00, 0x00,
    0x00, 0x00, 0x00, 0x00, 0x00, 0x00, 0x00, 0x00, 0x01, 0x00, 0x00, 0x00, 0xDC, 0x28, 0x00, 0x00,
    0xFF, 0xFF, 0x00, 0x00, 0x01, 0x00, 0x00, 0x00, 0xD4, 0x28, 0x00, 0x00, 0x14, 0x04, 0x00, 0x00,
    0x01, 0x00, 0x00, 0x00, 0xCC, 0x28, 0x00, 0x00, 0x00, 0x00, 0x00, 0x00, 0x00, 0x00, 0x00, 0x00,
    0x01, 0x00, 0x00, 0x00, 0xC0, 0x28, 0x00, 0x00, 0xFF, 0xFF, 0x00, 0x00, 0x01, 0x00, 0x00, 0x00,
    0xB8, 0x28, 0x00, 0x00, 0x30, 0x75, 0x00, 0x00, 0x00, 0x00, 0x00, 0x00, 0x00, 0x00, 0x00, 0x00,
    0x03, 0x00, 0x00, 0x00, 0xA8, 0x28, 0x00, 0x00, 0x00, 0x00, 0x00, 0x00, 0x00, 0x00, 0x00, 0x00,
    0xFF, 0xFF, 0x00, 0x00, 0x31, 0x75, 0x00, 0x00, 0x00, 0x00, 0x00, 0x00, 0x00, 0x00, 0x00, 0x00,
    0x03, 0x00, 0x00, 0x00, 0x94, 0x28, 0x00, 0x00, 0x00, 0x00, 0x00, 0x00, 0x00, 0x00, 0x00, 0x00,
    0xFF, 0xFF, 0x00, 0x00, 0x32, 0x75, 0x00, 0x00, 0x00, 0x00, 0x00, 0x00, 0x00, 0x00, 0x00, 0x00,
    0x03, 0x00, 0x00, 0x00, 0x80, 0x28, 0x00, 0x00, 0x00, 0x00, 0x00, 0x00, 0x00, 0x00, 0x00, 0x00,
    0xFF, 0xFF, 0x00, 0x00, 0x36, 0x75, 0x00, 0x00, 0x00, 0x00, 0x00, 0x00, 0x00, 0x00, 0x00, 0x00,
    0x03, 0x00, 0x00, 0x00, 0x6C, 0x28, 0x00, 0x00, 0x00, 0x00, 0x00, 0x00, 0x00, 0x00, 0x00, 0x00,
    0xFF, 0xFF, 0x00, 0x00, 0x32, 0x75, 0x00, 0x00, 0x00, 0x00, 0x00, 0x00, 0x00, 0x00, 0x00, 0x00,
    0x03, 0x00, 0x00, 0x00, 0x58, 0x28, 0x00, 0x00, 0x01, 0x00, 0x00, 0x00, 0x5C, 0x28, 0x00, 0x00,
    0xFF, 0xFF, 0x00, 0x00, 0x33, 0x75, 0x00, 0x00, 0x00, 0x00, 0x00, 0x00, 0x00, 0x00, 0x00, 0x00,
    0x03, 0x00, 0x00, 0x00, 0x48, 0x28, 0x00, 0x00, 0x01, 0x00, 0x00, 0x00, 0x4C, 0x28, 0x00, 0x00,
    0xFF, 0xFF, 0x00, 0x00, 0x34, 0x75, 0x00, 0x00, 0x00, 0x00, 0x00, 0x00, 0x00, 0x00, 0x00, 0x00,
    0x03, 0x00, 0x00, 0x00, 0x38, 0x28, 0x00, 0x00, 0x00, 0x00, 0x00, 0x00, 0x00, 0x00, 0x00, 0x00,
    0xFF, 0xFF, 0x00, 0x00, 0x14, 0x04, 0x00, 0x00, 0x01, 0x00, 0x00, 0x00, 0x2C, 0x28, 0x00, 0x00,
    0x00, 0x00, 0x00, 0x00, 0x00, 0x00, 0x00, 0x00, 0x01, 0x00, 0x00, 0x00, 0x20, 0x28, 0x00, 0x00,
    0xFF, 0xFF, 0x00, 0x00, 0x01, 0x00, 0x00, 0x00, 0x18, 0x28, 0x00, 0x00, 0x14, 0x04, 0x00, 0x00,
    0x01, 0x00, 0x00, 0x00, 0x10, 0x28, 0x00, 0x00, 0x00, 0x00, 0x00, 0x00, 0x00, 0x00, 0x00, 0x00,
    0x01, 0x00, 0x00, 0x00, 0x04, 0x28, 0x00, 0x00, 0xFF, 0xFF, 0x00, 0x00, 0x01, 0x00, 0x00, 0x00,
    0xFC, 0x27, 0x00, 0x00, 0x30, 0x75, 0x00, 0x00, 0x00, 0x00, 0x00, 0x00, 0x00, 0x00, 0x00, 0x00,
    0x03, 0x00, 0x00, 0x00, 0xEC, 0x27, 0x00, 0x00, 0x00, 0x00, 0x00, 0x00, 0x00, 0x00, 0x00, 0x00,
    0xFF, 0xFF, 0x00, 0x00, 0x31, 0x75, 0x00, 0x00, 0x00, 0x00, 0x00, 0x00, 0x00, 0x00, 0x00, 0x00,
    0x03, 0x00, 0x00, 0x00, 0xD8, 0x27, 0x00, 0x00, 0x00, 0x00, 0x00, 0x00, 0x00, 0x00, 0x00, 0x00,
    0xFF, 0xFF, 0x00, 0x00, 0x32, 0x75, 0x00, 0x00, 0x00, 0x00, 0x00, 0x00, 0x00, 0x00, 0x00, 0x00,
    0x03, 0x00, 0x00, 0x00, 0xC4, 0x27, 0x00, 0x00, 0x00, 0x00, 0x00, 0x00, 0x00, 0x00, 0x00, 0x00,
    0xFF, 0xFF, 0x00, 0x00, 0x34, 0x75, 0x00, 0x00, 0x00, 0x00, 0x00, 0x00, 0x00, 0x00, 0x00, 0x00,
    0x03, 0x00, 0x00, 0x00, 0xB0, 0x27, 0x00, 0x00, 0x00, 0x00, 0x00, 0x00, 0x00, 0x00, 0x00, 0x00,
    0xFF, 0xFF, 0x00, 0x00, 0x35, 0x75, 0x00, 0x00, 0x00, 0x00, 0x00, 0x00, 0x00, 0x00, 0x00, 0x00,
    0x03, 0x00, 0x00, 0x00, 0x9C, 0x27, 0x00, 0x00, 0x00, 0x00, 0x00, 0x00, 0x00, 0x00, 0x00, 0x00,
    0xFF, 0xFF, 0x00, 0x00, 0x33, 0x75, 0x00, 0x00, 0x00, 0x00, 0x00, 0x00, 0x00, 0x00, 0x00, 0x00,
    0x03, 0x00, 0x00, 0x00, 0x88, 0x27, 0x00, 0x00, 0x00, 0x00, 0x00, 0x00, 0x00, 0x00, 0x00, 0x00,
    0xFF, 0xFF, 0x00, 0x00, 0x34, 0x75, 0x00, 0x00, 0x00, 0x00, 0x00, 0x00, 0x00, 0x00, 0x00, 0x00,
    0x03, 0x00, 0x00, 0x00, 0x74, 0x27, 0x00, 0x00, 0x00, 0x00, 0x00, 0x00, 0x00, 0x00, 0x00, 0x00,
    0xFF, 0xFF, 0x00, 0x00, 0x32, 0x75, 0x00, 0x00, 0x00, 0x00, 0x00, 0x00, 0x00, 0x00, 0x00, 0x00,
    0x03, 0x00, 0x00, 0x00, 0x60, 0x27, 0x00, 0x00, 0x01, 0x00, 0x00, 0x00, 0x64, 0x27, 0x00, 0x00,
    0xFF, 0xFF, 0x00, 0x00, 0x14, 0x04, 0x00, 0x00, 0x01, 0x00, 0x00, 0x00, 0x58, 0x27, 0x00, 0x00,
    0x00, 0x00, 0x00, 0x00, 0x00, 0x00, 0x00, 0x00, 0x01, 0x00, 0x00, 0x00, 0x4C, 0x27, 0x00, 0x00,
    0xFF, 0xFF, 0x00, 0x00, 0x01, 0x00, 0x00, 0x00, 0x44, 0x27, 0x00, 0x00, 0x30, 0x75, 0x00, 0x00,
    0x00, 0x00, 0x00, 0x00, 0x00, 0x00, 0x00, 0x00, 0x03, 0x00, 0x00, 0x00, 0x34, 0x27, 0x00, 0x00,
    0x00, 0x00, 0x00, 0x00, 0x00, 0x00, 0x00, 0x00, 0xFF, 0xFF, 0x00, 0x00, 0x31, 0x75, 0x00, 0x00,
    0x00, 0x00, 0x00, 0x00, 0x00, 0x00, 0x00, 0x00, 0x03, 0x00, 0x00, 0x00, 0x20, 0x27, 0x00, 0x00,
    0x00, 0x00, 0x00, 0x00, 0x00, 0x00, 0x00, 0x00, 0xFF, 0xFF, 0x00, 0x00, 0x32, 0x75, 0x00, 0x00,
    0x00, 0x00, 0x00, 0x00, 0x00, 0x00, 0x00, 0x00, 0x03, 0x00, 0x00, 0x00, 0x0C, 0x27, 0x00, 0x00,
    0x00, 0x00, 0x00, 0x00, 0x00, 0x00, 0x00, 0x00, 0xFF, 0xFF, 0x00, 0x00, 0x35, 0x75, 0x00, 0x00,
    0x00, 0x00, 0x00, 0x00, 0x00, 0x00, 0x00, 0x00, 0x03, 0x00, 0x00, 0x00, 0xF8, 0x26, 0x00, 0x00,
    0x00, 0x00, 0x00, 0x00, 0x00, 0x00, 0x00, 0x00, 0xFF, 0xFF, 0x00, 0x00, 0x30, 0x75, 0x00, 0x00,
    0x00, 0x00, 0x00, 0x00, 0x00, 0x00, 0x00, 0x00, 0x03, 0x00, 0x00, 0x00, 0xE4, 0x26, 0x00, 0x00,
    0x00, 0x00, 0x00, 0x00, 0x00, 0x00, 0x00, 0x00, 0xFF, 0xFF, 0x00, 0x00, 0x3B, 0x75, 0x00, 0x00,
    0x00, 0x00, 0x00, 0x00, 0x00, 0x00, 0x00, 0x00, 0x03, 0x00, 0x00, 0x00, 0xD0, 0x26, 0x00, 0x00,
    0x00, 0x00, 0x00, 0x00, 0x00, 0x00, 0x00, 0x00, 0xFF, 0xFF, 0x00, 0x00, 0x34, 0x75, 0x00, 0x00,
    0x00, 0x00, 0x00, 0x00, 0x00, 0x00, 0x00, 0x00, 0x03, 0x00, 0x00, 0x00, 0xBC, 0x26, 0x00, 0x00,
    0x00, 0x00, 0x00, 0x00, 0x00, 0x00, 0x00, 0x00, 0xFF, 0xFF, 0x00, 0x00, 0x35, 0x75, 0x00, 0x00,
    0x00, 0x00, 0x00, 0x00, 0x00, 0x00, 0x00, 0x00, 0x03, 0x00, 0x00, 0x00, 0xA8, 0x26, 0x00, 0x00,
    0x00, 0x00, 0x00, 0x00, 0x00, 0x00, 0x00, 0x00, 0xFF, 0xFF, 0x00, 0x00, 0x30, 0x75, 0x00, 0x00,
    0x00, 0x00, 0x00, 0x00, 0x00, 0x00, 0x00, 0x00, 0x03, 0x00, 0x00, 0x00, 0x94, 0x26, 0x00, 0x00,
    0x00, 0x00, 0x00, 0x00, 0x00, 0x00, 0x00, 0x00, 0xFF, 0xFF, 0x00, 0x00, 0x3C, 0x75, 0x00, 0x00,
    0x00, 0x00, 0x00, 0x00, 0x00, 0x00, 0x00, 0x00, 0x03, 0x00, 0x00, 0x00, 0x80, 0x26, 0x00, 0x00,
    0x00, 0x00, 0x00, 0x00, 0x00, 0x00, 0x00, 0x00, 0xFF, 0xFF, 0x00, 0x00, 0x34, 0x75, 0x00, 0x00,
    0x00, 0x00, 0x00, 0x00, 0x00, 0x00, 0x00, 0x00, 0x03, 0x00, 0x00, 0x00, 0x6C, 0x26, 0x00, 0x00,
    0x00, 0x00, 0x00, 0x00, 0x00, 0x00, 0x00, 0x00, 0xFF, 0xFF, 0x00, 0x00, 0x35, 0x75, 0x00, 0x00,
    0x00, 0x00, 0x00, 0x00, 0x00, 0x00, 0x00, 0x00, 0x03, 0x00, 0x00, 0x00, 0x58, 0x26, 0x00, 0x00,
    0x00, 0x00, 0x00, 0x00, 0x00, 0x00, 0x00, 0x00, 0xFF, 0xFF, 0x00, 0x00, 0x30, 0x75, 0x00, 0x00,
    0x00, 0x00, 0x00, 0x00, 0x00, 0x00, 0x00, 0x00, 0x03, 0x00, 0x00, 0x00, 0x44, 0x26, 0x00, 0x00,
    0x00, 0x00, 0x00, 0x00, 0x00, 0x00, 0x00, 0x00, 0xFF, 0xFF, 0x00, 0x00, 0x34, 0x75, 0x00, 0x00,
    0x00, 0x00, 0x00, 0x00, 0x00, 0x00, 0x00, 0x00, 0x03, 0x00, 0x00, 0x00, 0x30, 0x26, 0x00, 0x00,
    0x00, 0x00, 0x00, 0x00, 0x00, 0x00, 0x00, 0x00, 0xFF, 0xFF, 0x00, 0x00, 0x3A, 0x75, 0x00, 0x00,
    0x00, 0x00, 0x00, 0x00, 0x00, 0x00, 0x00, 0x00, 0x03, 0x00, 0x00, 0x00, 0x1C, 0x26, 0x00, 0x00,
    0x00, 0x00, 0x00, 0x00, 0x00, 0x00, 0x00, 0x00, 0xFF, 0xFF, 0x00, 0x00, 0x35, 0x75, 0x00, 0x00,
    0x00, 0x00, 0x00, 0x00, 0x00, 0x00, 0x00, 0x00, 0x03, 0x00, 0x00, 0x00, 0x08, 0x26, 0x00, 0x00,
    0x00, 0x00, 0x00, 0x00, 0x00, 0x00, 0x00, 0x00, 0xFF, 0xFF, 0x00, 0x00, 0x33, 0x75, 0x00, 0x00,
    0x00, 0x00, 0x00, 0x00, 0x00, 0x00, 0x00, 0x00, 0x03, 0x00, 0x00, 0x00, 0xF4, 0x25, 0x00, 0x00,
    0x00, 0x00, 0x00, 0x00, 0x00, 0x00, 0x00, 0x00, 0xFF, 0xFF, 0x00, 0x00, 0x34, 0x75, 0x00, 0x00,
    0x00, 0x00, 0x00, 0x00, 0x00, 0x00, 0x00, 0x00, 0x03, 0x00, 0x00, 0x00, 0xE0, 0x25, 0x00, 0x00,
    0x00, 0x00, 0x00, 0x00, 0x00, 0x00, 0x00, 0x00, 0xFF, 0xFF, 0x00, 0x00, 0x35, 0x75, 0x00, 0x00,
    0x00, 0x00, 0x00, 0x00, 0x00, 0x00, 0x00, 0x00, 0x03, 0x00, 0x00, 0x00, 0xCC, 0x25, 0x00, 0x00,
    0x00, 0x00, 0x00, 0x00, 0x00, 0x00, 0x00, 0x00, 0xFF, 0xFF, 0x00, 0x00, 0x33, 0x75, 0x00, 0x00,
    0x00, 0x00, 0x00, 0x00, 0x00, 0x00, 0x00, 0x00, 0x03, 0x00, 0x00, 0x00, 0xB8, 0x25, 0x00, 0x00,
    0x00, 0x00, 0x00, 0x00, 0x00, 0x00, 0x00, 0x00, 0xFF, 0xFF, 0x00, 0x00, 0x34, 0x75, 0x00, 0x00,
    0x00, 0x00, 0x00, 0x00, 0x00, 0x00, 0x00, 0x00, 0x03, 0x00, 0x00, 0x00, 0xA4, 0x25, 0x00, 0x00,
    0x00, 0x00, 0x00, 0x00, 0x00, 0x00, 0x00, 0x00, 0xFF, 0xFF, 0x00, 0x00, 0x35, 0x75, 0x00, 0x00,
    0x00, 0x00, 0x00, 0x00, 0x00, 0x00, 0x00, 0x00, 0x03, 0x00, 0x00, 0x00, 0x90, 0x25, 0x00, 0x00,
    0x00, 0x00, 0x00, 0x00, 0x00, 0x00, 0x00, 0x00, 0xFF, 0xFF, 0x00, 0x00, 0x33, 0x75, 0x00, 0x00,
    0x00, 0x00, 0x00, 0x00, 0x00, 0x00, 0x00, 0x00, 0x03, 0x00, 0x00, 0x00, 0x7C, 0x25, 0x00, 0x00,
    0x01, 0x00, 0x00, 0x00, 0x80, 0x25, 0x00, 0x00, 0xFF, 0xFF, 0x00, 0x00, 0x34, 0x75, 0x00, 0x00,
    0x00, 0x00, 0x00, 0x00, 0x00, 0x00, 0x00, 0x00, 0x03, 0x00, 0x00, 0x00, 0x6C, 0x25, 0x00, 0x00,
    0x00, 0x00, 0x00, 0x00, 0x00, 0x00, 0x00, 0x00, 0xFF, 0xFF, 0x00, 0x00, 0x35, 0x75, 0x00, 0x00,
    0x00, 0x00, 0x00, 0x00, 0x00, 0x00, 0x00, 0x00, 0x03, 0x00, 0x00, 0x00, 0x58, 0x25, 0x00, 0x00,
    0x00, 0x00, 0x00, 0x00, 0x00, 0x00, 0x00, 0x00, 0xFF, 0xFF, 0x00, 0x00, 0x33, 0x75, 0x00, 0x00,
    0x00, 0x00, 0x00, 0x00, 0x00, 0x00, 0x00, 0x00, 0x03, 0x00, 0x00, 0x00, 0x44, 0x25, 0x00, 0x00,
    0x01, 0x00, 0x00, 0x00, 0x48, 0x25, 0x00, 0x00, 0xFF, 0xFF, 0x00, 0x00, 0x34, 0x75, 0x00, 0x00,
    0x00, 0x00, 0x00, 0x00, 0x00, 0x00, 0x00, 0x00, 0x03, 0x00, 0x00, 0x00, 0x34, 0x25, 0x00, 0x00,
    0x00, 0x00, 0x00, 0x00, 0x00, 0x00, 0x00, 0x00, 0xFF, 0xFF, 0x00, 0x00, 0x35, 0x75, 0x00, 0x00,
    0x00, 0x00, 0x00, 0x00, 0x00, 0x00, 0x00, 0x00, 0x03, 0x00, 0x00, 0x00, 0x20, 0x25, 0x00, 0x00,
    0x00, 0x00, 0x00, 0x00, 0x00, 0x00, 0x00, 0x00, 0xFF, 0xFF, 0x00, 0x00, 0x33, 0x75, 0x00, 0x00,
    0x00, 0x00, 0x00, 0x00, 0x00, 0x00, 0x00, 0x00, 0x03, 0x00, 0x00, 0x00, 0x0C, 0x25, 0x00, 0x00,
    0x01, 0x00, 0x00, 0x00, 0x10, 0x25, 0x00, 0x00, 0xFF, 0xFF, 0x00, 0x00, 0x34, 0x75, 0x00, 0x00,
    0x00, 0x00, 0x00, 0x00, 0x00, 0x00, 0x00, 0x00, 0x03, 0x00, 0x00, 0x00, 0xFC, 0x24, 0x00, 0x00,
    0x00, 0x00, 0x00, 0x00, 0x00, 0x00, 0x00, 0x00, 0xFF, 0xFF, 0x00, 0x00, 0x32, 0x75, 0x00, 0x00,
    0x00, 0x00, 0x00, 0x00, 0x00, 0x00, 0x00, 0x00, 0x03, 0x00, 0x00, 0x00, 0xE8, 0x24, 0x00, 0x00,
    0x01, 0x00, 0x00, 0x00, 0xEC, 0x24, 0x00, 0x00, 0xFF, 0xFF, 0x00, 0x00, 0x14, 0x04, 0x00, 0x00,
    0x01, 0x00, 0x00, 0x00, 0xE0, 0x24, 0x00, 0x00, 0x00, 0x00, 0x00, 0x00, 0x00, 0x00, 0x00, 0x00,
    0x01, 0x00, 0x00, 0x00, 0xD4, 0x24, 0x00, 0x00, 0xFF, 0xFF, 0x00, 0x00, 0x01, 0x00, 0x00, 0x00,
    0xCC, 0x24, 0x00, 0x00, 0x14, 0x04, 0x00, 0x00, 0x01, 0x00, 0x00, 0x00, 0xC4, 0x24, 0x00, 0x00,
    0x00, 0x00, 0x00, 0x00, 0x00, 0x00, 0x00, 0x00, 0x01, 0x00, 0x00, 0x00, 0xB8, 0x24, 0x00, 0x00,
    0xFF, 0xFF, 0x00, 0x00, 0x01, 0x00, 0x00, 0x00, 0xB0, 0x24, 0x00, 0x00, 0x14, 0x04, 0x00, 0x00,
    0x01, 0x00, 0x00, 0x00, 0xA8, 0x24, 0x00, 0x00, 0x00, 0x00, 0x00, 0x00, 0x00, 0x00, 0x00, 0x00,
    0x01, 0x00, 0x00, 0x00, 0x9C, 0x24, 0x00, 0x00, 0xFF, 0xFF, 0x00, 0x00, 0x01, 0x00, 0x00, 0x00,
    0x94, 0x24, 0x00, 0x00, 0x14, 0x04, 0x00, 0x00, 0x01, 0x00, 0x00, 0x00, 0x8C, 0x24, 0x00, 0x00,
    0x00, 0x00, 0x00, 0x00, 0x00, 0x00, 0x00, 0x00, 0x01, 0x00, 0x00, 0x00, 0x80, 0x24, 0x00, 0x00,
    0xFF, 0xFF, 0x00, 0x00, 0x01, 0x00, 0x00, 0x00, 0x78, 0x24, 0x00, 0x00, 0x30, 0x75, 0x00, 0x00,
    0x00, 0x00, 0x00, 0x00, 0x00, 0x00, 0x00, 0x00, 0x03, 0x00, 0x00, 0x00, 0x68, 0x24, 0x00, 0x00,
    0x00, 0x00, 0x00, 0x00, 0x00, 0x00, 0x00, 0x00, 0xFF, 0xFF, 0x00, 0x00, 0x31, 0x75, 0x00, 0x00,
    0x00, 0x00, 0x00, 0x00, 0x00, 0x00, 0x00, 0x00, 0x03, 0x00, 0x00, 0x00, 0x54, 0x24, 0x00, 0x00,
    0x00, 0x00, 0x00, 0x00, 0x00, 0x00, 0x00, 0x00, 0xFF, 0xFF, 0x00, 0x00, 0x32, 0x75, 0x00, 0x00,
    0x00, 0x00, 0x00, 0x00, 0x00, 0x00, 0x00, 0x00, 0x03, 0x00, 0x00, 0x00, 0x40, 0x24, 0x00, 0x00,
    0x00, 0x00, 0x00, 0x00, 0x00, 0x00, 0x00, 0x00, 0xFF, 0xFF, 0x00, 0x00, 0x32, 0x75, 0x00, 0x00,
    0x00, 0x00, 0x00, 0x00, 0x00, 0x00, 0x00, 0x00, 0x03, 0x00, 0x00, 0x00, 0x2C, 0x24, 0x00, 0x00,
    0x01, 0x00, 0x00, 0x00, 0x30, 0x24, 0x00, 0x00, 0xFF, 0xFF, 0x00, 0x00, 0x35, 0x75, 0x00, 0x00,
    0x00, 0x00, 0x00, 0x00, 0x00, 0x00, 0x00, 0x00, 0x03, 0x00, 0x00, 0x00, 0x1C, 0x24, 0x00, 0x00,
    0x00, 0x00, 0x00, 0x00, 0x00, 0x00, 0x00, 0x00, 0xFF, 0xFF, 0x00, 0x00, 0x30, 0x75, 0x00, 0x00,
    0x00, 0x00, 0x00, 0x00, 0x00, 0x00, 0x00, 0x00, 0x03, 0x00, 0x00, 0x00, 0x08, 0x24, 0x00, 0x00,
    0x00, 0x00, 0x00, 0x00, 0x00, 0x00, 0x00, 0x00, 0xFF, 0xFF, 0x00, 0x00, 0x34, 0x75, 0x00, 0x00,
    0x00, 0x00, 0x00, 0x00, 0x00, 0x00, 0x00, 0x00, 0x03, 0x00, 0x00, 0x00, 0xF4, 0x23, 0x00, 0x00,
    0x00, 0x00, 0x00, 0x00, 0x00, 0x00, 0x00, 0x00, 0xFF, 0xFF, 0x00, 0x00, 0x39, 0x75, 0x00, 0x00,
    0x00, 0x00, 0x00, 0x00, 0x00, 0x00, 0x00, 0x00, 0x03, 0x00, 0x00, 0x00, 0xE0, 0x23, 0x00, 0x00,
    0x00, 0x00, 0x00, 0x00, 0x00, 0x00, 0x00, 0x00, 0xFF, 0xFF, 0x00, 0x00, 0x35, 0x75, 0x00, 0x00,
    0x00, 0x00, 0x00, 0x00, 0x00, 0x00, 0x00, 0x00, 0x03, 0x00, 0x00, 0x00, 0xCC, 0x23, 0x00, 0x00,
    0x00, 0x00, 0x00, 0x00, 0x00, 0x00, 0x00, 0x00, 0xFF, 0xFF, 0x00, 0x00, 0x30, 0x75, 0x00, 0x00,
    0x00, 0x00, 0x00, 0x00, 0x00, 0x00, 0x00, 0x00, 0x03, 0x00, 0x00, 0x00, 0xB8, 0x23, 0x00, 0x00,
    0x00, 0x00, 0x00, 0x00, 0x00, 0x00, 0x00, 0x00, 0xFF, 0xFF, 0x00, 0x00, 0x34, 0x75, 0x00, 0x00,
    0x00, 0x00, 0x00, 0x00, 0x00, 0x00, 0x00, 0x00, 0x03, 0x00, 0x00, 0x00, 0xA4, 0x23, 0x00, 0x00,
    0x00, 0x00, 0x00, 0x00, 0x00, 0x00, 0x00, 0x00, 0xFF, 0xFF, 0x00, 0x00, 0x36, 0x75, 0x00, 0x00,
    0x00, 0x00, 0x00, 0x00, 0x00, 0x00, 0x00, 0x00, 0x03, 0x00, 0x00, 0x00, 0x90, 0x23, 0x00, 0x00,
    0x00, 0x00, 0x00, 0x00, 0x00, 0x00, 0x00, 0x00, 0xFF, 0xFF, 0x00, 0x00, 0x14, 0x04, 0x00, 0x00,
    0x01, 0x00, 0x00, 0x00, 0x84, 0x23, 0x00, 0x00, 0x00, 0x00, 0x00, 0x00, 0x00, 0x00, 0x00, 0x00,
    0x01, 0x00, 0x00, 0x00, 0x78, 0x23, 0x00, 0x00, 0xFF, 0xFF, 0x00, 0x00, 0x01, 0x00, 0x00, 0x00,
    0x70, 0x23, 0x00, 0x00, 0x70, 0x23, 0x00, 0x00, 0x70, 0x23, 0x00, 0x00, 0x70, 0x23, 0x00, 0x00,
    0x70, 0x23, 0x00, 0x00, 0x70, 0x23, 0x00, 0x00, 0x70, 0x23, 0x00, 0x00, 0x70, 0x23, 0x00, 0x00,
    0x70, 0x23, 0x00, 0x00, 0x70, 0x23, 0x00, 0x00, 0x70, 0x23, 0x00, 0x00, 0x70, 0x23, 0x00, 0x00,
    0x70, 0x23, 0x00, 0x00, 0x70, 0x23, 0x00, 0x00, 0x70, 0x23, 0x00, 0x00, 0x70, 0x23, 0x00, 0x00,
    0x70, 0x23, 0x00, 0x00, 0x78, 0x23, 0x00, 0x00, 0x78, 0x23, 0x00, 0x00, 0x78, 0x23, 0x00, 0x00,
    0x78, 0x23, 0x00, 0x00, 0x78, 0x23, 0x00, 0x00, 0x78, 0x23, 0x00, 0x00, 0x00, 0x00, 0x00, 0x00,
    0x74, 0x23, 0x00, 0x00, 0x7C, 0x23, 0x00, 0x00, 0x84, 0x23, 0x00, 0x00, 0x84, 0x23, 0x00, 0x00,
    0x84, 0x23, 0x00, 0x00, 0x84, 0x23, 0x00, 0x00, 0x84, 0x23, 0x00, 0x00, 0x84, 0x23, 0x00, 0x00,
    0x84, 0x23, 0x00, 0x00, 0x84, 0x23, 0x00, 0x00, 0x84, 0x23, 0x00, 0x00, 0x84, 0x23, 0x00, 0x00,
    0x84, 0x23, 0x00, 0x00, 0x84, 0x23, 0x00, 0x00, 0x84, 0x23, 0x00, 0x00, 0x84, 0x23, 0x00, 0x00,
    0x84, 0x23, 0x00, 0x00, 0x84, 0x23, 0x00, 0x00, 0x84, 0x23, 0x00, 0x00, 0x84, 0x23, 0x00, 0x00,
    0x84, 0x23, 0x00, 0x00, 0x84, 0x23, 0x00, 0x00, 0x84, 0x23, 0x00, 0x00, 0x84, 0x23, 0x00, 0x00,
    0x84, 0x23, 0x00, 0x00, 0x84, 0x23, 0x00, 0x00, 0x84, 0x23, 0x00, 0x00, 0x84, 0x23, 0x00, 0x00,
    0x84, 0x23, 0x00, 0x00, 0x84, 0x23, 0x00, 0x00, 0x84, 0x23, 0x00, 0x00, 0x84, 0x23, 0x00, 0x00,
    0x84, 0x23, 0x00, 0x00, 0x84, 0x23, 0x00, 0x00, 0x84, 0x23, 0x00, 0x00, 0x84, 0x23, 0x00, 0x00,
    0x84, 0x23, 0x00, 0x00, 0x84, 0x23, 0x00, 0x00, 0x84, 0x23, 0x00, 0x00, 0x8C, 0x23, 0x00, 0x00,
    0x8C, 0x23, 0x00, 0x00, 0x8C, 0x23, 0x00, 0x00, 0x8C, 0x23, 0x00, 0x00, 0x8C, 0x23, 0x00, 0x00,
    0x8C, 0x23, 0x00, 0x00, 0x8C, 0x23, 0x00, 0x00, 0x94, 0x23, 0x00, 0x00, 0x94, 0x23, 0x00, 0x00,
    0x94, 0x23, 0x00, 0x00, 0x94, 0x23, 0x00, 0x00, 0x94, 0x23, 0x00, 0x00, 0x94, 0x23, 0x00, 0x00,
    0x94, 0x23, 0x00, 0x00, 0x9C, 0x23, 0x00, 0x00, 0x9C, 0x23, 0x00, 0x00, 0x9C, 0x23, 0x00, 0x00,
    0x01, 0x00, 0x00, 0x00, 0x98, 0x23, 0x00, 0x00, 0xA0, 0x23, 0x00, 0x00, 0x00, 0x00, 0x00, 0x00,
    0xA4, 0x23, 0x00, 0x00, 0xAC, 0x23, 0x00, 0x00, 0x02, 0x00, 0x00, 0x00, 0xB0, 0x23, 0x00, 0x00,
    0xB8, 0x23, 0x00, 0x00, 0xC0, 0x23, 0x00, 0x00, 0xC0, 0x23, 0x00, 0x00, 0xC0, 0x23, 0x00, 0x00,
    0xC0, 0x23, 0x00, 0x00, 0xC0, 0x23, 0x00, 0x00, 0xC0, 0x23, 0x00, 0x00, 0xC0, 0x23, 0x00, 0x00,
    0xC0, 0x23, 0x00, 0x00, 0xC0, 0x23, 0x00, 0x00, 0xC0, 0x23, 0x00, 0x00, 0xC0, 0x23, 0x00, 0x00,
    0xC0, 0x23, 0x00, 0x00, 0xC0, 0x23, 0x00, 0x00, 0xC0, 0x23, 0x00, 0x00, 0xC0, 0x23, 0x00, 0x00,
    0xC0, 0x23, 0x00, 0x00, 0xC8, 0x23, 0x00, 0x00, 0xC8, 0x23, 0x00, 0x00, 0xC8, 0x23, 0x00, 0x00,
    0xC8, 0x23, 0x00, 0x00, 0xD0, 0x23, 0x00, 0x00, 0xD0, 0x23, 0x00, 0x00, 0xD0, 0x23, 0x00, 0x00,
    0x00, 0x00, 0x00, 0x00, 0xCC, 0x23, 0x00, 0x00, 0xD4, 0x23, 0x00, 0x00, 0x01, 0x00, 0x00, 0x00,
    0xD8, 0x23, 0x00, 0x00, 0xE0, 0x23, 0x00, 0x00, 0xE8, 0x23, 0x00, 0x00, 0xE8, 0x23, 0x00, 0x00,
    0xE8, 0x23, 0x00, 0x00, 0xE8, 0x23, 0x00, 0x00, 0xE8, 0x23, 0x00, 0x00, 0xE8, 0x23, 0x00, 0x00,
    0xE8, 0x23, 0x00, 0x00, 0xE8, 0x23, 0x00, 0x00, 0xE8, 0x23, 0x00, 0x00, 0xE8, 0x23, 0x00, 0x00,
    0xE8, 0x23, 0x00, 0x00, 0xE8, 0x23, 0x00, 0x00, 0xE8, 0x23, 0x00, 0x00, 0xE8, 0x23, 0x00, 0x00,
    0xE8, 0x23, 0x00, 0x00, 0xE8, 0x23, 0x00, 0x00, 0xF0, 0x23, 0x00, 0x00, 0xF0, 0x23, 0x00, 0x00,
    0xF0, 0x23, 0x00, 0x00, 0xF0, 0x23, 0x00, 0x00, 0xF8, 0x23, 0x00, 0x00, 0xF8, 0x23, 0x00, 0x00,
    0xF8, 0x23, 0x00, 0x00, 0x01, 0x00, 0x00, 0x00, 0xF4, 0x23, 0x00, 0x00, 0xFC, 0x23, 0x00, 0x00,
    0x00, 0x00, 0x00, 0x00, 0x00, 0x24, 0x00, 0x00, 0x08, 0x24, 0x00, 0x00, 0x10, 0x24, 0x00, 0x00,
    0x10, 0x24, 0x00, 0x00, 0x10, 0x24, 0x00, 0x00, 0x10, 0x24, 0x00, 0x00, 0x10, 0x24, 0x00, 0x00,
    0x10, 0x24, 0x00, 0x00, 0x10, 0x24, 0x00, 0x00, 0x10, 0x24, 0x00, 0x00, 0x10, 0x24, 0x00, 0x00,
    0x10, 0x24, 0x00, 0x00, 0x10, 0x24, 0x00, 0x00, 0x10, 0x24, 0x00, 0x00, 0x10, 0x24, 0x00, 0x00,
    0x10, 0x24, 0x00, 0x00, 0x10, 0x24, 0x00, 0x00, 0x10, 0x24, 0x00, 0x00, 0x18, 0x24, 0x00, 0x00,
    0x18, 0x24, 0x00, 0x00, 0x18, 0x24, 0x00, 0x00, 0x18, 0x24, 0x00, 0x00, 0x20, 0x24, 0x00, 0x00,
    0x20, 0x24, 0x00, 0x00, 0x20, 0x24, 0x00, 0x00, 0x01, 0x00, 0x00, 0x00, 0x1C, 0x24, 0x00, 0x00,
    0x24, 0x24, 0x00, 0x00, 0x00, 0x00, 0x00, 0x00, 0x28, 0x24, 0x00, 0x00, 0x30, 0x24, 0x00, 0x00,
    0x38, 0x24, 0x00, 0x00, 0x38, 0x24, 0x00, 0x00, 0x38, 0x24, 0x00, 0x00, 0x38, 0x24, 0x00, 0x00,
    0x38, 0x24, 0x00, 0x00, 0x38, 0x24, 0x00, 0x00, 0x38, 0x24, 0x00, 0x00, 0x38, 0x24, 0x00, 0x00,
    0x38, 0x24, 0x00, 0x00, 0x38, 0x24, 0x00, 0x00, 0x38, 0x24, 0x00, 0x00, 0x38, 0x24, 0x00, 0x00,
    0x38, 0x24, 0x00, 0x00, 0x38, 0x24, 0x00, 0x00, 0x38, 0x24, 0x00, 0x00, 0x38, 0x24, 0x00, 0x00,
    0x38, 0x24, 0x00, 0x00, 0x38, 0x24, 0x00, 0x00, 0x38, 0x24, 0x00, 0x00, 0x00, 0x00, 0x00, 0x00,
    0x3C, 0x24, 0x00, 0x00, 0x44, 0x24, 0x00, 0x00, 0x4C, 0x24, 0x00, 0x00, 0x4C, 0x24, 0x00, 0x00,
    0x4C, 0x24, 0x00, 0x00, 0x4C, 0x24, 0x00, 0x00, 0x4C, 0x24, 0x00, 0x00, 0x4C, 0x24, 0x00, 0x00,
    0x4C, 0x24, 0x00, 0x00, 0x4C, 0x24, 0x00, 0x00, 0x4C, 0x24, 0x00, 0x00, 0x4C, 0x24, 0x00, 0x00,
    0x4C, 0x24, 0x00, 0x00, 0x4C, 0x24, 0x00, 0x00, 0x4C, 0x24, 0x00, 0x00, 0x4C, 0x24, 0x00, 0x00,
    0x4C, 0x24, 0x00, 0x00, 0x4C, 0x24, 0x00, 0x00, 0x4C, 0x24, 0x00, 0x00, 0x4C, 0x24, 0x00, 0x00,
    0x4C, 0x24, 0x00, 0x00, 0x4C, 0x24, 0x00, 0x00, 0x4C, 0x24, 0x00, 0x00, 0x4C, 0x24, 0x00, 0x00,
    0x00, 0x00, 0x00, 0x00, 0x50, 0x24, 0x00, 0x00, 0x58, 0x24, 0x00, 0x00, 0x60, 0x24, 0x00, 0x00,
    0x60, 0x24, 0x00, 0x00, 0x60, 0x24, 0x00, 0x00, 0x60, 0x24, 0x00, 0x00, 0x60, 0x24, 0x00, 0x00,
    0x60, 0x24, 0x00, 0x00, 0x60, 0x24, 0x00, 0x00, 0x60, 0x24, 0x00, 0x00, 0x60, 0x24, 0x00, 0x00,
    0x60, 0x24, 0x00, 0x00, 0x60, 0x24, 0x00, 0x00, 0x60, 0x24, 0x00, 0x00, 0x60, 0x24, 0x00, 0x00,
    0x60, 0x24, 0x00, 0x00, 0x60, 0x24, 0x00, 0x00, 0x60, 0x24, 0x00, 0x00, 0x60, 0x24, 0x00, 0x00,
    0x60, 0x24, 0x00, 0x00, 0x60, 0x24, 0x00, 0x00, 0x60, 0x24, 0x00, 0x00, 0x60, 0x24, 0x00, 0x00,
    0x60, 0x24, 0x00, 0x00, 0x00, 0x00, 0x00, 0x00, 0x64, 0x24, 0x00, 0x00, 0x6C, 0x24, 0x00, 0x00,
    0x74, 0x24, 0x00, 0x00, 0x74, 0x24, 0x00, 0x00, 0x74, 0x24, 0x00, 0x00, 0x74, 0x24, 0x00, 0x00,
    0x74, 0x24, 0x00, 0x00, 0x74, 0x24, 0x00, 0x00, 0x74, 0x24, 0x00, 0x00, 0x74, 0x24, 0x00, 0x00,
    0x74, 0x24, 0x00, 0x00, 0x74, 0x24, 0x00, 0x00, 0x74, 0x24, 0x00, 0x00, 0x74, 0x24, 0x00, 0x00,
    0x74, 0x24, 0x00, 0x00, 0x74, 0x24, 0x00, 0x00, 0x74, 0x24, 0x00, 0x00, 0x74, 0x24, 0x00, 0x00,
    0x74, 0x24, 0x00, 0x00, 0x74, 0x24, 0x00, 0x00, 0x74, 0x24, 0x00, 0x00, 0x74, 0x24, 0x00, 0x00,
    0x74, 0x24, 0x00, 0x00, 0x74, 0x24, 0x00, 0x00, 0x74, 0x24, 0x00, 0x00, 0x74, 0x24, 0x00, 0x00,
    0x74, 0x24, 0x00, 0x00, 0x74, 0x24, 0x00, 0x00, 0x74, 0x24, 0x00, 0x00, 0x74, 0x24, 0x00, 0x00,
    0x00, 0x00, 0x00, 0x00, 0x78, 0x24, 0x00, 0x00, 0x80, 0x24, 0x00, 0x00, 0x88, 0x24, 0x00, 0x00,
    0x88, 0x24, 0x00, 0x00, 0x88, 0x24, 0x00, 0x00, 0x88, 0x24, 0x00, 0x00, 0x88, 0x24, 0x00, 0x00,
    0x88, 0x24, 0x00, 0x00, 0x88, 0x24, 0x00, 0x00, 0x88, 0x24, 0x00, 0x00, 0x88, 0x24, 0x00, 0x00,
    0x88, 0x24, 0x00, 0x00, 0x88, 0x24, 0x00, 0x00, 0x88, 0x24, 0x00, 0x00, 0x88, 0x24, 0x00, 0x00,
    0x88, 0x24, 0x00, 0x00, 0x88, 0x24, 0x00, 0x00, 0x88, 0x24, 0x00, 0x00, 0x88, 0x24, 0x00, 0x00,
    0x88, 0x24, 0x00, 0x00, 0x88, 0x24, 0x00, 0x00, 0x88, 0x24, 0x00, 0x00, 0x88, 0x24, 0x00, 0x00,
    0x88, 0x24, 0x00, 0x00, 0x88, 0x24, 0x00, 0x00, 0x88, 0x24, 0x00, 0x00, 0x88, 0x24, 0x00, 0x00,
    0x88, 0x24, 0x00, 0x00, 0x88, 0x24, 0x00, 0x00, 0x88, 0x24, 0x00, 0x00, 0x88, 0x24, 0x00, 0x00,
    0x88, 0x24, 0x00, 0x00, 0x88, 0x24, 0x00, 0x00, 0x88, 0x24, 0x00, 0x00, 0x88, 0x24, 0x00, 0x00,
    0x88, 0x24, 0x00, 0x00, 0x88, 0x24, 0x00, 0x00, 0x88, 0x24, 0x00, 0x00, 0x88, 0x24, 0x00, 0x00,
    0x88, 0x24, 0x00, 0x00, 0x88, 0x24, 0x00, 0x00, 0x88, 0x24, 0x00, 0x00, 0x88, 0x24, 0x00, 0x00,
    0x88, 0x24, 0x00, 0x00, 0x88, 0x24, 0x00, 0x00, 0x88, 0x24, 0x00, 0x00, 0x88, 0x24, 0x00, 0x00,
    0x88, 0x24, 0x00, 0x00, 0x88, 0x24, 0x00, 0x00, 0x88, 0x24, 0x00, 0x00, 0x88, 0x24, 0x00, 0x00,
    0x88, 0x24, 0x00, 0x00, 0x88, 0x24, 0x00, 0x00, 0x88, 0x24, 0x00, 0x00, 0x88, 0x24, 0x00, 0x00,
    0x88, 0x24, 0x00, 0x00, 0x88, 0x24, 0x00, 0x00, 0x88, 0x24, 0x00, 0x00, 0x88, 0x24, 0x00, 0x00,
    0x88, 0x24, 0x00, 0x00, 0x88, 0x24, 0x00, 0x00, 0x88, 0x24, 0x00, 0x00, 0x88, 0x24, 0x00, 0x00,
    0x88, 0x24, 0x00, 0x00, 0x88, 0x24, 0x00, 0x00, 0x88, 0x24, 0x00, 0x00, 0x88, 0x24, 0x00, 0x00,
    0x88, 0x24, 0x00, 0x00, 0x88, 0x24, 0x00, 0x00, 0x00, 0x00, 0x00, 0x00, 0x8C, 0x24, 0x00, 0x00,
    0x94, 0x24, 0x00, 0x00, 0x9C, 0x24, 0x00, 0x00, 0x9C, 0x24, 0x00, 0x00, 0x9C, 0x24, 0x00, 0x00,
    0x9C, 0x24, 0x00, 0x00, 0x9C, 0x24, 0x00, 0x00, 0x9C, 0x24, 0x00, 0x00, 0x9C, 0x24, 0x00, 0x00,
    0x9C, 0x24, 0x00, 0x00, 0x9C, 0x24, 0x00, 0x00, 0x9C, 0x24, 0x00, 0x00, 0x9C, 0x24, 0x00, 0x00,
    0x9C, 0x24, 0x00, 0x00, 0x9C, 0x24, 0x00, 0x00, 0x9C, 0x24, 0x00, 0x00, 0x9C, 0x24, 0x00, 0x00,
    0x9C, 0x24, 0x00, 0x00, 0x9C, 0x24, 0x00, 0x00, 0x9C, 0x24, 0x00, 0x00, 0x9C, 0x24, 0x00, 0x00,
    0x9C, 0x24, 0x00, 0x00, 0x9C, 0x24, 0x00, 0x00, 0x9C, 0x24, 0x00, 0x00, 0x9C, 0x24, 0x00, 0x00,
    0x9C, 0x24, 0x00, 0x00, 0x9C, 0x24, 0x00, 0x00, 0x9C, 0x24, 0x00, 0x00, 0x9C, 0x24, 0x00, 0x00,
    0x9C, 0x24, 0x00, 0x00, 0x9C, 0x24, 0x00, 0x00, 0x9C, 0x24, 0x00, 0x00, 0x9C, 0x24, 0x00, 0x00,
    0x9C, 0x24, 0x00, 0x00, 0x9C, 0x24, 0x00, 0x00, 0x9C, 0x24, 0x00, 0x00, 0x9C, 0x24, 0x00, 0x00,
    0x9C, 0x24, 0x00, 0x00, 0x9C, 0x24, 0x00, 0x00, 0x9C, 0x24, 0x00, 0x00, 0x9C, 0x24, 0x00, 0x00,
    0x9C, 0x24, 0x00, 0x00, 0x00, 0x00, 0x00, 0x00, 0xA0, 0x24, 0x00, 0x00, 0xA8, 0x24, 0x00, 0x00,
    0xB0, 0x24, 0x00, 0x00, 0xB0, 0x24, 0x00, 0x00, 0xB0, 0x24, 0x00, 0x00, 0xB0, 0x24, 0x00, 0x00,
    0xB0, 0x24, 0x00, 0x00, 0xB0, 0x24, 0x00, 0x00, 0xB0, 0x24, 0x00, 0x00, 0xB0, 0x24, 0x00, 0x00,
    0xB0, 0x24, 0x00, 0x00, 0xB0, 0x24, 0x00, 0x00, 0xB0, 0x24, 0x00, 0x00, 0xB0, 0x24, 0x00, 0x00,
    0xB0, 0x24, 0x00, 0x00, 0xB0, 0x24, 0x00, 0x00, 0xB0, 0x24, 0x00, 0x00, 0xB0, 0x24, 0x00, 0x00,
    0xB0, 0x24, 0x00, 0x00, 0xB0, 0x24, 0x00, 0x00, 0xB0, 0x24, 0x00, 0x00, 0xB8, 0x24, 0x00, 0x00,
    0xB8, 0x24, 0x00, 0x00, 0xB8, 0x24, 0x00, 0x00, 0xB8, 0x24, 0x00, 0x00, 0xB8, 0x24, 0x00, 0x00,
    0xB8, 0x24, 0x00, 0x00, 0xB8, 0x24, 0x00, 0x00, 0xB8, 0x24, 0x00, 0x00, 0xB8, 0x24, 0x00, 0x00,
    0xB8, 0x24, 0x00, 0x00, 0xC0, 0x24, 0x00, 0x00, 0xC0, 0x24, 0x00, 0x00, 0xC0, 0x24, 0x00, 0x00,
    0xC0, 0x24, 0x00, 0x00, 0xC0, 0x24, 0x00, 0x00, 0xC0, 0x24, 0x00, 0x00, 0xC0, 0x24, 0x00, 0x00,
    0x01, 0x00, 0x00, 0x00, 0xC4, 0x24, 0x00, 0x00, 0xCC, 0x24, 0x00, 0x00, 0x02, 0x00, 0x00, 0x00,
    0xD0, 0x24, 0x00, 0x00, 0xD8, 0x24, 0x00, 0x00, 0x00, 0x00, 0x00, 0x00, 0xDC, 0x24, 0x00, 0x00,
    0xE4, 0x24, 0x00, 0x00, 0xEC, 0x24, 0x00, 0x00, 0xEC, 0x24, 0x00, 0x00, 0xEC, 0x24, 0x00, 0x00,
    0xEC, 0x24, 0x00, 0x00, 0xEC, 0x24, 0x00, 0x00, 0xEC, 0x24, 0x00, 0x00, 0xEC, 0x24, 0x00, 0x00,
    0xEC, 0x24, 0x00, 0x00, 0xEC, 0x24, 0x00, 0x00, 0xEC, 0x24, 0x00, 0x00, 0xEC, 0x24, 0x00, 0x00,
    0xEC, 0x24, 0x00, 0x00, 0xEC, 0x24, 0x00, 0x00, 0xF4, 0x24, 0x00, 0x00, 0xF4, 0x24, 0x00, 0x00,
    0xF4, 0x24, 0x00, 0x00, 0xF4, 0x24, 0x00, 0x00, 0xF4, 0x24, 0x00, 0x00, 0xF4, 0x24, 0x00, 0x00,
    0xF4, 0x24, 0x00, 0x00, 0xFC, 0x24, 0x00, 0x00, 0xFC, 0x24, 0x00, 0x00, 0xFC, 0x24, 0x00, 0x00,
    0x00, 0x00, 0x00, 0x00, 0xF8, 0x24, 0x00, 0x00, 0x00, 0x25, 0x00, 0x00, 0x01, 0x00, 0x00, 0x00,
    0x04, 0x25, 0x00, 0x00, 0x0C, 0x25, 0x00, 0x00, 0x14, 0x25, 0x00, 0x00, 0x14, 0x25, 0x00, 0x00,
    0x14, 0x25, 0x00, 0x00, 0x14, 0x25, 0x00, 0x00, 0x14, 0x25, 0x00, 0x00, 0x14, 0x25, 0x00, 0x00,
    0x14, 0x25, 0x00, 0x00, 0x14, 0x25, 0x00, 0x00, 0x14, 0x25, 0x00, 0x00, 0x14, 0x25, 0x00, 0x00,
    0x14, 0x25, 0x00, 0x00, 0x14, 0x25, 0x00, 0x00, 0x14, 0x25, 0x00, 0x00, 0x1C, 0x25, 0x00, 0x00,
    0x1C, 0x25, 0x00, 0x00, 0x1C, 0x25, 0x00, 0x00, 0x1C, 0x25, 0x00, 0x00, 0x1C, 0x25, 0x00, 0x00,
    0x1C, 0x25, 0x00, 0x00, 0x1C, 0x25, 0x00, 0x00, 0x1C, 0x25, 0x00, 0x00, 0x1C, 0x25, 0x00, 0x00,
    0x1C, 0x25, 0x00, 0x00, 0x1C, 0x25, 0x00, 0x00, 0x1C, 0x25, 0x00, 0x00, 0x1C, 0x25, 0x00, 0x00,
    0x1C, 0x25, 0x00, 0x00, 0x1C, 0x25, 0x00, 0x00, 0x00, 0x00, 0x00, 0x00, 0x18, 0x25, 0x00, 0x00,
    0x20, 0x25, 0x00, 0x00, 0x28, 0x25, 0x00, 0x00, 0x28, 0x25, 0x00, 0x00, 0x28, 0x25, 0x00, 0x00,
    0x28, 0x25, 0x00, 0x00, 0x28, 0x25, 0x00, 0x00, 0x28, 0x25, 0x00, 0x00, 0x28, 0x25, 0x00, 0x00,
    0x28, 0x25, 0x00, 0x00, 0x28, 0x25, 0x00, 0x00, 0x28, 0x25, 0x00, 0x00, 0x28, 0x25, 0x00, 0x00,
    0x28, 0x25, 0x00, 0x00, 0x28, 0x25, 0x00, 0x00, 0x28, 0x25, 0x00, 0x00, 0x28, 0x25, 0x00, 0x00,
    0x28, 0x25, 0x00, 0x00, 0x30, 0x25, 0x00, 0x00, 0x30, 0x25, 0x00, 0x00, 0x30, 0x25, 0x00, 0x00,
    0x30, 0x25, 0x00, 0x00, 0x38, 0x25, 0x00, 0x00, 0x38, 0x25, 0x00, 0x00, 0x38, 0x25, 0x00, 0x00,
    0x38, 0x25, 0x00, 0x00, 0x38, 0x25, 0x00, 0x00, 0x38, 0x25, 0x00, 0x00, 0x38, 0x25, 0x00, 0x00,
    0x38, 0x25, 0x00, 0x00, 0x38, 0x25, 0x00, 0x00, 0x38, 0x25, 0x00, 0x00, 0x38, 0x25, 0x00, 0x00,
    0x38, 0x25, 0x00, 0x00, 0x00, 0x00, 0x00, 0x00, 0x34, 0x25, 0x00, 0x00, 0x3C, 0x25, 0x00, 0x00,
    0x01, 0x00, 0x00, 0x00, 0x40, 0x25, 0x00, 0x00, 0x48, 0x25, 0x00, 0x00, 0x50, 0x25, 0x00, 0x00,
    0x50, 0x25, 0x00, 0x00, 0x50, 0x25, 0x00, 0x00, 0x50, 0x25, 0x00, 0x00, 0x50, 0x25, 0x00, 0x00,
    0x50, 0x25, 0x00, 0x00, 0x50, 0x25, 0x00, 0x00, 0x50, 0x25, 0x00, 0x00, 0x50, 0x25, 0x00, 0x00,
    0x50, 0x25, 0x00, 0x00, 0x50, 0x25, 0x00, 0x00, 0x50, 0x25, 0x00, 0x00, 0x50, 0x25, 0x00, 0x00,
    0x50, 0x25, 0x00, 0x00, 0x50, 0x25, 0x00, 0x00, 0x50, 0x25, 0x00, 0x00, 0x58, 0x25, 0x00, 0x00,
    0x58, 0x25, 0x00, 0x00, 0x58, 0x25, 0x00, 0x00, 0x58, 0x25, 0x00, 0x00, 0x60, 0x25, 0x00, 0x00,
    0x60, 0x25, 0x00, 0x00, 0x60, 0x25, 0x00, 0x00, 0x01, 0x00, 0x00, 0x00, 0x5C, 0x25, 0x00, 0x00,
    0x64, 0x25, 0x00, 0x00, 0x00, 0x00, 0x00, 0x00, 0x68, 0x25, 0x00, 0x00, 0x70, 0x25, 0x00, 0x00,
    0x78, 0x25, 0x00, 0x00, 0x78, 0x25, 0x00, 0x00, 0x78, 0x25, 0x00, 0x00, 0x78, 0x25, 0x00, 0x00,
    0x78, 0x25, 0x00, 0x00, 0x78, 0x25, 0x00, 0x00, 0x78, 0x25, 0x00, 0x00, 0x78, 0x25, 0x00, 0x00,
    0x78, 0x25, 0x00, 0x00, 0x78, 0x25, 0x00, 0x00, 0x78, 0x25, 0x00, 0x00, 0x78, 0x25, 0x00, 0x00,
    0x78, 0x25, 0x00, 0x00, 0x78, 0x25, 0x00, 0x00, 0x78, 0x25, 0x00, 0x00, 0x78, 0x25, 0x00, 0x00,
    0x80, 0x25, 0x00, 0x00, 0x80, 0x25, 0x00, 0x00, 0x80, 0x25, 0x00, 0x00, 0x80, 0x25, 0x00, 0x00,
    0x88, 0x25, 0x00, 0x00, 0x88, 0x25, 0x00, 0x00, 0x88, 0x25, 0x00, 0x00, 0x01, 0x00, 0x00, 0x00,
    0x84, 0x25, 0x00, 0x00, 0x8C, 0x25, 0x00, 0x00, 0x00, 0x00, 0x00, 0x00, 0x90, 0x25, 0x00, 0x00,
    0x98, 0x25, 0x00, 0x00, 0xA0, 0x25, 0x00, 0x00, 0xA0, 0x25, 0x00, 0x00, 0xA0, 0x25, 0x00, 0x00,
    0xA0, 0x25, 0x00, 0x00, 0xA0, 0x25, 0x00, 0x00, 0xA0, 0x25, 0x00, 0x00, 0xA0, 0x25, 0x00, 0x00,
    0xA0, 0x25, 0x00, 0x00, 0xA0, 0x25, 0x00, 0x00, 0xA0, 0x25, 0x00, 0x00, 0xA0, 0x25, 0x00, 0x00,
    0xA0, 0x25, 0x00, 0x00, 0xA0, 0x25, 0x00, 0x00, 0xA0, 0x25, 0x00, 0x00, 0xA0, 0x25, 0x00, 0x00,
    0xA0, 0x25, 0x00, 0x00, 0xA0, 0x25, 0x00, 0x00, 0xA0, 0x25, 0x00, 0x00, 0xA0, 0x25, 0x00, 0x00,
    0xA8, 0x25, 0x00, 0x00, 0xA8, 0x25, 0x00, 0x00, 0xA8, 0x25, 0x00, 0x00, 0xA8, 0x25, 0x00, 0x00,
    0xA8, 0x25, 0x00, 0x00, 0xA8, 0x25, 0x00, 0x00, 0xA8, 0x25, 0x00, 0x00, 0xA8, 0x25, 0x00, 0x00,
    0xA8, 0x25, 0x00, 0x00, 0xA8, 0x25, 0x00, 0x00, 0xB0, 0x25, 0x00, 0x00, 0xB0, 0x25, 0x00, 0x00,
    0xB0, 0x25, 0x00, 0x00, 0xB0, 0x25, 0x00, 0x00, 0xB0, 0x25, 0x00, 0x00, 0xB0, 0x25, 0x00, 0x00,
    0xB0, 0x25, 0x00, 0x00, 0xB0, 0x25, 0x00, 0x00, 0xB0, 0x25, 0x00, 0x00, 0xB0, 0x25, 0x00, 0x00,
    0xB8, 0x25, 0x00, 0x00, 0xB8, 0x25, 0x00, 0x00, 0xB8, 0x25, 0x00, 0x00, 0xB8, 0x25, 0x00, 0x00,
    0xB8, 0x25, 0x00, 0x00, 0xB8, 0x25, 0x00, 0x00, 0xB8, 0x25, 0x00, 0x00, 0xB8, 0x25, 0x00, 0x00,
    0xB8, 0x25, 0x00, 0x00, 0xB8, 0x25, 0x00, 0x00, 0xC0, 0x25, 0x00, 0x00, 0xC0, 0x25, 0x00, 0x00,
    0xC0, 0x25, 0x00, 0x00, 0xC0, 0x25, 0x00, 0x00, 0xC0, 0x25, 0x00, 0x00, 0xC0, 0x25, 0x00, 0x00,
    0xC0, 0x25, 0x00, 0x00, 0xC0, 0x25, 0x00, 0x00, 0xC0, 0x25, 0x00, 0x00, 0xC0, 0x25, 0x00, 0x00,
    0xC8, 0x25, 0x00, 0x00, 0xC8, 0x25, 0x00, 0x00, 0xC8, 0x25, 0x00, 0x00, 0xC8, 0x25, 0x00, 0x00,
    0xC8, 0x25, 0x00, 0x00, 0xC8, 0x25, 0x00, 0x00, 0xC8, 0x25, 0x00, 0x00, 0x01, 0x00, 0x00, 0x00,
    0xCC, 0x25, 0x00, 0x00, 0xD4, 0x25, 0x00, 0x00, 0x05, 0x00, 0x00, 0x00, 0xD8, 0x25, 0x00, 0x00,
    0xE0, 0x25, 0x00, 0x00, 0x00, 0x00, 0x00, 0x00, 0xE4, 0x25, 0x00, 0x00, 0xEC, 0x25, 0x00, 0x00,
    0x03, 0x00, 0x00, 0x00, 0xF0, 0x25, 0x00, 0x00, 0xF8, 0x25, 0x00, 0x00, 0x02, 0x00, 0x00, 0x00,
    0xFC, 0x25, 0x00, 0x00, 0x04, 0x26, 0x00, 0x00, 0x04, 0x00, 0x00, 0x00, 0x08, 0x26, 0x00, 0x00,
    0x10, 0x26, 0x00, 0x00, 0x18, 0x26, 0x00, 0x00, 0x18, 0x26, 0x00, 0x00, 0x18, 0x26, 0x00, 0x00,
    0x18, 0x26, 0x00, 0x00, 0x18, 0x26, 0x00, 0x00, 0x18, 0x26, 0x00, 0x00, 0x18, 0x26, 0x00, 0x00,
    0x18, 0x26, 0x00, 0x00, 0x18, 0x26, 0x00, 0x00, 0x18, 0x26, 0x00, 0x00, 0x18, 0x26, 0x00, 0x00,
    0x18, 0x26, 0x00, 0x00, 0x18, 0x26, 0x00, 0x00, 0x20, 0x26, 0x00, 0x00, 0x20, 0x26, 0x00, 0x00,
    0x20, 0x26, 0x00, 0x00, 0x20, 0x26, 0x00, 0x00, 0x20, 0x26, 0x00, 0x00, 0x20, 0x26, 0x00, 0x00,
    0x20, 0x26, 0x00, 0x00, 0x28, 0x26, 0x00, 0x00, 0x28, 0x26, 0x00, 0x00, 0x28, 0x26, 0x00, 0x00,
    0x00, 0x00, 0x00, 0x00, 0x24, 0x26, 0x00, 0x00, 0x2C, 0x26, 0x00, 0x00, 0x01, 0x00, 0x00, 0x00,
    0x30, 0x26, 0x00, 0x00, 0x38, 0x26, 0x00, 0x00, 0x40, 0x26, 0x00, 0x00, 0x40, 0x26, 0x00, 0x00,
    0x40, 0x26, 0x00, 0x00, 0x40, 0x26, 0x00, 0x00, 0x40, 0x26, 0x00, 0x00, 0x40, 0x26, 0x00, 0x00,
    0x40, 0x26, 0x00, 0x00, 0x40, 0x26, 0x00, 0x00, 0x40, 0x26, 0x00, 0x00, 0x40, 0x26, 0x00, 0x00,
    0x40, 0x26, 0x00, 0x00, 0x40, 0x26, 0x00, 0x00, 0x40, 0x26, 0x00, 0x00, 0x48, 0x26, 0x00, 0x00,
    0x48, 0x26, 0x00, 0x00, 0x48, 0x26, 0x00, 0x00, 0x48, 0x26, 0x00, 0x00, 0x48, 0x26, 0x00, 0x00,
    0x48, 0x26, 0x00, 0x00, 0x48, 0x26, 0x00, 0x00, 0x48, 0x26, 0x00, 0x00, 0x48, 0x26, 0x00, 0x00,
    0x48, 0x26, 0x00, 0x00, 0x48, 0x26, 0x00, 0x00, 0x48, 0x26, 0x00, 0x00, 0x48, 0x26, 0x00, 0x00,
    0x48, 0x26, 0x00, 0x00, 0x48, 0x26, 0x00, 0x00, 0x48, 0x26, 0x00, 0x00, 0x48, 0x26, 0x00, 0x00,
    0x48, 0x26, 0x00, 0x00, 0x48, 0x26, 0x00, 0x00, 0x48, 0x26, 0x00, 0x00, 0x48, 0x26, 0x00, 0x00,
    0x48, 0x26, 0x00, 0x00, 0x48, 0x26, 0x00, 0x00, 0x48, 0x26, 0x00, 0x00, 0x48, 0x26, 0x00, 0x00,
    0x48, 0x26, 0x00, 0x00, 0x48, 0x26, 0x00, 0x00, 0x48, 0x26, 0x00, 0x00, 0x48, 0x26, 0x00, 0x00,
    0x48, 0x26, 0x00, 0x00, 0x48, 0x26, 0x00, 0x00, 0x48, 0x26, 0x00, 0x00, 0x48, 0x26, 0x00, 0x00,
    0x48, 0x26, 0x00, 0x00, 0x48, 0x26, 0x00, 0x00, 0x48, 0x26, 0x00, 0x00, 0x48, 0x26, 0x00, 0x00,
    0x48, 0x26, 0x00, 0x00, 0x48, 0x26, 0x00, 0x00, 0x48, 0x26, 0x00, 0x00, 0x48, 0x26, 0x00, 0x00,
    0x48, 0x26, 0x00, 0x00, 0x48, 0x26, 0x00, 0x00, 0x48, 0x26, 0x00, 0x00, 0x48, 0x26, 0x00, 0x00,
    0x48, 0x26, 0x00, 0x00, 0x50, 0x26, 0x00, 0x00, 0x50, 0x26, 0x00, 0x00, 0x50, 0x26, 0x00, 0x00,
    0x00, 0x00, 0x00, 0x00, 0x4C, 0x26, 0x00, 0x00, 0x54, 0x26, 0x00, 0x00, 0x01, 0x00, 0x00, 0x00,
    0x58, 0x26, 0x00, 0x00, 0x60, 0x26, 0x00, 0x00, 0x68, 0x26, 0x00, 0x00, 0x68, 0x26, 0x00, 0x00,
    0x68, 0x26, 0x00, 0x00, 0x68, 0x26, 0x00, 0x00, 0x68, 0x26, 0x00, 0x00, 0x68, 0x26, 0x00, 0x00,
    0x68, 0x26, 0x00, 0x00, 0x68, 0x26, 0x00, 0x00, 0x68, 0x26, 0x00, 0x00, 0x68, 0x26, 0x00, 0x00,
    0x68, 0x26, 0x00, 0x00, 0x68, 0x26, 0x00, 0x00, 0x68, 0x26, 0x00, 0x00, 0x70, 0x26, 0x00, 0x00,
    0x70, 0x26, 0x00, 0x00, 0x70, 0x26, 0x00, 0x00, 0x70, 0x26, 0x00, 0x00, 0x70, 0x26, 0x00, 0x00,
    0x70, 0x26, 0x00, 0x00, 0x70, 0x26, 0x00, 0x00, 0x70, 0x26, 0x00, 0x00, 0x70, 0x26, 0x00, 0x00,
    0x70, 0x26, 0x00, 0x00, 0x70, 0x26, 0x00, 0x00, 0x70, 0x26, 0x00, 0x00, 0x70, 0x26, 0x00, 0x00,
    0x70, 0x26, 0x00, 0x00, 0x70, 0x26, 0x00, 0x00, 0x70, 0x26, 0x00, 0x00, 0x70, 0x26, 0x00, 0x00,
    0x70, 0x26, 0x00, 0x00, 0x70, 0x26, 0x00, 0x00, 0x70, 0x26, 0x00, 0x00, 0x70, 0x26, 0x00, 0x00,
    0x70, 0x26, 0x00, 0x00, 0x70, 0x26, 0x00, 0x00, 0x70, 0x26, 0x00, 0x00, 0x70, 0x26, 0x00, 0x00,
    0x70, 0x26, 0x00, 0x00, 0x70, 0x26, 0x00, 0x00, 0x00, 0x00, 0x00, 0x00, 0x6C, 0x26, 0x00, 0x00,
    0x74, 0x26, 0x00, 0x00, 0x7C, 0x26, 0x00, 0x00, 0x7C, 0x26, 0x00, 0x00, 0x7C, 0x26, 0x00, 0x00,
    0x7C, 0x26, 0x00, 0x00, 0x7C, 0x26, 0x00, 0x00, 0x7C, 0x26, 0x00, 0x00, 0x7C, 0x26, 0x00, 0x00,
    0x7C, 0x26, 0x00, 0x00, 0x7C, 0x26, 0x00, 0x00, 0x7C, 0x26, 0x00, 0x00, 0x7C, 0x26, 0x00, 0x00,
    0x7C, 0x26, 0x00, 0x00, 0x7C, 0x26, 0x00, 0x00, 0x7C, 0x26, 0x00, 0x00, 0x7C, 0x26, 0x00, 0x00,
    0x7C, 0x26, 0x00, 0x00, 0x7C, 0x26, 0x00, 0x00, 0x7C, 0x26, 0x00, 0x00, 0x7C, 0x26, 0x00, 0x00,
    0x84, 0x26, 0x00, 0x00, 0x84, 0x26, 0x00, 0x00, 0x84, 0x26, 0x00, 0x00, 0x84, 0x26, 0x00, 0x00,
    0x84, 0x26, 0x00, 0x00, 0x84, 0x26, 0x00, 0x00, 0x84, 0x26, 0x00, 0x00, 0x84, 0x26, 0x00, 0x00,
    0x84, 0x26, 0x00, 0x00, 0x84, 0x26, 0x00, 0x00, 0x8C, 0x26, 0x00, 0x00, 0x8C, 0x26, 0x00, 0x00,
    0x8C, 0x26, 0x00, 0x00, 0x8C, 0x26, 0x00, 0x00, 0x8C, 0x26, 0x00, 0x00, 0x8C, 0x26, 0x00, 0x00,
    0x8C, 0x26, 0x00, 0x00, 0x8C, 0x26, 0x00, 0x00, 0x8C, 0x26, 0x00, 0x00, 0x8C, 0x26, 0x00, 0x00,
    0x94, 0x26, 0x00, 0x00, 0x94, 0x26, 0x00, 0x00, 0x94, 0x26, 0x00, 0x00, 0x94, 0x26, 0x00, 0x00,
    0x94, 0x26, 0x00, 0x00, 0x94, 0x26, 0x00, 0x00, 0x94, 0x26, 0x00, 0x00, 0x03, 0x00, 0x00, 0x00,
    0x98, 0x26, 0x00, 0x00, 0xA0, 0x26, 0x00, 0x00, 0x00, 0x00, 0x00, 0x00, 0xA4, 0x26, 0x00, 0x00,
    0xAC, 0x26, 0x00, 0x00, 0x01, 0x00, 0x00, 0x00, 0xB0, 0x26, 0x00, 0x00, 0xB8, 0x26, 0x00, 0x00,
    0x02, 0x00, 0x00, 0x00, 0xBC, 0x26, 0x00, 0x00, 0xC4, 0x26, 0x00, 0x00, 0xCC, 0x26, 0x00, 0x00,
    0xCC, 0x26, 0x00, 0x00, 0xCC, 0x26, 0x00, 0x00, 0xCC, 0x26, 0x00, 0x00, 0xCC, 0x26, 0x00, 0x00,
    0xCC, 0x26, 0x00, 0x00, 0xCC, 0x26, 0x00, 0x00, 0xCC, 0x26, 0x00, 0x00, 0xCC, 0x26, 0x00, 0x00,
    0xCC, 0x26, 0x00, 0x00, 0xCC, 0x26, 0x00, 0x00, 0xCC, 0x26, 0x00, 0x00, 0xCC, 0x26, 0x00, 0x00,
    0xCC, 0x26, 0x00, 0x00, 0xCC, 0x26, 0x00, 0x00, 0xCC, 0x26, 0x00, 0x00, 0xD4, 0x26, 0x00, 0x00,
    0xD4, 0x26, 0x00, 0x00, 0xD4, 0x26, 0x00, 0x00, 0xD4, 0x26, 0x00, 0x00, 0xD4, 0x26, 0x00, 0x00,
    0xD4, 0x26, 0x00, 0x00, 0xD4, 0x26, 0x00, 0x00, 0xD4, 0x26, 0x00, 0x00, 0xD4, 0x26, 0x00, 0x00,
    0xD4, 0x26, 0x00, 0x00, 0xD4, 0x26, 0x00, 0x00, 0xD4, 0x26, 0x00, 0x00, 0xD4, 0x26, 0x00, 0x00,
    0xD4, 0x26, 0x00, 0x00, 0xD4, 0x26, 0x00, 0x00, 0xD4, 0x26, 0x00, 0x00, 0xD4, 0x26, 0x00, 0x00,
    0xD4, 0x26, 0x00, 0x00, 0xD4, 0x26, 0x00, 0x00, 0xD4, 0x26, 0x00, 0x00, 0xD4, 0x26, 0x00, 0x00,
    0xD4, 0x26, 0x00, 0x00, 0xD4, 0x26, 0x00, 0x00, 0xD4, 0x26, 0x00, 0x00, 0xD4, 0x26, 0x00, 0x00,
    0xD4, 0x26, 0x00, 0x00, 0xD4, 0x26, 0x00, 0x00, 0xD4, 0x26, 0x00, 0x00, 0xD4, 0x26, 0x00, 0x00,
    0xD4, 0x26, 0x00, 0x00, 0xD4, 0x26, 0x00, 0x00, 0xD4, 0x26, 0x00, 0x00, 0xD4, 0x26, 0x00, 0x00,
    0xD4, 0x26, 0x00, 0x00, 0xD4, 0x26, 0x00, 0x00, 0xD4, 0x26, 0x00, 0x00, 0xD4, 0x26, 0x00, 0x00,
    0xD4, 0x26, 0x00, 0x00, 0xD4, 0x26, 0x00, 0x00, 0xD4, 0x26, 0x00, 0x00, 0xD4, 0x26, 0x00, 0x00,
    0xD4, 0x26, 0x00, 0x00, 0xD4, 0x26, 0x00, 0x00, 0xD4, 0x26, 0x00, 0x00, 0xD4, 0x26, 0x00, 0x00,
    0xD4, 0x26, 0x00, 0x00, 0xD4, 0x26, 0x00, 0x00, 0xD4, 0x26, 0x00, 0x00, 0x00, 0x00, 0x00, 0x00,
    0xD0, 0x26, 0x00, 0x00, 0xD8, 0x26, 0x00, 0x00, 0xE0, 0x26, 0x00, 0x00, 0xE0, 0x26, 0x00, 0x00,
    0xE0, 0x26, 0x00, 0x00, 0xE0, 0x26, 0x00, 0x00, 0xE0, 0x26, 0x00, 0x00, 0xE0, 0x26, 0x00, 0x00,
    0xE0, 0x26, 0x00, 0x00, 0xE0, 0x26, 0x00, 0x00, 0xE0, 0x26, 0x00, 0x00, 0xE0, 0x26, 0x00, 0x00,
    0xE0, 0x26, 0x00, 0x00, 0xE0, 0x26, 0x00, 0x00, 0xE0, 0x26, 0x00, 0x00, 0xE0, 0x26, 0x00, 0x00,
    0xE0, 0x26, 0x00, 0x00, 0xE0, 0x26, 0x00, 0x00, 0xE8, 0x26, 0x00, 0x00, 0xE8, 0x26, 0x00, 0x00,
    0xE8, 0x26, 0x00, 0x00, 0xE8, 0x26, 0x00, 0x00, 0xE8, 0x26, 0x00, 0x00, 0xE8, 0x26, 0x00, 0x00,
    0xE8, 0x26, 0x00, 0x00, 0xE8, 0x26, 0x00, 0x00, 0xE8, 0x26, 0x00, 0x00, 0xE8, 0x26, 0x00, 0x00,
    0xE8, 0x26, 0x00, 0x00, 0xE8, 0x26, 0x00, 0x00, 0xE8, 0x26, 0x00, 0x00, 0xE8, 0x26, 0x00, 0x00,
    0xE8, 0x26, 0x00, 0x00, 0xE8, 0x26, 0x00, 0x00, 0xE8, 0x26, 0x00, 0x00, 0xE8, 0x26, 0x00, 0x00,
    0xE8, 0x26, 0x00, 0x00, 0xE8, 0x26, 0x00, 0x00, 0xE8, 0x26, 0x00, 0x00, 0xE8, 0x26, 0x00, 0x00,
    0xE8, 0x26, 0x00, 0x00, 0xE8, 0x26, 0x00, 0x00, 0xE8, 0x26, 0x00, 0x00, 0xE8, 0x26, 0x00, 0x00,
    0xE8, 0x26, 0x00, 0x00, 0xE8, 0x26, 0x00, 0x00, 0xE8, 0x26, 0x00, 0x00, 0xE8, 0x26, 0x00, 0x00,
    0xE8, 0x26, 0x00, 0x00, 0xE8, 0x26, 0x00, 0x00, 0xE8, 0x26, 0x00, 0x00, 0xE8, 0x26, 0x00, 0x00,
    0xE8, 0x26, 0x00, 0x00, 0xE8, 0x26, 0x00, 0x00, 0xE8, 0x26, 0x00, 0x00, 0xE8, 0x26, 0x00, 0x00,
    0xE8, 0x26, 0x00, 0x00, 0xE8, 0x26, 0x00, 0x00, 0xE8, 0x26, 0x00, 0x00, 0xE8, 0x26, 0x00, 0x00,
    0xE8, 0x26, 0x00, 0x00, 0xE8, 0x26, 0x00, 0x00, 0xE8, 0x26, 0x00, 0x00, 0xE8, 0x26, 0x00, 0x00,
    0xE8, 0x26, 0x00, 0x00, 0xE8, 0x26, 0x00, 0x00, 0x00, 0x00, 0x00, 0x00, 0xE4, 0x26, 0x00, 0x00,
    0xEC, 0x26, 0x00, 0x00, 0xF4, 0x26, 0x00, 0x00, 0xF4, 0x26, 0x00, 0x00, 0xF4, 0x26, 0x00, 0x00,
    0xF4, 0x26, 0x00, 0x00, 0xF4, 0x26, 0x00, 0x00, 0xF4, 0x26, 0x00, 0x00, 0xF4, 0x26, 0x00, 0x00,
    0xF4, 0x26, 0x00, 0x00, 0xF4, 0x26, 0x00, 0x00, 0xF4, 0x26, 0x00, 0x00, 0xF4, 0x26, 0x00, 0x00,
    0xF4, 0x26, 0x00, 0x00, 0xF4, 0x26, 0x00, 0x00, 0xF4, 0x26, 0x00, 0x00, 0xF4, 0x26, 0x00, 0x00,
    0xF4, 0x26, 0x00, 0x00, 0xFC, 0x26, 0x00, 0x00, 0xFC, 0x26, 0x00, 0x00, 0xFC, 0x26, 0x00, 0x00,
    0xFC, 0x26, 0x00, 0x00, 0xFC, 0x26, 0x00, 0x00, 0xFC, 0x26, 0x00, 0x00, 0xFC, 0x26, 0x00, 0x00,
    0xFC, 0x26, 0x00, 0x00, 0xFC, 0x26, 0x00, 0x00, 0xFC, 0x26, 0x00, 0x00, 0xFC, 0x26, 0x00, 0x00,
    0xFC, 0x26, 0x00, 0x00, 0xFC, 0x26, 0x00, 0x00, 0xFC, 0x26, 0x00, 0x00, 0xFC, 0x26, 0x00, 0x00,
    0xFC, 0x26, 0x00, 0x00, 0xFC, 0x26, 0x00, 0x00, 0xFC, 0x26, 0x00, 0x00, 0xFC, 0x26, 0x00, 0x00,
    0xFC, 0x26, 0x00, 0x00, 0xFC, 0x26, 0x00, 0x00, 0xFC, 0x26, 0x00, 0x00, 0xFC, 0x26, 0x00, 0x00,
    0xFC, 0x26, 0x00, 0x00, 0x00, 0x00, 0x00, 0x00, 0xF8, 0x26, 0x00, 0x00, 0x00, 0x27, 0x00, 0x00,
    0x08, 0x27, 0x00, 0x00, 0x08, 0x27, 0x00, 0x00, 0x08, 0x27, 0x00, 0x00, 0x08, 0x27, 0x00, 0x00,
    0x08, 0x27, 0x00, 0x00, 0x08, 0x27, 0x00, 0x00, 0x08, 0x27, 0x00, 0x00, 0x08, 0x27, 0x00, 0x00,
    0x08, 0x27, 0x00, 0x00, 0x08, 0x27, 0x00, 0x00, 0x08, 0x27, 0x00, 0x00, 0x08, 0x27, 0x00, 0x00,
    0x08, 0x27, 0x00, 0x00, 0x08, 0x27, 0x00, 0x00, 0x08, 0x27, 0x00, 0x00, 0x08, 0x27, 0x00, 0x00,
    0x08, 0x27, 0x00, 0x00, 0x08, 0x27, 0x00, 0x00, 0x08, 0x27, 0x00, 0x00, 0x10, 0x27, 0x00, 0x00,
    0x10, 0x27, 0x00, 0x00, 0x10, 0x27, 0x00, 0x00, 0x10, 0x27, 0x00, 0x00, 0x10, 0x27, 0x00, 0x00,
    0x10, 0x27, 0x00, 0x00, 0x10, 0x27, 0x00, 0x00, 0x10, 0x27, 0x00, 0x00, 0x10, 0x27, 0x00, 0x00,
    0x10, 0x27, 0x00, 0x00, 0x18, 0x27, 0x00, 0x00, 0x18, 0x27, 0x00, 0x00, 0x18, 0x27, 0x00, 0x00,
    0x18, 0x27, 0x00, 0x00, 0x18, 0x27, 0x00, 0x00, 0x18, 0x27, 0x00, 0x00, 0x18, 0x27, 0x00, 0x00,
    0x18, 0x27, 0x00, 0x00, 0x18, 0x27, 0x00, 0x00, 0x18, 0x27, 0x00, 0x00, 0x20, 0x27, 0x00, 0x00,
    0x20, 0x27, 0x00, 0x00, 0x20, 0x27, 0x00, 0x00, 0x20, 0x27, 0x00, 0x00, 0x20, 0x27, 0x00, 0x00,
    0x20, 0x27, 0x00, 0x00, 0x20, 0x27, 0x00, 0x00, 0x20, 0x27, 0x00, 0x00, 0x20, 0x27, 0x00, 0x00,
    0x20, 0x27, 0x00, 0x00, 0x28, 0x27, 0x00, 0x00, 0x28, 0x27, 0x00, 0x00, 0x28, 0x27, 0x00, 0x00,
    0x28, 0x27, 0x00, 0x00, 0x28, 0x27, 0x00, 0x00, 0x28, 0x27, 0x00, 0x00, 0x28, 0x27, 0x00, 0x00,
    0x28, 0x27, 0x00, 0x00, 0x28, 0x27, 0x00, 0x00, 0x28, 0x27, 0x00, 0x00, 0x30, 0x27, 0x00, 0x00,
    0x30, 0x27, 0x00, 0x00, 0x30, 0x27, 0x00, 0x00, 0x30, 0x27, 0x00, 0x00, 0x30, 0x27, 0x00, 0x00,
    0x30, 0x27, 0x00, 0x00, 0x30, 0x27, 0x00, 0x00, 0x38, 0x27, 0x00, 0x00, 0x38, 0x27, 0x00, 0x00,
    0x38, 0x27, 0x00, 0x00, 0x38, 0x27, 0x00, 0x00, 0x38, 0x27, 0x00, 0x00, 0x38, 0x27, 0x00, 0x00,
    0x38, 0x27, 0x00, 0x00, 0x40, 0x27, 0x00, 0x00, 0x40, 0x27, 0x00, 0x00, 0x40, 0x27, 0x00, 0x00,
    0x01, 0x00, 0x00, 0x00, 0x3C, 0x27, 0x00, 0x00, 0x44, 0x27, 0x00, 0x00, 0x05, 0x00, 0x00, 0x00,
    0x48, 0x27, 0x00, 0x00, 0x50, 0x27, 0x00, 0x00, 0x00, 0x00, 0x00, 0x00, 0x54, 0x27, 0x00, 0x00,
    0x5C, 0x27, 0x00, 0x00, 0x04, 0x00, 0x00, 0x00, 0x60, 0x27, 0x00, 0x00, 0x68, 0x27, 0x00, 0x00,
    0x03, 0x00, 0x00, 0x00, 0x6C, 0x27, 0x00, 0x00, 0x74, 0x27, 0x00, 0x00, 0x02, 0x00, 0x00, 0x00,
    0x78, 0x27, 0x00, 0x00, 0x80, 0x27, 0x00, 0x00, 0x06, 0x00, 0x00, 0x00, 0x84, 0x27, 0x00, 0x00,
    0x8C, 0x27, 0x00, 0x00, 0x94, 0x27, 0x00, 0x00, 0x94, 0x27, 0x00, 0x00, 0x94, 0x27, 0x00, 0x00,
    0x94, 0x27, 0x00, 0x00, 0x94, 0x27, 0x00, 0x00, 0x94, 0x27, 0x00, 0x00, 0x94, 0x27, 0x00, 0x00,
    0x94, 0x27, 0x00, 0x00, 0x94, 0x27, 0x00, 0x00, 0x94, 0x27, 0x00, 0x00, 0x94, 0x27, 0x00, 0x00,
    0x94, 0x27, 0x00, 0x00, 0x94, 0x27, 0x00, 0x00, 0x94, 0x27, 0x00, 0x00, 0x94, 0x27, 0x00, 0x00,
    0x94, 0x27, 0x00, 0x00, 0x94, 0x27, 0x00, 0x00, 0x94, 0x27, 0x00, 0x00, 0x94, 0x27, 0x00, 0x00,
    0x9C, 0x27, 0x00, 0x00, 0x9C, 0x27, 0x00, 0x00, 0x9C, 0x27, 0x00, 0x00, 0x9C, 0x27, 0x00, 0x00,
    0x9C, 0x27, 0x00, 0x00, 0x9C, 0x27, 0x00, 0x00, 0x9C, 0x27, 0x00, 0x00, 0x01, 0x00, 0x00, 0x00,
    0xA0, 0x27, 0x00, 0x00, 0xA8, 0x27, 0x00, 0x00, 0x00, 0x00, 0x00, 0x00, 0xAC, 0x27, 0x00, 0x00,
    0xB4, 0x27, 0x00, 0x00, 0xBC, 0x27, 0x00, 0x00, 0xBC, 0x27, 0x00, 0x00, 0xBC, 0x27, 0x00, 0x00,
    0xBC, 0x27, 0x00, 0x00, 0xBC, 0x27, 0x00, 0x00, 0xBC, 0x27, 0x00, 0x00, 0xBC, 0x27, 0x00, 0x00,
    0xBC, 0x27, 0x00, 0x00, 0xBC, 0x27, 0x00, 0x00, 0xBC, 0x27, 0x00, 0x00, 0xBC, 0x27, 0x00, 0x00,
    0xBC, 0x27, 0x00, 0x00, 0xBC, 0x27, 0x00, 0x00, 0xBC, 0x27, 0x00, 0x00, 0xBC, 0x27, 0x00, 0x00,
    0xBC, 0x27, 0x00, 0x00, 0xC4, 0x27, 0x00, 0x00, 0xC4, 0x27, 0x00, 0x00, 0xC4, 0x27, 0x00, 0x00,
    0xC4, 0x27, 0x00, 0x00, 0xC4, 0x27, 0x00, 0x00, 0xC4, 0x27, 0x00, 0x00, 0xC4, 0x27, 0x00, 0x00,
    0xC4, 0x27, 0x00, 0x00, 0xC4, 0x27, 0x00, 0x00, 0xC4, 0x27, 0x00, 0x00, 0xC4, 0x27, 0x00, 0x00,
    0xC4, 0x27, 0x00, 0x00, 0xC4, 0x27, 0x00, 0x00, 0xC4, 0x27, 0x00, 0x00, 0xC4, 0x27, 0x00, 0x00,
    0xC4, 0x27, 0x00, 0x00, 0xC4, 0x27, 0x00, 0x00, 0xC4, 0x27, 0x00, 0x00, 0xC4, 0x27, 0x00, 0x00,
    0xC4, 0x27, 0x00, 0x00, 0xC4, 0x27, 0x00, 0x00, 0xC4, 0x27, 0x00, 0x00, 0xC4, 0x27, 0x00, 0x00,
    0xC4, 0x27, 0x00, 0x00, 0x00, 0x00, 0x00, 0x00, 0xC0, 0x27, 0x00, 0x00, 0xC8, 0x27, 0x00, 0x00,
    0xD0, 0x27, 0x00, 0x00, 0xD0, 0x27, 0x00, 0x00, 0xD0, 0x27, 0x00, 0x00, 0xD0, 0x27, 0x00, 0x00,
    0xD0, 0x27, 0x00, 0x00, 0xD0, 0x27, 0x00, 0x00, 0xD0, 0x27, 0x00, 0x00, 0xD0, 0x27, 0x00, 0x00,
    0xD0, 0x27, 0x00, 0x00, 0xD0, 0x27, 0x00, 0x00, 0xD0, 0x27, 0x00, 0x00, 0xD0, 0x27, 0x00, 0x00,
    0xD0, 0x27, 0x00, 0x00, 0xD0, 0x27, 0x00, 0x00, 0xD0, 0x27, 0x00, 0x00, 0xD0, 0x27, 0x00, 0x00,
    0xD8, 0x27, 0x00, 0x00, 0xD8, 0x27, 0x00, 0x00, 0xD8, 0x27, 0x00, 0x00, 0xD8, 0x27, 0x00, 0x00,
    0xD8, 0x27, 0x00, 0x00, 0xD8, 0x27, 0x00, 0x00, 0xD8, 0x27, 0x00, 0x00, 0xD8, 0x27, 0x00, 0x00,
    0xD8, 0x27, 0x00, 0x00, 0xD8, 0x27, 0x00, 0x00, 0xD8, 0x27, 0x00, 0x00, 0xD8, 0x27, 0x00, 0x00,
    0xD8, 0x27, 0x00, 0x00, 0xD8, 0x27, 0x00, 0x00, 0xD8, 0x27, 0x00, 0x00, 0xD8, 0x27, 0x00, 0x00,
    0xD8, 0x27, 0x00, 0x00, 0xD8, 0x27, 0x00, 0x00, 0xD8, 0x27, 0x00, 0x00, 0xE0, 0x27, 0x00, 0x00,
    0xE0, 0x27, 0x00, 0x00, 0xE0, 0x27, 0x00, 0x00, 0x00, 0x00, 0x00, 0x00, 0xDC, 0x27, 0x00, 0x00,
    0xE4, 0x27, 0x00, 0x00, 0x01, 0x00, 0x00, 0x00, 0xE8, 0x27, 0x00, 0x00, 0xF0, 0x27, 0x00, 0x00,
    0xF8, 0x27, 0x00, 0x00, 0xF8, 0x27, 0x00, 0x00, 0xF8, 0x27, 0x00, 0x00, 0xF8, 0x27, 0x00, 0x00,
    0xF8, 0x27, 0x00, 0x00, 0xF8, 0x27, 0x00, 0x00, 0xF8, 0x27, 0x00, 0x00, 0xF8, 0x27, 0x00, 0x00,
    0xF8, 0x27, 0x00, 0x00, 0xF8, 0x27, 0x00, 0x00, 0xF8, 0x27, 0x00, 0x00, 0xF8, 0x27, 0x00, 0x00,
    0xF8, 0x27, 0x00, 0x00, 0xF8, 0x27, 0x00, 0x00, 0xF8, 0x27, 0x00, 0x00, 0xF8, 0x27, 0x00, 0x00,
    0x00, 0x28, 0x00, 0x00, 0x00, 0x28, 0x00, 0x00, 0x00, 0x28, 0x00, 0x00, 0x00, 0x28, 0x00, 0x00,
    0x00, 0x28, 0x00, 0x00, 0x00, 0x28, 0x00, 0x00, 0x00, 0x28, 0x00, 0x00, 0x00, 0x28, 0x00, 0x00,
    0x00, 0x28, 0x00, 0x00, 0x00, 0x28, 0x00, 0x00, 0x00, 0x28, 0x00, 0x00, 0x00, 0x28, 0x00, 0x00,
    0x00, 0x28, 0x00, 0x00, 0x00, 0x28, 0x00, 0x00, 0x00, 0x28, 0x00, 0x00, 0x00, 0x28, 0x00, 0x00,
    0x00, 0x28, 0x00, 0x00, 0x00, 0x28, 0x00, 0x00, 0x00, 0x28, 0x00, 0x00, 0x00, 0x28, 0x00, 0x00,
    0x00, 0x28, 0x00, 0x00, 0x00, 0x28, 0x00, 0x00, 0x00, 0x28, 0x00, 0x00, 0x00, 0x28, 0x00, 0x00,
    0x00, 0x28, 0x00, 0x00, 0x00, 0x28, 0x00, 0x00, 0x00, 0x28, 0x00, 0x00, 0x00, 0x28, 0x00, 0x00,
    0x00, 0x28, 0x00, 0x00, 0x00, 0x28, 0x00, 0x00, 0x00, 0x28, 0x00, 0x00, 0x00, 0x28, 0x00, 0x00,
    0x00, 0x28, 0x00, 0x00, 0x00, 0x28, 0x00, 0x00, 0x00, 0x28, 0x00, 0x00, 0x00, 0x28, 0x00, 0x00,
    0x00, 0x00, 0x00, 0x00, 0xFC, 0x27, 0x00, 0x00, 0x04, 0x28, 0x00, 0x00, 0x0C, 0x28, 0x00, 0x00,
    0x0C, 0x28, 0x00, 0x00, 0x0C, 0x28, 0x00, 0x00, 0x0C, 0x28, 0x00, 0x00, 0x0C, 0x28, 0x00, 0x00,
    0x0C, 0x28, 0x00, 0x00, 0x0C, 0x28, 0x00, 0x00, 0x0C, 0x28, 0x00, 0x00, 0x0C, 0x28, 0x00, 0x00,
    0x0C, 0x28, 0x00, 0x00, 0x0C, 0x28, 0x00, 0x00, 0x0C, 0x28, 0x00, 0x00, 0x0C, 0x28, 0x00, 0x00,
    0x0C, 0x28, 0x00, 0x00, 0x0C, 0x28, 0x00, 0x00, 0x0C, 0x28, 0x00, 0x00, 0x14, 0x28, 0x00, 0x00,
    0x14, 0x28, 0x00, 0x00, 0x14, 0x28, 0x00, 0x00, 0x14, 0x28, 0x00, 0x00, 0x14, 0x28, 0x00, 0x00,
    0x14, 0x28, 0x00, 0x00, 0x14, 0x28, 0x00, 0x00, 0x14, 0x28, 0x00, 0x00, 0x14, 0x28, 0x00, 0x00,
    0x14, 0x28, 0x00, 0x00, 0x14, 0x28, 0x00, 0x00, 0x14, 0x28, 0x00, 0x00, 0x14, 0x28, 0x00, 0x00,
    0x14, 0x28, 0x00, 0x00, 0x14, 0x28, 0x00, 0x00, 0x14, 0x28, 0x00, 0x00, 0x14, 0x28, 0x00, 0x00,
    0x14, 0x28, 0x00, 0x00, 0x14, 0x28, 0x00, 0x00, 0x14, 0x28, 0x00, 0x00, 0x14, 0x28, 0x00, 0x00,
    0x14, 0x28, 0x00, 0x00, 0x14, 0x28, 0x00, 0x00, 0x14, 0x28, 0x00, 0x00, 0x14, 0x28, 0x00, 0x00,
    0x14, 0x28, 0x00, 0x00, 0x14, 0x28, 0x00, 0x00, 0x14, 0x28, 0x00, 0x00, 0x14, 0x28, 0x00, 0x00,
    0x14, 0x28, 0x00, 0x00, 0x14, 0x28, 0x00, 0x00, 0x14, 0x28, 0x00, 0x00, 0x14, 0x28, 0x00, 0x00,
    0x14, 0x28, 0x00, 0x00, 0x14, 0x28, 0x00, 0x00, 0x14, 0x28, 0x00, 0x00, 0x14, 0x28, 0x00, 0x00,
    0x14, 0x28, 0x00, 0x00, 0x14, 0x28, 0x00, 0x00, 0x14, 0x28, 0x00, 0x00, 0x14, 0x28, 0x00, 0x00,
    0x14, 0x28, 0x00, 0x00, 0x14, 0x28, 0x00, 0x00, 0x14, 0x28, 0x00, 0x00, 0x14, 0x28, 0x00, 0x00,
    0x14, 0x28, 0x00, 0x00, 0x14, 0x28, 0x00, 0x00, 0x14, 0x28, 0x00, 0x00, 0x14, 0x28, 0x00, 0x00,
    0x14, 0x28, 0x00, 0x00, 0x14, 0x28, 0x00, 0x00, 0x14, 0x28, 0x00, 0x00, 0x14, 0x28, 0x00, 0x00,
    0x14, 0x28, 0x00, 0x00, 0x14, 0x28, 0x00, 0x00, 0x14, 0x28, 0x00, 0x00, 0x14, 0x28, 0x00, 0x00,
    0x00, 0x00, 0x00, 0x00, 0x10, 0x28, 0x00, 0x00, 0x18, 0x28, 0x00, 0x00, 0x20, 0x28, 0x00, 0x00,
    0x20, 0x28, 0x00, 0x00, 0x20, 0x28, 0x00, 0x00, 0x20, 0x28, 0x00, 0x00, 0x20, 0x28, 0x00, 0x00,
    0x20, 0x28, 0x00, 0x00, 0x20, 0x28, 0x00, 0x00, 0x20, 0x28, 0x00, 0x00, 0x20, 0x28, 0x00, 0x00,
    0x20, 0x28, 0x00, 0x00, 0x20, 0x28, 0x00, 0x00, 0x20, 0x28, 0x00, 0x00, 0x20, 0x28, 0x00, 0x00,
    0x20, 0x28, 0x00, 0x00, 0x20, 0x28, 0x00, 0x00, 0x20, 0x28, 0x00, 0x00, 0x28, 0x28, 0x00, 0x00,
    0x28, 0x28, 0x00, 0x00, 0x28, 0x28, 0x00, 0x00, 0x28, 0x28, 0x00, 0x00, 0x28, 0x28, 0x00, 0x00,
    0x28, 0x28, 0x00, 0x00, 0x28, 0x28, 0x00, 0x00, 0x30, 0x28, 0x00, 0x00, 0x30, 0x28, 0x00, 0x00,
    0x30, 0x28, 0x00, 0x00, 0x30, 0x28, 0x00, 0x00, 0x30, 0x28, 0x00, 0x00, 0x30, 0x28, 0x00, 0x00,
    0x30, 0x28, 0x00, 0x00, 0x30, 0x28, 0x00, 0x00, 0x30, 0x28, 0x00, 0x00, 0x30, 0x28, 0x00, 0x00,
    0x38, 0x28, 0x00, 0x00, 0x38, 0x28, 0x00, 0x00, 0x38, 0x28, 0x00, 0x00, 0x38, 0x28, 0x00, 0x00,
    0x38, 0x28, 0x00, 0x00, 0x38, 0x28, 0x00, 0x00, 0x38, 0x28, 0x00, 0x00, 0x38, 0x28, 0x00, 0x00,
    0x38, 0x28, 0x00, 0x00, 0x38, 0x28, 0x00, 0x00, 0x40, 0x28, 0x00, 0x00, 0x40, 0x28, 0x00, 0x00,
    0x40, 0x28, 0x00, 0x00, 0x00, 0x00, 0x00, 0x00, 0x3C, 0x28, 0x00, 0x00, 0x44, 0x28, 0x00, 0x00,
    0x01, 0x00, 0x00, 0x00, 0x48, 0x28, 0x00, 0x00, 0x50, 0x28, 0x00, 0x00, 0x02, 0x00, 0x00, 0x00,
    0x54, 0x28, 0x00, 0x00, 0x5C, 0x28, 0x00, 0x00, 0x03, 0x00, 0x00, 0x00, 0x60, 0x28, 0x00, 0x00,
    0x68, 0x28, 0x00, 0x00, 0x70, 0x28, 0x00, 0x00, 0x70, 0x28, 0x00, 0x00, 0x70, 0x28, 0x00, 0x00,
    0x70, 0x28, 0x00, 0x00, 0x70, 0x28, 0x00, 0x00, 0x70, 0x28, 0x00, 0x00, 0x70, 0x28, 0x00, 0x00,
    0x70, 0x28, 0x00, 0x00, 0x70, 0x28, 0x00, 0x00, 0x70, 0x28, 0x00, 0x00, 0x70, 0x28, 0x00, 0x00,
    0x70, 0x28, 0x00, 0x00, 0x70, 0x28, 0x00, 0x00, 0x70, 0x28, 0x00, 0x00, 0x70, 0x28, 0x00, 0x00,
    0x70, 0x28, 0x00, 0x00, 0x78, 0x28, 0x00, 0x00, 0x78, 0x28, 0x00, 0x00, 0x78, 0x28, 0x00, 0x00,
    0x78, 0x28, 0x00, 0x00, 0x78, 0x28, 0x00, 0x00, 0x78, 0x28, 0x00, 0x00, 0x78, 0x28, 0x00, 0x00,
    0x78, 0x28, 0x00, 0x00, 0x78, 0x28, 0x00, 0x00, 0x78, 0x28, 0x00, 0x00, 0x78, 0x28, 0x00, 0x00,
    0x78, 0x28, 0x00, 0x00, 0x78, 0x28, 0x00, 0x00, 0x78, 0x28, 0x00, 0x00, 0x78, 0x28, 0x00, 0x00,
    0x78, 0x28, 0x00, 0x00, 0x78, 0x28, 0x00, 0x00, 0x78, 0x28, 0x00, 0x00, 0x78, 0x28, 0x00, 0x00,
    0x78, 0x28, 0x00, 0x00, 0x78, 0x28, 0x00, 0x00, 0x78, 0x28, 0x00, 0x00, 0x78, 0x28, 0x00, 0x00,
    0x78, 0x28, 0x00, 0x00, 0x78, 0x28, 0x00, 0x00, 0x78, 0x28, 0x00, 0x00, 0x78, 0x28, 0x00, 0x00,
    0x78, 0x28, 0x00, 0x00, 0x78, 0x28, 0x00, 0x00, 0x78, 0x28, 0x00, 0x00, 0x78, 0x28, 0x00, 0x00,
    0x78, 0x28, 0x00, 0x00, 0x78, 0x28, 0x00, 0x00, 0x78, 0x28, 0x00, 0x00, 0x78, 0x28, 0x00, 0x00,
    0x78, 0x28, 0x00, 0x00, 0x78, 0x28, 0x00, 0x00, 0x78, 0x28, 0x00, 0x00, 0x78, 0x28, 0x00, 0x00,
    0x00, 0x00, 0x00, 0x00, 0x74, 0x28, 0x00, 0x00, 0x7C, 0x28, 0x00, 0x00, 0x84, 0x28, 0x00, 0x00,
    0x84, 0x28, 0x00, 0x00, 0x84, 0x28, 0x00, 0x00, 0x84, 0x28, 0x00, 0x00, 0x84, 0x28, 0x00, 0x00,
    0x84, 0x28, 0x00, 0x00, 0x84, 0x28, 0x00, 0x00, 0x84, 0x28, 0x00, 0x00, 0x84, 0x28, 0x00, 0x00,
    0x84, 0x28, 0x00, 0x00, 0x84, 0x28, 0x00, 0x00, 0x84, 0x28, 0x00, 0x00, 0x84, 0x28, 0x00, 0x00,
    0x84, 0x28, 0x00, 0x00, 0x84, 0x28, 0x00, 0x00, 0x84, 0x28, 0x00, 0x00, 0x8C, 0x28, 0x00, 0x00,
    0x8C, 0x28, 0x00, 0x00, 0x8C, 0x28, 0x00, 0x00, 0x8C, 0x28, 0x00, 0x00, 0x8C, 0x28, 0x00, 0x00,
    0x8C, 0x28, 0x00, 0x00, 0x8C, 0x28, 0x00, 0x00, 0x8C, 0x28, 0x00, 0x00, 0x8C, 0x28, 0x00, 0x00,
    0x8C, 0x28, 0x00, 0x00, 0x8C, 0x28, 0x00, 0x00, 0x8C, 0x28, 0x00, 0x00, 0x8C, 0x28, 0x00, 0x00,
    0x8C, 0x28, 0x00, 0x00, 0x8C, 0x28, 0x00, 0x00, 0x8C, 0x28, 0x00, 0x00, 0x8C, 0x28, 0x00, 0x00,
    0x8C, 0x28, 0x00, 0x00, 0x8C, 0x28, 0x00, 0x00, 0x8C, 0x28, 0x00, 0x00, 0x8C, 0x28, 0x00, 0x00,
    0x8C, 0x28, 0x00, 0x00, 0x8C, 0x28, 0x00, 0x00, 0x8C, 0x28, 0x00, 0x00, 0x8C, 0x28, 0x00, 0x00,
    0x8C, 0x28, 0x00, 0x00, 0x8C, 0x28, 0x00, 0x00, 0x8C, 0x28, 0x00, 0x00, 0x8C, 0x28, 0x00, 0x00,
    0x8C, 0x28, 0x00, 0x00, 0x8C, 0x28, 0x00, 0x00, 0x8C, 0x28, 0x00, 0x00, 0x8C, 0x28, 0x00, 0x00,
    0x8C, 0x28, 0x00, 0x00, 0x8C, 0x28, 0x00, 0x00, 0x8C, 0x28, 0x00, 0x00, 0x00, 0x00, 0x00, 0x00,
    0x88, 0x28, 0x00, 0x00, 0x90, 0x28, 0x00, 0x00, 0x98, 0x28, 0x00, 0x00, 0x98, 0x28, 0x00, 0x00,
    0x98, 0x28, 0x00, 0x00, 0x98, 0x28, 0x00, 0x00, 0x98, 0x28, 0x00, 0x00, 0x98, 0x28, 0x00, 0x00,
    0x98, 0x28, 0x00, 0x00, 0x98, 0x28, 0x00, 0x00, 0x98, 0x28, 0x00, 0x00, 0x98, 0x28, 0x00, 0x00,
    0x98, 0x28, 0x00, 0x00, 0x98, 0x28, 0x00, 0x00, 0x98, 0x28, 0x00, 0x00, 0x98, 0x28, 0x00, 0x00,
    0x98, 0x28, 0x00, 0x00, 0x98, 0x28, 0x00, 0x00, 0xA0, 0x28, 0x00, 0x00, 0xA0, 0x28, 0x00, 0x00,
    0xA0, 0x28, 0x00, 0x00, 0xA0, 0x28, 0x00, 0x00, 0xA0, 0x28, 0x00, 0x00, 0xA0, 0x28, 0x00, 0x00,
    0xA0, 0x28, 0x00, 0x00, 0xA0, 0x28, 0x00, 0x00, 0xA0, 0x28, 0x00, 0x00, 0xA0, 0x28, 0x00, 0x00,
    0xA0, 0x28, 0x00, 0x00, 0xA0, 0x28, 0x00, 0x00, 0xA0, 0x28, 0x00, 0x00, 0xA0, 0x28, 0x00, 0x00,
    0xA0, 0x28, 0x00, 0x00, 0xA0, 0x28, 0x00, 0x00, 0xA0, 0x28, 0x00, 0x00, 0xA0, 0x28, 0x00, 0x00,
    0xA0, 0x28, 0x00, 0x00, 0xA0, 0x28, 0x00, 0x00, 0xA0, 0x28, 0x00, 0x00, 0xA0, 0x28, 0x00, 0x00,
    0xA0, 0x28, 0x00, 0x00, 0xA0, 0x28, 0x00, 0x00, 0xA0, 0x28, 0x00, 0x00, 0xA0, 0x28, 0x00, 0x00,
    0xA0, 0x28, 0x00, 0x00, 0xA0, 0x28, 0x00, 0x00, 0xA0, 0x28, 0x00, 0x00, 0xA0, 0x28, 0x00, 0x00,
    0xA0, 0x28, 0x00, 0x00, 0xA0, 0x28, 0x00, 0x00, 0xA0, 0x28, 0x00, 0x00, 0xA0, 0x28, 0x00, 0x00,
    0xA0, 0x28, 0x00, 0x00, 0xA0, 0x28, 0x00, 0x00, 0xA0, 0x28, 0x00, 0x00, 0xA8, 0x28, 0x00, 0x00,
    0xA8, 0x28, 0x00, 0x00, 0xA8, 0x28, 0x00, 0x00, 0xA8, 0x28, 0x00, 0x00, 0xA8, 0x28, 0x00, 0x00,
    0xA8, 0x28, 0x00, 0x00, 0xA8, 0x28, 0x00, 0x00, 0xA8, 0x28, 0x00, 0x00, 0xA8, 0x28, 0x00, 0x00,
    0xA8, 0x28, 0x00, 0x00, 0xB0, 0x28, 0x00, 0x00, 0xB0, 0x28, 0x00, 0x00, 0xB0, 0x28, 0x00, 0x00,
    0x00, 0x00, 0x00, 0x00, 0xAC, 0x28, 0x00, 0x00, 0xB4, 0x28, 0x00, 0x00, 0x02, 0x00, 0x00, 0x00,
    0xB8, 0x28, 0x00, 0x00, 0xC0, 0x28, 0x00, 0x00, 0x01, 0x00, 0x00, 0x00, 0xC4, 0x28, 0x00, 0x00,
    0xCC, 0x28, 0x00, 0x00, 0xD4, 0x28, 0x00, 0x00, 0xD4, 0x28, 0x00, 0x00, 0xD4, 0x28, 0x00, 0x00,
    0xD4, 0x28, 0x00, 0x00, 0xD4, 0x28, 0x00, 0x00, 0xD4, 0x28, 0x00, 0x00, 0xD4, 0x28, 0x00, 0x00,
    0xD4, 0x28, 0x00, 0x00, 0xD4, 0x28, 0x00, 0x00, 0xD4, 0x28, 0x00, 0x00, 0xD4, 0x28, 0x00, 0x00,
    0xD4, 0x28, 0x00, 0x00, 0xD4, 0x28, 0x00, 0x00, 0xD4, 0x28, 0x00, 0x00, 0xD4, 0x28, 0x00, 0x00,
    0xD4, 0x28, 0x00, 0x00, 0xDC, 0x28, 0x00, 0x00, 0xDC, 0x28, 0x00, 0x00, 0xDC, 0x28, 0x00, 0x00,
    0xDC, 0x28, 0x00, 0x00, 0xDC, 0x28, 0x00, 0x00, 0xDC, 0x28, 0x00, 0x00, 0xDC, 0x28, 0x00, 0x00,
    0xDC, 0x28, 0x00, 0x00, 0xDC, 0x28, 0x00, 0x00, 0xDC, 0x28, 0x00, 0x00, 0xDC, 0x28, 0x00, 0x00,
    0xDC, 0x28, 0x00, 0x00, 0xDC, 0x28, 0x00, 0x00, 0xDC, 0x28, 0x00, 0x00, 0xDC, 0x28, 0x00, 0x00,
    0xDC, 0x28, 0x00, 0x00, 0xDC, 0x28, 0x00, 0x00, 0xDC, 0x28, 0x00, 0x00, 0xDC, 0x28, 0x00, 0x00,
    0xDC, 0x28, 0x00, 0x00, 0xDC, 0x28, 0x00, 0x00, 0xDC, 0x28, 0x00, 0x00, 0xDC, 0x28, 0x00, 0x00,
    0xDC, 0x28, 0x00, 0x00, 0xDC, 0x28, 0x00, 0x00, 0xDC, 0x28, 0x00, 0x00, 0xDC, 0x28, 0x00, 0x00,
    0xDC, 0x28, 0x00, 0x00, 0xDC, 0x28, 0x00, 0x00, 0xDC, 0x28, 0x00, 0x00, 0xDC, 0x28, 0x00, 0x00,
    0xDC, 0x28, 0x00, 0x00, 0xDC, 0x28, 0x00, 0x00, 0xDC, 0x28, 0x00, 0x00, 0xDC, 0x28, 0x00, 0x00,
    0xDC, 0x28, 0x00, 0x00, 0xDC, 0x28, 0x00, 0x00, 0xDC, 0x28, 0x00, 0x00, 0xDC, 0x28, 0x00, 0x00,
    0xDC, 0x28, 0x00, 0x00, 0xDC, 0x28, 0x00, 0x00, 0xDC, 0x28, 0x00, 0x00, 0xDC, 0x28, 0x00, 0x00,
    0xDC, 0x28, 0x00, 0x00, 0xDC, 0x28, 0x00, 0x00, 0xDC, 0x28, 0x00, 0x00, 0xDC, 0x28, 0x00, 0x00,
    0xDC, 0x28, 0x00, 0x00, 0xDC, 0x28, 0x00, 0x00, 0xDC, 0x28, 0x00, 0x00, 0xDC, 0x28, 0x00, 0x00,
    0xDC, 0x28, 0x00, 0x00, 0xDC, 0x28, 0x00, 0x00, 0xDC, 0x28, 0x00, 0x00, 0xDC, 0x28, 0x00, 0x00,
    0xDC, 0x28, 0x00, 0x00, 0xDC, 0x28, 0x00, 0x00, 0xDC, 0x28, 0x00, 0x00, 0xDC, 0x28, 0x00, 0x00,
    0xDC, 0x28, 0x00, 0x00, 0xDC, 0x28, 0x00, 0x00, 0xDC, 0x28, 0x00, 0x00, 0xDC, 0x28, 0x00, 0x00,
    0xDC, 0x28, 0x00, 0x00, 0xDC, 0x28, 0x00, 0x00, 0xDC, 0x28, 0x00, 0x00, 0xDC, 0x28, 0x00, 0x00,
    0xDC, 0x28, 0x00, 0x00, 0xDC, 0x28, 0x00, 0x00, 0xDC, 0x28, 0x00, 0x00, 0xDC, 0x28, 0x00, 0x00,
    0xDC, 0x28, 0x00, 0x00, 0x00, 0x00, 0x00, 0x00, 0xD8, 0x28, 0x00, 0x00, 0xE0, 0x28, 0x00, 0x00,
    0xE8, 0x28, 0x00, 0x00, 0xE8, 0x28, 0x00, 0x00, 0xE8, 0x28, 0x00, 0x00, 0xE8, 0x28, 0x00, 0x00,
    0xE8, 0x28, 0x00, 0x00, 0xE8, 0x28, 0x00, 0x00, 0xE8, 0x28, 0x00, 0x00, 0xE8, 0x28, 0x00, 0x00,
    0xE8, 0x28, 0x00, 0x00, 0xE8, 0x28, 0x00, 0x00, 0xE8, 0x28, 0x00, 0x00, 0xE8, 0x28, 0x00, 0x00,
    0xE8, 0x28, 0x00, 0x00, 0xE8, 0x28, 0x00, 0x00, 0xE8, 0x28, 0x00, 0x00, 0xE8, 0x28, 0x00, 0x00,
    0xF0, 0x28, 0x00, 0x00, 0xF0, 0x28, 0x00, 0x00, 0xF0, 0x28, 0x00, 0x00, 0xF0, 0x28, 0x00, 0x00,
    0xF0, 0x28, 0x00, 0x00, 0xF0, 0x28, 0x00, 0x00, 0xF0, 0x28, 0x00, 0x00, 0xF0, 0x28, 0x00, 0x00,
    0xF0, 0x28, 0x00, 0x00, 0x00, 0x00, 0x00, 0x00, 0xEC, 0x28, 0x00, 0x00, 0xF4, 0x28, 0x00, 0x00,
    0xFC, 0x28, 0x00, 0x00, 0xFC, 0x28, 0x00, 0x00, 0xFC, 0x28, 0x00, 0x00, 0xFC, 0x28, 0x00, 0x00,
    0xFC, 0x28, 0x00, 0x00, 0xFC, 0x28, 0x00, 0x00, 0xFC, 0x28, 0x00, 0x00, 0xFC, 0x28, 0x00, 0x00,
    0xFC, 0x28, 0x00, 0x00, 0xFC, 0x28, 0x00, 0x00, 0xFC, 0x28, 0x00, 0x00, 0xFC, 0x28, 0x00, 0x00,
    0xFC, 0x28, 0x00, 0x00, 0xFC, 0x28, 0x00, 0x00, 0xFC, 0x28, 0x00, 0x00, 0xFC, 0x28, 0x00, 0x00,
    0x04, 0x29, 0x00, 0x00, 0x04, 0x29, 0x00, 0x00, 0x04, 0x29, 0x00, 0x00, 0x04, 0x29, 0x00, 0x00,
    0x04, 0x29, 0x00, 0x00, 0x04, 0x29, 0x00, 0x00, 0x04, 0x29, 0x00, 0x00, 0x04, 0x29, 0x00, 0x00,
    0x04, 0x29, 0x00, 0x00, 0x04, 0x29, 0x00, 0x00, 0x04, 0x29, 0x00, 0x00, 0x04, 0x29, 0x00, 0x00,
    0x04, 0x29, 0x00, 0x00, 0x04, 0x29, 0x00, 0x00, 0x04, 0x29, 0x00, 0x00, 0x04, 0x29, 0x00, 0x00,
    0x04, 0x29, 0x00, 0x00, 0x04, 0x29, 0x00, 0x00, 0x04, 0x29, 0x00, 0x00, 0x04, 0x29, 0x00, 0x00,
    0x04, 0x29, 0x00, 0x00, 0x04, 0x29, 0x00, 0x00, 0x04, 0x29, 0x00, 0x00, 0x04, 0x29, 0x00, 0x00,
    0x04, 0x29, 0x00, 0x00, 0x04, 0x29, 0x00, 0x00, 0x04, 0x29, 0x00, 0x00, 0x04, 0x29, 0x00, 0x00,
    0x04, 0x29, 0x00, 0x00, 0x04, 0x29, 0x00, 0x00, 0x04, 0x29, 0x00, 0x00, 0x04, 0x29, 0x00, 0x00,
    0x04, 0x29, 0x00, 0x00, 0x04, 0x29, 0x00, 0x00, 0x04, 0x29, 0x00, 0x00, 0x04, 0x29, 0x00, 0x00,
    0x04, 0x29, 0x00, 0x00, 0x04, 0x29, 0x00, 0x00, 0x04, 0x29, 0x00, 0x00, 0x04, 0x29, 0x00, 0x00,
    0x04, 0x29, 0x00, 0x00, 0x04, 0x29, 0x00, 0x00, 0x04, 0x29, 0x00, 0x00, 0x04, 0x29, 0x00, 0x00,
    0x04, 0x29, 0x00, 0x00, 0x04, 0x29, 0x00, 0x00, 0x04, 0x29, 0x00, 0x00, 0x04, 0x29, 0x00, 0x00,
    0x04, 0x29, 0x00, 0x00, 0x04, 0x29, 0x00, 0x00, 0x04, 0x29, 0x00, 0x00, 0x04, 0x29, 0x00, 0x00,
    0x04, 0x29, 0x00, 0x00, 0x04, 0x29, 0x00, 0x00, 0x04, 0x29, 0x00, 0x00, 0x04, 0x29, 0x00, 0x00,
    0x04, 0x29, 0x00, 0x00, 0x04, 0x29, 0x00, 0x00, 0x04, 0x29, 0x00, 0x00, 0x04, 0x29, 0x00, 0x00,
    0x04, 0x29, 0x00, 0x00, 0x04, 0x29, 0x00, 0x00, 0x04, 0x29, 0x00, 0x00, 0x04, 0x29, 0x00, 0x00,
    0x04, 0x29, 0x00, 0x00, 0x04, 0x29, 0x00, 0x00, 0x04, 0x29, 0x00, 0x00, 0x0C, 0x29, 0x00, 0x00,
    0x0C, 0x29, 0x00, 0x00, 0x0C, 0x29, 0x00, 0x00, 0x00, 0x00, 0x00, 0x00, 0x08, 0x29, 0x00, 0x00,
    0x10, 0x29, 0x00, 0x00, 0x01, 0x00, 0x00, 0x00, 0x14, 0x29, 0x00, 0x00, 0x1C, 0x29, 0x00, 0x00,
    0x24, 0x29, 0x00, 0x00, 0x24, 0x29, 0x00, 0x00, 0x24, 0x29, 0x00, 0x00, 0x24, 0x29, 0x00, 0x00,
    0x24, 0x29, 0x00, 0x00, 0x24, 0x29, 0x00, 0x00, 0x24, 0x29, 0x00, 0x00, 0x24, 0x29, 0x00, 0x00,
    0x24, 0x29, 0x00, 0x00, 0x24, 0x29, 0x00, 0x00, 0x24, 0x29, 0x00, 0x00, 0x24, 0x29, 0x00, 0x00,
    0x24, 0x29, 0x00, 0x00, 0x24, 0x29, 0x00, 0x00, 0x24, 0x29, 0x00, 0x00, 0x24, 0x29, 0x00, 0x00,
    0x2C, 0x29, 0x00, 0x00, 0x2C, 0x29, 0x00, 0x00, 0x2C, 0x29, 0x00, 0x00, 0x2C, 0x29, 0x00, 0x00,
    0x2C, 0x29, 0x00, 0x00, 0x2C, 0x29, 0x00, 0x00, 0x2C, 0x29, 0x00, 0x00, 0x34, 0x29, 0x00, 0x00,
    0x34, 0x29, 0x00, 0x00, 0x34, 0x29, 0x00, 0x00, 0x34, 0x29, 0x00, 0x00, 0x34, 0x29, 0x00, 0x00,
    0x34, 0x29, 0x00, 0x00, 0x34, 0x29, 0x00, 0x00, 0x34, 0x29, 0x00, 0x00, 0x34, 0x29, 0x00, 0x00,
    0x34, 0x29, 0x00, 0x00, 0x34, 0x29, 0x00, 0x00, 0x34, 0x29, 0x00, 0x00, 0x00, 0x00, 0x00, 0x00,
    0x30, 0x29, 0x00, 0x00, 0x38, 0x29, 0x00, 0x00, 0x01, 0x00, 0x00, 0x00, 0x3C, 0x29, 0x00, 0x00,
    0x44, 0x29, 0x00, 0x00, 0x4C, 0x29, 0x00, 0x00, 0x4C, 0x29, 0x00, 0x00, 0x4C, 0x29, 0x00, 0x00,
    0x4C, 0x29, 0x00, 0x00, 0x4C, 0x29, 0x00, 0x00, 0x4C, 0x29, 0x00, 0x00, 0x4C, 0x29, 0x00, 0x00,
    0x4C, 0x29, 0x00, 0x00, 0x4C, 0x29, 0x00, 0x00, 0x4C, 0x29, 0x00, 0x00, 0x4C, 0x29, 0x00, 0x00,
    0x4C, 0x29, 0x00, 0x00, 0x4C, 0x29, 0x00, 0x00, 0x4C, 0x29, 0x00, 0x00, 0x4C, 0x29, 0x00, 0x00,
    0x4C, 0x29, 0x00, 0x00, 0x54, 0x29, 0x00, 0x00, 0x54, 0x29, 0x00, 0x00, 0x54, 0x29, 0x00, 0x00,
    0x54, 0x29, 0x00, 0x00, 0x54, 0x29, 0x00, 0x00, 0x54, 0x29, 0x00, 0x00, 0x54, 0x29, 0x00, 0x00,
    0x54, 0x29, 0x00, 0x00, 0x54, 0x29, 0x00, 0x00, 0x54, 0x29, 0x00, 0x00, 0x54, 0x29, 0x00, 0x00,
    0x54, 0x29, 0x00, 0x00, 0x54, 0x29, 0x00, 0x00, 0x54, 0x29, 0x00, 0x00, 0x54, 0x29, 0x00, 0x00,
    0x54, 0x29, 0x00, 0x00, 0x54, 0x29, 0x00, 0x00, 0x54, 0x29, 0x00, 0x00, 0x54, 0x29, 0x00, 0x00,
    0x54, 0x29, 0x00, 0x00, 0x54, 0x29, 0x00, 0x00, 0x54, 0x29, 0x00, 0x00, 0x54, 0x29, 0x00, 0x00,
    0x54, 0x29, 0x00, 0x00, 0x54, 0x29, 0x00, 0x00, 0x54, 0x29, 0x00, 0x00, 0x54, 0x29, 0x00, 0x00,
    0x00, 0x00, 0x00, 0x00, 0x50, 0x29, 0x00, 0x00, 0x58, 0x29, 0x00, 0x00, 0x60, 0x29, 0x00, 0x00,
    0x60, 0x29, 0x00, 0x00, 0x60, 0x29, 0x00, 0x00, 0x60, 0x29, 0x00, 0x00, 0x60, 0x29, 0x00, 0x00,
    0x60, 0x29, 0x00, 0x00, 0x60, 0x29, 0x00, 0x00, 0x60, 0x29, 0x00, 0x00, 0x60, 0x29, 0x00, 0x00,
    0x60, 0x29, 0x00, 0x00, 0x60, 0x29, 0x00, 0x00, 0x60, 0x29, 0x00, 0x00, 0x60, 0x29, 0x00, 0x00,
    0x60, 0x29, 0x00, 0x00, 0x60, 0x29, 0x00, 0x00, 0x60, 0x29, 0x00, 0x00, 0x60, 0x29, 0x00, 0x00,
    0x60, 0x29, 0x00, 0x00, 0x60, 0x29, 0x00, 0x00, 0x60, 0x29, 0x00, 0x00, 0x60, 0x29, 0x00, 0x00,
    0x60, 0x29, 0x00, 0x00, 0x60, 0x29, 0x00, 0x00, 0x60, 0x29, 0x00, 0x00, 0x60, 0x29, 0x00, 0x00,
    0x60, 0x29, 0x00, 0x00, 0x60, 0x29, 0x00, 0x00, 0x60, 0x29, 0x00, 0x00, 0x68, 0x29, 0x00, 0x00,
    0x68, 0x29, 0x00, 0x00, 0x68, 0x29, 0x00, 0x00, 0x68, 0x29, 0x00, 0x00, 0x68, 0x29, 0x00, 0x00,
    0x68, 0x29, 0x00, 0x00, 0x68, 0x29, 0x00, 0x00, 0x68, 0x29, 0x00, 0x00, 0x68, 0x29, 0x00, 0x00,
    0x68, 0x29, 0x00, 0x00, 0x70, 0x29, 0x00, 0x00, 0x70, 0x29, 0x00, 0x00, 0x70, 0x29, 0x00, 0x00,
    0x70, 0x29, 0x00, 0x00, 0x70, 0x29, 0x00, 0x00, 0x70, 0x29, 0x00, 0x00, 0x70, 0x29, 0x00, 0x00,
    0x02, 0x00, 0x00, 0x00, 0x74, 0x29, 0x00, 0x00, 0x7C, 0x29, 0x00, 0x00, 0x00, 0x00, 0x00, 0x00,
    0x80, 0x29, 0x00, 0x00, 0x88, 0x29, 0x00, 0x00, 0x01, 0x00, 0x00, 0x00, 0x8C, 0x29, 0x00, 0x00,
    0x94, 0x29, 0x00, 0x00, 0x9C, 0x29, 0x00, 0x00, 0x9C, 0x29, 0x00, 0x00, 0x9C, 0x29, 0x00, 0x00,
    0x9C, 0x29, 0x00, 0x00, 0x9C, 0x29, 0x00, 0x00, 0x9C, 0x29, 0x00, 0x00, 0x9C, 0x29, 0x00, 0x00,
    0x9C, 0x29, 0x00, 0x00, 0x9C, 0x29, 0x00, 0x00, 0x9C, 0x29, 0x00, 0x00, 0x9C, 0x29, 0x00, 0x00,
    0x9C, 0x29, 0x00, 0x00, 0x9C, 0x29, 0x00, 0x00, 0x9C, 0x29, 0x00, 0x00, 0x9C, 0x29, 0x00, 0x00,
    0x9C, 0x29, 0x00, 0x00, 0xA4, 0x29, 0x00, 0x00, 0xA4, 0x29, 0x00, 0x00, 0xA4, 0x29, 0x00, 0x00,
    0xA4, 0x29, 0x00, 0x00, 0xA4, 0x29, 0x00, 0x00, 0xA4, 0x29, 0x00, 0x00, 0xA4, 0x29, 0x00, 0x00,
    0xA4, 0x29, 0x00, 0x00, 0xA4, 0x29, 0x00, 0x00, 0xA4, 0x29, 0x00, 0x00, 0xA4, 0x29, 0x00, 0x00,
    0xA4, 0x29, 0x00, 0x00, 0xA4, 0x29, 0x00, 0x00, 0xA4, 0x29, 0x00, 0x00, 0xA4, 0x29, 0x00, 0x00,
    0xA4, 0x29, 0x00, 0x00, 0xAC, 0x29, 0x00, 0x00, 0xAC, 0x29, 0x00, 0x00, 0xAC, 0x29, 0x00, 0x00,
    0xAC, 0x29, 0x00, 0x00, 0xAC, 0x29, 0x00, 0x00, 0xAC, 0x29, 0x00, 0x00, 0xAC, 0x29, 0x00, 0x00,
    0xAC, 0x29, 0x00, 0x00, 0xAC, 0x29, 0x00, 0x00, 0xAC, 0x29, 0x00, 0x00, 0xB4, 0x29, 0x00, 0x00,
    0xB4, 0x29, 0x00, 0x00, 0xB4, 0x29, 0x00, 0x00, 0xB4, 0x29, 0x00, 0x00, 0xB4, 0x29, 0x00, 0x00,
    0xB4, 0x29, 0x00, 0x00, 0xB4, 0x29, 0x00, 0x00, 0xB4, 0x29, 0x00, 0x00, 0xB4, 0x29, 0x00, 0x00,
    0xB4, 0x29, 0x00, 0x00, 0xB4, 0x29, 0x00, 0x00, 0xB4, 0x29, 0x00, 0x00, 0xB4, 0x29, 0x00, 0x00,
    0xB4, 0x29, 0x00, 0x00, 0xB4, 0x29, 0x00, 0x00, 0x00, 0x00, 0x00, 0x00, 0xB0, 0x29, 0x00, 0x00,
    0xB8, 0x29, 0x00, 0x00, 0x01, 0x00, 0x00, 0x00, 0xBC, 0x29, 0x00, 0x00, 0xC4, 0x29, 0x00, 0x00,
    0x02, 0x00, 0x00, 0x00, 0xC8, 0x29, 0x00, 0x00, 0xD0, 0x29, 0x00, 0x00, 0xD8, 0x29, 0x00, 0x00,
    0xD8, 0x29, 0x00, 0x00, 0xD8, 0x29, 0x00, 0x00, 0xD8, 0x29, 0x00, 0x00, 0xD8, 0x29, 0x00, 0x00,
    0xD8, 0x29, 0x00, 0x00, 0xD8, 0x29, 0x00, 0x00, 0xD8, 0x29, 0x00, 0x00, 0xD8, 0x29, 0x00, 0x00,
    0xD8, 0x29, 0x00, 0x00, 0xD8, 0x29, 0x00, 0x00, 0xD8, 0x29, 0x00, 0x00, 0xD8, 0x29, 0x00, 0x00,
    0xD8, 0x29, 0x00, 0x00, 0xD8, 0x29, 0x00, 0x00, 0xD8, 0x29, 0x00, 0x00, 0xE0, 0x29, 0x00, 0x00,
    0xE0, 0x29, 0x00, 0x00, 0xE0, 0x29, 0x00, 0x00, 0xE0, 0x29, 0x00, 0x00, 0xE8, 0x29, 0x00, 0x00,
    0xE8, 0x29, 0x00, 0x00, 0xE8, 0x29, 0x00, 0x00, 0x01, 0x00, 0x00, 0x00, 0xE4, 0x29, 0x00, 0x00,
    0xEC, 0x29, 0x00, 0x00, 0x00, 0x00, 0x00, 0x00, 0xF0, 0x29, 0x00, 0x00, 0xF8, 0x29, 0x00, 0x00,
    0x00, 0x2A, 0x00, 0x00, 0x00, 0x2A, 0x00, 0x00, 0x00, 0x2A, 0x00, 0x00, 0x00, 0x2A, 0x00, 0x00,
    0x00, 0x2A, 0x00, 0x00, 0x00, 0x2A, 0x00, 0x00, 0x00, 0x2A, 0x00, 0x00, 0x00, 0x2A, 0x00, 0x00,
    0x00, 0x2A, 0x00, 0x00, 0x00, 0x2A, 0x00, 0x00, 0x00, 0x2A, 0x00, 0x00, 0x00, 0x2A, 0x00, 0x00,
    0x00, 0x2A, 0x00, 0x00, 0x00, 0x2A, 0x00, 0x00, 0x00, 0x2A, 0x00, 0x00, 0x00, 0x2A, 0x00, 0x00,
    0x00, 0x2A, 0x00, 0x00, 0x00, 0x2A, 0x00, 0x00, 0x00, 0x2A, 0x00, 0x00, 0x00, 0x2A, 0x00, 0x00,
    0x00, 0x2A, 0x00, 0x00, 0x00, 0x2A, 0x00, 0x00, 0x00, 0x2A, 0x00, 0x00, 0x00, 0x2A, 0x00, 0x00,
    0x00, 0x2A, 0x00, 0x00, 0x00, 0x00, 0x00, 0x00, 0x04, 0x2A, 0x00, 0x00, 0x0C, 0x2A, 0x00, 0x00,
    0x14, 0x2A, 0x00, 0x00, 0x14, 0x2A, 0x00, 0x00, 0x14, 0x2A, 0x00, 0x00, 0x14, 0x2A, 0x00, 0x00,
    0x14, 0x2A, 0x00, 0x00, 0x14, 0x2A, 0x00, 0x00, 0x14, 0x2A, 0x00, 0x00, 0x14, 0x2A, 0x00, 0x00,
    0x14, 0x2A, 0x00, 0x00, 0x14, 0x2A, 0x00, 0x00, 0x14, 0x2A, 0x00, 0x00, 0x14, 0x2A, 0x00, 0x00,
    0x14, 0x2A, 0x00, 0x00, 0x14, 0x2A, 0x00, 0x00, 0x14, 0x2A, 0x00, 0x00, 0x14, 0x2A, 0x00, 0x00,
    0x14, 0x2A, 0x00, 0x00, 0x14, 0x2A, 0x00, 0x00, 0x14, 0x2A, 0x00, 0x00, 0x14, 0x2A, 0x00, 0x00,
    0x14, 0x2A, 0x00, 0x00, 0x14, 0x2A, 0x00, 0x00, 0x14, 0x2A, 0x00, 0x00, 0x14, 0x2A, 0x00, 0x00,
    0x14, 0x2A, 0x00, 0x00, 0x14, 0x2A, 0x00, 0x00, 0x14, 0x2A, 0x00, 0x00, 0x14, 0x2A, 0x00, 0x00,
    0x14, 0x2A, 0x00, 0x00, 0x14, 0x2A, 0x00, 0x00, 0x14, 0x2A, 0x00, 0x00, 0x14, 0x2A, 0x00, 0x00,
    0x14, 0x2A, 0x00, 0x00, 0x14, 0x2A, 0x00, 0x00, 0x14, 0x2A, 0x00, 0x00, 0x14, 0x2A, 0x00, 0x00,
    0x14, 0x2A, 0x00, 0x00, 0x14, 0x2A, 0x00, 0x00, 0x14, 0x2A, 0x00, 0x00, 0x14, 0x2A, 0x00, 0x00,
    0x14, 0x2A, 0x00, 0x00, 0x14, 0x2A, 0x00, 0x00, 0x14, 0x2A, 0x00, 0x00, 0x14, 0x2A, 0x00, 0x00,
    0x14, 0x2A, 0x00, 0x00, 0x14, 0x2A, 0x00, 0x00, 0x14, 0x2A, 0x00, 0x00, 0x14, 0x2A, 0x00, 0x00,
    0x14, 0x2A, 0x00, 0x00, 0x14, 0x2A, 0x00, 0x00, 0x14, 0x2A, 0x00, 0x00, 0x14, 0x2A, 0x00, 0x00,
    0x14, 0x2A, 0x00, 0x00, 0x14, 0x2A, 0x00, 0x00, 0x14, 0x2A, 0x00, 0x00, 0x14, 0x2A, 0x00, 0x00,
    0x14, 0x2A, 0x00, 0x00, 0x14, 0x2A, 0x00, 0x00, 0x14, 0x2A, 0x00, 0x00, 0x14, 0x2A, 0x00, 0x00,
    0x14, 0x2A, 0x00, 0x00, 0x14, 0x2A, 0x00, 0x00, 0x14, 0x2A, 0x00, 0x00, 0x14, 0x2A, 0x00, 0x00,
    0x14, 0x2A, 0x00, 0x00, 0x14, 0x2A, 0x00, 0x00, 0x14, 0x2A, 0x00, 0x00, 0x14, 0x2A, 0x00, 0x00,
    0x14, 0x2A, 0x00, 0x00, 0x14, 0x2A, 0x00, 0x00, 0x1C, 0x2A, 0x00, 0x00, 0x1C, 0x2A, 0x00, 0x00,
    0x1C, 0x2A, 0x00, 0x00, 0x1C, 0x2A, 0x00, 0x00, 0x1C, 0x2A, 0x00, 0x00, 0x1C, 0x2A, 0x00, 0x00,
    0x1C, 0x2A, 0x00, 0x00, 0x1C, 0x2A, 0x00, 0x00, 0x1C, 0x2A, 0x00, 0x00, 0x1C, 0x2A, 0x00, 0x00,
    0x24, 0x2A, 0x00, 0x00, 0x24, 0x2A, 0x00, 0x00, 0x24, 0x2A, 0x00, 0x00, 0x24, 0x2A, 0x00, 0x00,
    0x24, 0x2A, 0x00, 0x00, 0x24, 0x2A, 0x00, 0x00, 0x24, 0x2A, 0x00, 0x00, 0x24, 0x2A, 0x00, 0x00,
    0x24, 0x2A, 0x00, 0x00, 0x24, 0x2A, 0x00, 0x00, 0x2C, 0x2A, 0x00, 0x00, 0x2C, 0x2A, 0x00, 0x00,
    0x2C, 0x2A, 0x00, 0x00, 0x2C, 0x2A, 0x00, 0x00, 0x2C, 0x2A, 0x00, 0x00, 0x2C, 0x2A, 0x00, 0x00,
    0x2C, 0x2A, 0x00, 0x00, 0x01, 0x00, 0x00, 0x00, 0x30, 0x2A, 0x00, 0x00, 0x38, 0x2A, 0x00, 0x00,
    0x00, 0x00, 0x00, 0x00, 0x3C, 0x2A, 0x00, 0x00, 0x44, 0x2A, 0x00, 0x00, 0x03, 0x00, 0x00, 0x00,
    0x48, 0x2A, 0x00, 0x00, 0x50, 0x2A, 0x00, 0x00, 0x02, 0x00, 0x00, 0x00, 0x54, 0x2A, 0x00, 0x00,
    0x5C, 0x2A, 0x00, 0x00, 0x64, 0x2A, 0x00, 0x00, 0x64, 0x2A, 0x00, 0x00, 0x64, 0x2A, 0x00, 0x00,
    0x64, 0x2A, 0x00, 0x00, 0x64, 0x2A, 0x00, 0x00, 0x64, 0x2A, 0x00, 0x00, 0x64, 0x2A, 0x00, 0x00,
    0x64, 0x2A, 0x00, 0x00, 0x64, 0x2A, 0x00, 0x00, 0x64, 0x2A, 0x00, 0x00, 0x64, 0x2A, 0x00, 0x00,
    0x64, 0x2A, 0x00, 0x00, 0x64, 0x2A, 0x00, 0x00, 0x6C, 0x2A, 0x00, 0x00, 0x6C, 0x2A, 0x00, 0x00,
    0x6C, 0x2A, 0x00, 0x00, 0x6C, 0x2A, 0x00, 0x00, 0x6C, 0x2A, 0x00, 0x00, 0x6C, 0x2A, 0x00, 0x00,
    0x6C, 0x2A, 0x00, 0x00, 0x6C, 0x2A, 0x00, 0x00, 0x6C, 0x2A, 0x00, 0x00, 0x6C, 0x2A, 0x00, 0x00,
    0x6C, 0x2A, 0x00, 0x00, 0x6C, 0x2A, 0x00, 0x00, 0x6C, 0x2A, 0x00, 0x00, 0x6C, 0x2A, 0x00, 0x00,
    0x6C, 0x2A, 0x00, 0x00, 0x6C, 0x2A, 0x00, 0x00, 0x6C, 0x2A, 0x00, 0x00, 0x6C, 0x2A, 0x00, 0x00,
    0x6C, 0x2A, 0x00, 0x00, 0x6C, 0x2A, 0x00, 0x00, 0x6C, 0x2A, 0x00, 0x00, 0x6C, 0x2A, 0x00, 0x00,
    0x6C, 0x2A, 0x00, 0x00, 0x6C, 0x2A, 0x00, 0x00, 0x00, 0x00, 0x00, 0x00, 0x68, 0x2A, 0x00, 0x00,
    0x70, 0x2A, 0x00, 0x00, 0x00, 0xE0, 0x00, 0x00, 0x00, 0xE0, 0x00, 0x00, 0x00, 0xE0, 0x00, 0x00,
    0x00, 0xE0, 0x00, 0x00, 0x00, 0xE0, 0x00, 0x00, 0x00, 0xE0, 0x00, 0x00, 0x00, 0xE0, 0x00, 0x00,
    0x00, 0xE0, 0x00, 0x00, 0x00, 0xE0, 0x00, 0x00, 0x00, 0xE0, 0x00, 0x00, 0x00, 0xE0, 0x00, 0x00,
    0x00, 0xE0, 0x00, 0x00, 0x00, 0xE0, 0x00, 0x00, 0x00, 0xE0, 0x00, 0x00, 0x00, 0xE0, 0x00, 0x00,
    0x01, 0x00, 0x00, 0x00, 0x38, 0x2A, 0x00, 0x00, 0x00, 0x00, 0x00, 0x00, 0x00, 0xE0, 0x00, 0x00,
    0x00, 0xE0, 0x00, 0x00, 0x00, 0xE0, 0x00, 0x00, 0x00, 0xE0, 0x00, 0x00, 0x00, 0xE0, 0x00, 0x00,
    0x00, 0xE0, 0x00, 0x00, 0x00, 0x00, 0x00, 0x00, 0x00, 0x00, 0x00, 0x00, 0x01, 0x00, 0x00, 0x00,
    0x00, 0x00, 0x00, 0x00, 0x05, 0x00, 0x00, 0x00, 0x08, 0x2A, 0x00, 0x00, 0x00, 0xE0, 0x00, 0x00,
    0x00, 0xE0, 0x00, 0x00, 0x00, 0xE0, 0x00, 0x00, 0x00, 0xE0, 0x00, 0x00, 0x00, 0xE0, 0x00, 0x00,
    0x00, 0xE0, 0x00, 0x00, 0x00, 0xE0, 0x00, 0x00, 0x00, 0xE0, 0x00, 0x00, 0x00, 0xE0, 0x00, 0x00,
    0x00, 0xE0, 0x00, 0x00, 0x00, 0xE0, 0x00, 0x00, 0x00, 0xE0, 0x00, 0x00, 0x00, 0xE0, 0x00, 0x00,
    0x00, 0xE0, 0x00, 0x00, 0x00, 0xE0, 0x00, 0x00, 0x00, 0xE0, 0x00, 0x00, 0x00, 0xE0, 0x00, 0x00,
    0x00, 0xE0, 0x00, 0x00, 0x00, 0xE0, 0x00, 0x00, 0x00, 0xE0, 0x00, 0x00, 0x00, 0xE0, 0x00, 0x00,
    0x00, 0xE0, 0x00, 0x00, 0x00, 0xE0, 0x00, 0x00, 0x00, 0xE0, 0x00, 0x00, 0x00, 0xE0, 0x00, 0x00,
    0x00, 0xE0, 0x00, 0x00, 0x00, 0xE0, 0x00, 0x00, 0x00, 0xE0, 0x00, 0x00, 0x00, 0xE0, 0x00, 0x00,
    0x00, 0xE0, 0x00, 0x00, 0x00, 0xE0, 0x00, 0x00, 0x00, 0xE0, 0x00, 0x00, 0x00, 0xE0, 0x00, 0x00,
    0x00, 0xE0, 0x00, 0x00, 0x00, 0xE0, 0x00, 0x00, 0x00, 0xE0, 0x00, 0x00, 0x01, 0x00, 0x00, 0x00,
    0x84, 0x29, 0x00, 0x00, 0x00, 0x00, 0x00, 0x00, 0x00, 0xE0, 0x00, 0x00, 0x00, 0xE0, 0x00, 0x00,
    0x00, 0xE0, 0x00, 0x00, 0x00, 0xE0, 0x00, 0x00, 0x00, 0xE0, 0x00, 0x00, 0x00, 0xE0, 0x00, 0x00,
    0x01, 0x00, 0x00, 0x00, 0x64, 0x29, 0x00, 0x00, 0x00, 0x00, 0x00, 0x00, 0x00, 0xE0, 0x00, 0x00,
    0x00, 0xE0, 0x00, 0x00, 0x00, 0xE0, 0x00, 0x00, 0x00, 0xE0, 0x00, 0x00, 0x00, 0xE0, 0x00, 0x00,
    0x00, 0xE0, 0x00, 0x00, 0x01, 0x00, 0x00, 0x00, 0x44, 0x29, 0x00, 0x00, 0x00, 0x00, 0x00, 0x00,
    0x00, 0xE0, 0x00, 0x00, 0x00, 0xE0, 0x00, 0x00, 0x00, 0xE0, 0x00, 0x00, 0x00, 0x00, 0x00, 0x00,
    0x00, 0x00, 0x00, 0x00, 0x01, 0x00, 0x00, 0x00, 0x00, 0x00, 0x00, 0x00, 0x05, 0x00, 0x00, 0x00,
    0x20, 0x29, 0x00, 0x00, 0x00, 0x00, 0x00, 0x00, 0x00, 0x00, 0x00, 0x00, 0x01, 0x00, 0x00, 0x00,
    0x00, 0x00, 0x00, 0x00, 0x05, 0x00, 0x00, 0x00, 0x1C, 0x29, 0x00, 0x00, 0x00, 0x00, 0x00, 0x00,
    0x00, 0x00, 0x00, 0x00, 0x01, 0x00, 0x00, 0x00, 0x00, 0x00, 0x00, 0x00, 0x05, 0x00, 0x00, 0x00,
    0x18, 0x29, 0x00, 0x00, 0x00, 0xE0, 0x00, 0x00, 0x00, 0xE0, 0x00, 0x00, 0x00, 0xE0, 0x00, 0x00,
    0x00, 0xE0, 0x00, 0x00, 0x00, 0xE0, 0x00, 0x00, 0x00, 0xE0, 0x00, 0x00, 0x00, 0xE0, 0x00, 0x00,
    0x00, 0xE0, 0x00, 0x00, 0x00, 0xE0, 0x00, 0x00, 0x00, 0xE0, 0x00, 0x00, 0x00, 0xE0, 0x00, 0x00,
    0x00, 0xE0, 0x00, 0x00, 0x00, 0xE0, 0x00, 0x00, 0x00, 0xE0, 0x00, 0x00, 0x00, 0xE0, 0x00, 0x00,
    0x01, 0x00, 0x00, 0x00, 0xE8, 0x28, 0x00, 0x00, 0x00, 0x00, 0x00, 0x00, 0x00, 0xE0, 0x00, 0x00,
    0x00, 0xE0, 0x00, 0x00, 0x00, 0xE0, 0x00, 0x00, 0x01, 0x00, 0x00, 0x00, 0xD4, 0x28, 0x00, 0x00,
    0x00, 0x00, 0x00, 0x00, 0x00, 0xE0, 0x00, 0x00, 0x00, 0xE0, 0x00, 0x00, 0x00, 0xE0, 0x00, 0x00,
    0x00, 0x00, 0x00, 0x00, 0x00, 0x00, 0x00, 0x00, 0x01, 0x00, 0x00, 0x00, 0x01, 0x00, 0x00, 0x00,
    0x03, 0x00, 0x00, 0x00, 0xB0, 0x28, 0x00, 0x00, 0x00, 0x00, 0x00, 0x00, 0x00, 0x00, 0x00, 0x00,
    0x01, 0x00, 0x00, 0x00, 0x00, 0x00, 0x00, 0x00, 0x05, 0x00, 0x00, 0x00, 0xA4, 0x28, 0x00, 0x00,
    0x00, 0xE0, 0x00, 0x00, 0x00, 0xE0, 0x00, 0x00, 0x00, 0xE0, 0x00, 0x00, 0x00, 0xE0, 0x00, 0x00,
    0x00, 0xE0, 0x00, 0x00, 0x00, 0xE0, 0x00, 0x00, 0x00, 0xE0, 0x00, 0x00, 0x00, 0xE0, 0x00, 0x00,
    0x00, 0xE0, 0x00, 0x00, 0x00, 0xE0, 0x00, 0x00, 0x00, 0xE0, 0x00, 0x00, 0x00, 0xE0, 0x00, 0x00,
    0x00, 0xE0, 0x00, 0x00, 0x00, 0xE0, 0x00, 0x00, 0x00, 0xE0, 0x00, 0x00, 0x01, 0x00, 0x00, 0x00,
    0x74, 0x28, 0x00, 0x00, 0x00, 0x00, 0x00, 0x00, 0x00, 0xE0, 0x00, 0x00, 0x00, 0xE0, 0x00, 0x00,
    0x00, 0xE0, 0x00, 0x00, 0x01, 0x00, 0x00, 0x00, 0x60, 0x28, 0x00, 0x00, 0x00, 0x00, 0x00, 0x00,
    0x00, 0xE0, 0x00, 0x00, 0x00, 0xE0, 0x00, 0x00, 0x00, 0xE0, 0x00, 0x00, 0x00, 0x00, 0x00, 0x00,
    0x00, 0x00, 0x00, 0x00, 0x01, 0x00, 0x00, 0x00, 0x00, 0x00, 0x00, 0x00, 0x05, 0x00, 0x00, 0x00,
    0x3C, 0x28, 0x00, 0x00, 0x00, 0x00, 0x00, 0x00, 0x00, 0x00, 0x00, 0x00, 0x01, 0x00, 0x00, 0x00,
    0x01, 0x00, 0x00, 0x00, 0x03, 0x00, 0x00, 0x00, 0x38, 0x28, 0x00, 0x00, 0x00, 0xE0, 0x00, 0x00,
    0x00, 0xE0, 0x00, 0x00, 0x00, 0xE0, 0x00, 0x00, 0x00, 0xE0, 0x00, 0x00, 0x00, 0xE0, 0x00, 0x00,
    0x00, 0xE0, 0x00, 0x00, 0x00, 0xE0, 0x00, 0x00, 0x00, 0xE0, 0x00, 0x00, 0x00, 0xE0, 0x00, 0x00,
    0x00, 0xE0, 0x00, 0x00, 0x00, 0xE0, 0x00, 0x00, 0x00, 0xE0, 0x00, 0x00, 0x00, 0xE0, 0x00, 0x00,
    0x00, 0xE0, 0x00, 0x00, 0x00, 0xE0, 0x00, 0x00, 0x01, 0x00, 0x00, 0x00, 0x00, 0x28, 0x00, 0x00,
    0x00, 0x00, 0x00, 0x00, 0x00, 0xE0, 0x00, 0x00, 0x00, 0xE0, 0x00, 0x00, 0x00, 0xE0, 0x00, 0x00,
    0x01, 0x00, 0x00, 0x00, 0xEC, 0x27, 0x00, 0x00, 0x00, 0x00, 0x00, 0x00, 0x00, 0xE0, 0x00, 0x00,
    0x00, 0xE0, 0x00, 0x00, 0x00, 0xE0, 0x00, 0x00, 0x00, 0x00, 0x00, 0x00, 0x00, 0x00, 0x00, 0x00,
    0x01, 0x00, 0x00, 0x00, 0x00, 0x00, 0x00, 0x00, 0x05, 0x00, 0x00, 0x00, 0xC8, 0x27, 0x00, 0x00,
    0x00, 0x00, 0x00, 0x00, 0x00, 0x00, 0x00, 0x00, 0x01, 0x00, 0x00, 0x00, 0x01, 0x00, 0x00, 0x00,
    0x03, 0x00, 0x00, 0x00, 0xC4, 0x27, 0x00, 0x00, 0x00, 0xE0, 0x00, 0x00, 0x00, 0xE0, 0x00, 0x00,
    0x00, 0xE0, 0x00, 0x00, 0x00, 0xE0, 0x00, 0x00, 0x00, 0xE0, 0x00, 0x00, 0x00, 0xE0, 0x00, 0x00,
    0x00, 0xE0, 0x00, 0x00, 0x00, 0xE0, 0x00, 0x00, 0x00, 0xE0, 0x00, 0x00, 0x00, 0xE0, 0x00, 0x00,
    0x00, 0xE0, 0x00, 0x00, 0x00, 0xE0, 0x00, 0x00, 0x00, 0xE0, 0x00, 0x00, 0x00, 0xE0, 0x00, 0x00,
    0x00, 0xE0, 0x00, 0x00, 0x00, 0xE0, 0x00, 0x00, 0x00, 0xE0, 0x00, 0x00, 0x00, 0xE0, 0x00, 0x00,
    0x01, 0x00, 0x00, 0x00, 0x80, 0x27, 0x00, 0x00, 0x00, 0x00, 0x00, 0x00, 0x00, 0x00, 0x00, 0x00,
    0x00, 0x00, 0x00, 0x00, 0x01, 0x00, 0x00, 0x00, 0x00, 0x00, 0x00, 0x00, 0x05, 0x00, 0x00, 0x00,
    0x68, 0x27, 0x00, 0x00, 0x00, 0xE0, 0x00, 0x00, 0x00, 0xE0, 0x00, 0x00, 0x00, 0xE0, 0x00, 0x00,
    0x00, 0xE0, 0x00, 0x00, 0x00, 0xE0, 0x00, 0x00, 0x00, 0xE0, 0x00, 0x00, 0x00, 0xE0, 0x00, 0x00,
    0x00, 0xE0, 0x00, 0x00, 0x00, 0xE0, 0x00, 0x00, 0x00, 0xE0, 0x00, 0x00, 0x00, 0xE0, 0x00, 0x00,
    0x00, 0xE0, 0x00, 0x00, 0x00, 0xE0, 0x00, 0x00, 0x00, 0xE0, 0x00, 0x00, 0x00, 0xE0, 0x00, 0x00,
    0x00, 0xE0, 0x00, 0x00, 0x00, 0xE0, 0x00, 0x00, 0x00, 0xE0, 0x00, 0x00, 0x00, 0xE0, 0x00, 0x00,
    0x00, 0xE0, 0x00, 0x00, 0x00, 0xE0, 0x00, 0x00, 0x01, 0x00, 0x00, 0x00, 0x20, 0x27, 0x00, 0x00,
    0x00, 0x00, 0x00, 0x00, 0x00, 0x00, 0x00, 0x00, 0x00, 0x00, 0x00, 0x00, 0x01, 0x00, 0x00, 0x00,
    0x01, 0x00, 0x00, 0x00, 0x03, 0x00, 0x00, 0x00, 0x08, 0x27, 0x00, 0x00, 0x00, 0xE0, 0x00, 0x00,
    0x00, 0xE0, 0x00, 0x00, 0x00, 0xE0, 0x00, 0x00, 0x00, 0xE0, 0x00, 0x00, 0x00, 0xE0, 0x00, 0x00,
    0x00, 0xE0, 0x00, 0x00, 0x00, 0xE0, 0x00, 0x00, 0x00, 0xE0, 0x00, 0x00, 0x00, 0xE0, 0x00, 0x00,
    0x00, 0xE0, 0x00, 0x00, 0x00, 0xE0, 0x00, 0x00, 0x00, 0xE0, 0x00, 0x00, 0x00, 0xE0, 0x00, 0x00,
    0x00, 0xE0, 0x00, 0x00, 0x00, 0xE0, 0x00, 0x00, 0x00, 0xE0, 0x00, 0x00, 0x00, 0xE0, 0x00, 0x00,
    0x00, 0xE0, 0x00, 0x00, 0x00, 0xE0, 0x00, 0x00, 0x00, 0xE0, 0x00, 0x00, 0x00, 0xE0, 0x00, 0x00,
    0x01, 0x00, 0x00, 0x00, 0xB8, 0x26, 0x00, 0x00, 0x00, 0x00, 0x00, 0x00, 0x00, 0x00, 0x00, 0x00,
    0x00, 0x00, 0x00, 0x00, 0x01, 0x00, 0x00, 0x00, 0x01, 0x00, 0x00, 0x00, 0x03, 0x00, 0x00, 0x00,
    0xA0, 0x26, 0x00, 0x00, 0x00, 0xE0, 0x00, 0x00, 0x00, 0xE0, 0x00, 0x00, 0x00, 0xE0, 0x00, 0x00,
    0x00, 0xE0, 0x00, 0x00, 0x00, 0xE0, 0x00, 0x00, 0x00, 0xE0, 0x00, 0x00, 0x00, 0xE0, 0x00, 0x00,
    0x00, 0xE0, 0x00, 0x00, 0x00, 0xE0, 0x00, 0x00, 0x00, 0xE0, 0x00, 0x00, 0x00, 0xE0, 0x00, 0x00,
    0x00, 0xE0, 0x00, 0x00, 0x00, 0xE0, 0x00, 0x00, 0x00, 0xE0, 0x00, 0x00, 0x00, 0xE0, 0x00, 0x00,
    0x00, 0xE0, 0x00, 0x00, 0x00, 0xE0, 0x00, 0x00, 0x00, 0xE0, 0x00, 0x00, 0x00, 0xE0, 0x00, 0x00,
    0x00, 0xE0, 0x00, 0x00, 0x00, 0xE0, 0x00, 0x00, 0x00, 0xE0, 0x00, 0x00, 0x00, 0xE0, 0x00, 0x00,
    0x00, 0xE0, 0x00, 0x00, 0x00, 0xE0, 0x00, 0x00, 0x00, 0xE0, 0x00, 0x00, 0x00, 0xE0, 0x00, 0x00,
    0x01, 0x00, 0x00, 0x00, 0x38, 0x26, 0x00, 0x00, 0x00, 0x00, 0x00, 0x00, 0x00, 0x00, 0x00, 0x00,
    0x00, 0x00, 0x00, 0x00, 0x01, 0x00, 0x00, 0x00, 0x01, 0x00, 0x00, 0x00, 0x03, 0x00, 0x00, 0x00,
    0x20, 0x26, 0x00, 0x00, 0x00, 0xE0, 0x00, 0x00, 0x00, 0xE0, 0x00, 0x00, 0x00, 0xE0, 0x00, 0x00,
    0x00, 0xE0, 0x00, 0x00, 0x00, 0xE0, 0x00, 0x00, 0x00, 0xE0, 0x00, 0x00, 0x00, 0xE0, 0x00, 0x00,
    0x00, 0xE0, 0x00, 0x00, 0x00, 0xE0, 0x00, 0x00, 0x00, 0xE0, 0x00, 0x00, 0x00, 0xE0, 0x00, 0x00,
    0x00, 0xE0, 0x00, 0x00, 0x00, 0xE0, 0x00, 0x00, 0x00, 0xE0, 0x00, 0x00, 0x00, 0xE0, 0x00, 0x00,
    0x00, 0xE0, 0x00, 0x00, 0x00, 0xE0, 0x00, 0x00, 0x00, 0xE0, 0x00, 0x00, 0x00, 0xE0, 0x00, 0x00,
    0x00, 0xE0, 0x00, 0x00, 0x00, 0xE0, 0x00, 0x00, 0x00, 0xE0, 0x00, 0x00, 0x00, 0xE0, 0x00, 0x00,
    0x00, 0xE0, 0x00, 0x00, 0x00, 0xE0, 0x00, 0x00, 0x00, 0xE0, 0x00, 0x00, 0x00, 0xE0, 0x00, 0x00,
    0x00, 0xE0, 0x00, 0x00, 0x00, 0xE0, 0x00, 0x00, 0x00, 0xE0, 0x00, 0x00, 0x00, 0xE0, 0x00, 0x00,
    0x00, 0xE0, 0x00, 0x00, 0x00, 0xE0, 0x00, 0x00, 0x00, 0xE0, 0x00, 0x00, 0x00, 0xE0, 0x00, 0x00,
    0x00, 0xE0, 0x00, 0x00, 0x00, 0xE0, 0x00, 0x00, 0x00, 0xE0, 0x00, 0x00, 0x00, 0xE0, 0x00, 0x00,
    0x00, 0xE0, 0x00, 0x00, 0x00, 0xE0, 0x00, 0x00, 0x00, 0xE0, 0x00, 0x00, 0x00, 0xE0, 0x00, 0x00,
    0x00, 0xE0, 0x00, 0x00, 0x00, 0xE0, 0x00, 0x00, 0x00, 0xE0, 0x00, 0x00, 0x00, 0xE0, 0x00, 0x00,
    0x00, 0xE0, 0x00, 0x00, 0x00, 0xE0, 0x00, 0x00, 0x00, 0xE0, 0x00, 0x00, 0x00, 0xE0, 0x00, 0x00,
    0x00, 0xE0, 0x00, 0x00, 0x00, 0xE0, 0x00, 0x00, 0x00, 0xE0, 0x00, 0x00, 0x00, 0xE0, 0x00, 0x00,
    0x00, 0xE0, 0x00, 0x00, 0x00, 0xE0, 0x00, 0x00, 0x00, 0xE0, 0x00, 0x00, 0x00, 0xE0, 0x00, 0x00,
    0x00, 0xE0, 0x00, 0x00, 0x00, 0xE0, 0x00, 0x00, 0x00, 0xE0, 0x00, 0x00, 0x00, 0xE0, 0x00, 0x00,
    0x00, 0xE0, 0x00, 0x00, 0x00, 0xE0, 0x00, 0x00, 0x00, 0xE0, 0x00, 0x00, 0x01, 0x00, 0x00, 0x00,
    0x1C, 0x25, 0x00, 0x00, 0x00, 0x00, 0x00, 0x00, 0x00, 0x00, 0x00, 0x00, 0x00, 0x00, 0x00, 0x00,
    0x01, 0x00, 0x00, 0x00, 0x00, 0x00, 0x00, 0x00, 0x05, 0x00, 0x00, 0x00, 0x04, 0x25, 0x00, 0x00,
    0x00, 0xE0, 0x00, 0x00, 0x00, 0xE0, 0x00, 0x00, 0x00, 0xE0, 0x00, 0x00, 0x00, 0xE0, 0x00, 0x00,
    0x00, 0xE0, 0x00, 0x00, 0x00, 0xE0, 0x00, 0x00, 0x00, 0xE0, 0x00, 0x00, 0x00, 0xE0, 0x00, 0x00,
    0x00, 0xE0, 0x00, 0x00, 0x00, 0xE0, 0x00, 0x00, 0x00, 0xE0, 0x00, 0x00, 0x00, 0xE0, 0x00, 0x00,
    0x00, 0xE0, 0x00, 0x00, 0x00, 0xE0, 0x00, 0x00, 0x00, 0xE0, 0x00, 0x00, 0x00, 0xE0, 0x00, 0x00,
    0x00, 0xE0, 0x00, 0x00, 0x00, 0xE0, 0x00, 0x00, 0x00, 0xE0, 0x00, 0x00, 0x00, 0xE0, 0x00, 0x00,
    0x00, 0xE0, 0x00, 0x00, 0x00, 0xE0, 0x00, 0x00, 0x00, 0xE0, 0x00, 0x00, 0x00, 0xE0, 0x00, 0x00,
    0x00, 0xE0, 0x00, 0x00, 0x00, 0xE0, 0x00, 0x00, 0x00, 0xE0, 0x00, 0x00, 0x00, 0xE0, 0x00, 0x00,
    0x00, 0xE0, 0x00, 0x00, 0x00, 0xE0, 0x00, 0x00, 0x00, 0xE0, 0x00, 0x00, 0x00, 0xE0, 0x00, 0x00,
    0x00, 0xE0, 0x00, 0x00, 0x00, 0xE0, 0x00, 0x00, 0x00, 0xE0, 0x00, 0x00, 0x00, 0xE0, 0x00, 0x00,
    0x00, 0xE0, 0x00, 0x00, 0x00, 0xE0, 0x00, 0x00, 0x00, 0xE0, 0x00, 0x00, 0x01, 0x00, 0x00, 0x00,
    0x74, 0x24, 0x00, 0x00, 0x00, 0x00, 0x00, 0x00, 0x00, 0x00, 0x00, 0x00, 0x00, 0x00, 0x00, 0x00,
    0x01, 0x00, 0x00, 0x00, 0x00, 0x00, 0x00, 0x00, 0x05, 0x00, 0x00, 0x00, 0x5C, 0x24, 0x00, 0x00,
    0x00, 0xE0, 0x00, 0x00, 0x00, 0xE0, 0x00, 0x00, 0x00, 0xE0, 0x00, 0x00, 0x00, 0xE0, 0x00, 0x00,
    0x00, 0xE0, 0x00, 0x00, 0x00, 0xE0, 0x00, 0x00, 0x00, 0xE0, 0x00, 0x00, 0x00, 0xE0, 0x00, 0x00,
    0x00, 0xE0, 0x00, 0x00, 0x00, 0xE0, 0x00, 0x00, 0x00, 0xE0, 0x00, 0x00, 0x00, 0xE0, 0x00, 0x00,
    0x00, 0xE0, 0x00, 0x00, 0x00, 0xE0, 0x00, 0x00, 0x00, 0xE0, 0x00, 0x00, 0x00, 0xE0, 0x00, 0x00,
    0x00, 0xE0, 0x00, 0x00, 0x00, 0xE0, 0x00, 0x00, 0x01, 0x00, 0x00, 0x00, 0x20, 0x24, 0x00, 0x00,
    0x00, 0x00, 0x00, 0x00, 0x00, 0xE0, 0x00, 0x00, 0x00, 0xE0, 0x00, 0x00, 0x00, 0xE0, 0x00, 0x00,
    0x00, 0xE0, 0x00, 0x00, 0x00, 0xE0, 0x00, 0x00, 0x00, 0xE0, 0x00, 0x00, 0x00, 0xE0, 0x00, 0x00,
    0x00, 0xE0, 0x00, 0x00, 0x00, 0xE0, 0x00, 0x00, 0x01, 0x00, 0x00, 0x00, 0xF4, 0x23, 0x00, 0x00,
    0x00, 0x00, 0x00, 0x00, 0x00, 0xE0, 0x00, 0x00, 0x00, 0xE0, 0x00, 0x00, 0x00, 0xE0, 0x00, 0x00,
    0x00, 0xE0, 0x00, 0x00, 0x00, 0xE0, 0x00, 0x00, 0x00, 0xE0, 0x00, 0x00, 0x01, 0x00, 0x00, 0x00,
    0xD4, 0x23, 0x00, 0x00, 0x00, 0x00, 0x00, 0x00, 0x00, 0x00, 0x00, 0x00, 0x00, 0x00, 0x00, 0x00,
    0x01, 0x00, 0x00, 0x00, 0x00, 0x00, 0x00, 0x00, 0x05, 0x00, 0x00, 0x00, 0xBC, 0x23, 0x00, 0x00,
    0x00, 0x00, 0x00, 0x00, 0x00, 0x00, 0x00, 0x00, 0x01, 0x00, 0x00, 0x00, 0x01, 0x00, 0x00, 0x00,
    0x03, 0x00, 0x00, 0x00, 0xB8, 0x23, 0x00, 0x00, 0x00, 0x00, 0x00, 0x00, 0x00, 0x00, 0x00, 0x00,
    0x01, 0x00, 0x00, 0x00, 0x00, 0x00, 0x00, 0x00, 0x05, 0x00, 0x00, 0x00, 0xAC, 0x23, 0x00, 0x00,
    0x00, 0xE0, 0x00, 0x00, 0x00, 0xE0, 0x00, 0x00, 0x00, 0xE0, 0x00, 0x00, 0x00, 0xE0, 0x00, 0x00,
    0x00, 0xE0, 0x00, 0x00, 0x00, 0xE0, 0x00, 0x00, 0x00, 0xE0, 0x00, 0x00, 0x00, 0xE0, 0x00, 0x00,
    0x00, 0xE0, 0x00, 0x00, 0x00, 0xE0, 0x00, 0x00, 0x00, 0xE0, 0x00, 0x00, 0x00, 0xE0, 0x00, 0x00,
    0x01, 0x00, 0x00, 0x00, 0x88, 0x23, 0x00, 0x00, 0x00, 0x00, 0x00, 0x00, 0x00, 0xE0, 0x00, 0x00,
    0x00, 0xE0, 0x00, 0x00, 0x00, 0xE0, 0x00, 0x00, 0x00, 0xE0, 0x00, 0x00, 0x00, 0xE0, 0x00, 0x00,
    0x00, 0xE0, 0x00, 0x00, 0x01, 0x00, 0x00, 0x00, 0x68, 0x23, 0x00, 0x00, 0x00, 0x00, 0x00, 0x00,
    0x00, 0xE0, 0x00, 0x00, 0x00, 0xE0, 0x00, 0x00, 0x00, 0xE0, 0x00, 0x00, 0x00, 0x00, 0x00, 0x00,
    0x00, 0x00, 0x00, 0x00, 0x01, 0x00, 0x00, 0x00, 0x01, 0x00, 0x00, 0x00, 0x03, 0x00, 0x00, 0x00,
    0x44, 0x23, 0x00, 0x00, 0x00, 0x00, 0x00, 0x00, 0x00, 0x00, 0x00, 0x00, 0x01, 0x00, 0x00, 0x00,
    0x00, 0x00, 0x00, 0x00, 0x05, 0x00, 0x00, 0x00, 0x38, 0x23, 0x00, 0x00, 0x00, 0xE0, 0x00, 0x00,
    0x00, 0xE0, 0x00, 0x00, 0x00, 0xE0, 0x00, 0x00, 0x00, 0xE0, 0x00, 0x00, 0x00, 0xE0, 0x00, 0x00,
    0x00, 0xE0, 0x00, 0x00, 0x00, 0xE0, 0x00, 0x00, 0x00, 0xE0, 0x00, 0x00, 0x00, 0xE0, 0x00, 0x00,
    0x00, 0xE0, 0x00, 0x00, 0x00, 0xE0, 0x00, 0x00, 0x00, 0xE0, 0x00, 0x00, 0x01, 0x00, 0x00, 0x00,
    0x14, 0x23, 0x00, 0x00, 0x00, 0x00, 0x00, 0x00, 0x00, 0xE0, 0x00, 0x00, 0x00, 0xE0, 0x00, 0x00,
    0x00, 0xE0, 0x00, 0x00, 0x00, 0xE0, 0x00, 0x00, 0x00, 0xE0, 0x00, 0x00, 0x00, 0xE0, 0x00, 0x00,
    0x00, 0xE0, 0x00, 0x00, 0x00, 0xE0, 0x00, 0x00, 0x00, 0xE0, 0x00, 0x00, 0x00, 0xE0, 0x00, 0x00,
    0x00, 0xE0, 0x00, 0x00, 0x00, 0xE0, 0x00, 0x00, 0x00, 0xE0, 0x00, 0x00, 0x00, 0xE0, 0x00, 0x00,
    0x00, 0xE0, 0x00, 0x00, 0x00, 0x00, 0x00, 0x00, 0x00, 0x00, 0x00, 0x00, 0x01, 0x00, 0x00, 0x00,
    0x01, 0x00, 0x00, 0x00, 0x03, 0x00, 0x00, 0x00, 0xC0, 0x22, 0x00, 0x00, 0x00, 0xE0, 0x00, 0x00,
    0x00, 0xE0, 0x00, 0x00, 0x00, 0xE0, 0x00, 0x00, 0x00, 0xE0, 0x00, 0x00, 0x00, 0xE0, 0x00, 0x00,
    0x00, 0xE0, 0x00, 0x00, 0x00, 0xE0, 0x00, 0x00, 0x00, 0xE0, 0x00, 0x00, 0x00, 0xE0, 0x00, 0x00,
    0x00, 0xE0, 0x00, 0x00, 0x00, 0xE0, 0x00, 0x00, 0x00, 0xE0, 0x00, 0x00, 0x00, 0xE0, 0x00, 0x00,
    0x00, 0xE0, 0x00, 0x00, 0x00, 0xE0, 0x00, 0x00, 0x01, 0x00, 0x00, 0x00, 0x88, 0x22, 0x00, 0x00,
    0x00, 0x00, 0x00, 0x00, 0x00, 0xE0, 0x00, 0x00, 0x00, 0xE0, 0x00, 0x00, 0x00, 0xE0, 0x00, 0x00,
    0x01, 0x00, 0x00, 0x00, 0x74, 0x22, 0x00, 0x00, 0x00, 0x00, 0x00, 0x00, 0x00, 0xE0, 0x00, 0x00,
    0x00, 0xE0, 0x00, 0x00, 0x00, 0xE0, 0x00, 0x00, 0x00, 0xE0, 0x00, 0x00, 0x00, 0xE0, 0x00, 0x00,
    0x00, 0xE0, 0x00, 0x00, 0x00, 0xE0, 0x00, 0x00, 0x00, 0xE0, 0x00, 0x00, 0x00, 0xE0, 0x00, 0x00,
    0x00, 0xE0, 0x00, 0x00, 0x00, 0xE0, 0x00, 0x00, 0x00, 0xE0, 0x00, 0x00, 0x00, 0x00, 0x00, 0x00,
    0x00, 0x00, 0x00, 0x00, 0x01, 0x00, 0x00, 0x00, 0x01, 0x00, 0x00, 0x00, 0x03, 0x00, 0x00, 0x00,
    0x2C, 0x22, 0x00, 0x00, 0x00, 0x00, 0x00, 0x00, 0x00, 0x00, 0x00, 0x00, 0x01, 0x00, 0x00, 0x00,
    0x00, 0x00, 0x00, 0x00, 0x05, 0x00, 0x00, 0x00, 0x20, 0x22, 0x00, 0x00, 0x00, 0xE0, 0x00, 0x00,
    0x00, 0xE0, 0x00, 0x00, 0x00, 0xE0, 0x00, 0x00, 0x00, 0xE0, 0x00, 0x00, 0x00, 0xE0, 0x00, 0x00,
    0x00, 0xE0, 0x00, 0x00, 0x00, 0xE0, 0x00, 0x00, 0x00, 0xE0, 0x00, 0x00, 0x00, 0xE0, 0x00, 0x00,
    0x00, 0xE0, 0x00, 0x00, 0x00, 0xE0, 0x00, 0x00, 0x00, 0xE0, 0x00, 0x00, 0x00, 0xE0, 0x00, 0x00,
    0x00, 0xE0, 0x00, 0x00, 0x00, 0xE0, 0x00, 0x00, 0x01, 0x00, 0x00, 0x00, 0xF0, 0x21, 0x00, 0x00,
    0x00, 0x00, 0x00, 0x00, 0x00, 0xE0, 0x00, 0x00, 0x00, 0xE0, 0x00, 0x00, 0x00, 0xE0, 0x00, 0x00,
    0x01, 0x00, 0x00, 0x00, 0xDC, 0x21, 0x00, 0x00, 0x00, 0x00, 0x00, 0x00, 0x00, 0xE0, 0x00, 0x00,
    0x00, 0xE0, 0x00, 0x00, 0x00, 0xE0, 0x00, 0x00, 0x00, 0x00, 0x00, 0x00, 0x00, 0x00, 0x00, 0x00,
    0x01, 0x00, 0x00, 0x00, 0x00, 0x00, 0x00, 0x00, 0x05, 0x00, 0x00, 0x00, 0xB8, 0x21, 0x00, 0x00,
    0x00, 0x00, 0x00, 0x00, 0x00, 0x00, 0x00, 0x00, 0x01, 0x00, 0x00, 0x00, 0x01, 0x00, 0x00, 0x00,
    0x03, 0x00, 0x00, 0x00, 0xB4, 0x21, 0x00, 0x00, 0x00, 0xE0, 0x00, 0x00, 0x00, 0xE0, 0x00, 0x00,
    0x00, 0xE0, 0x00, 0x00, 0x00, 0xE0, 0x00, 0x00, 0x00, 0xE0, 0x00, 0x00, 0x00, 0xE0, 0x00, 0x00,
    0x00, 0xE0, 0x00, 0x00, 0x00, 0xE0, 0x00, 0x00, 0x00, 0xE0, 0x00, 0x00, 0x00, 0xE0, 0x00, 0x00,
    0x00, 0xE0, 0x00, 0x00, 0x00, 0xE0, 0x00, 0x00, 0x00, 0xE0, 0x00, 0x00, 0x00, 0xE0, 0x00, 0x00,
    0x00, 0xE0, 0x00, 0x00, 0x01, 0x00, 0x00, 0x00, 0x7C, 0x21, 0x00, 0x00, 0x00, 0x00, 0x00, 0x00,
    0x00, 0xE0, 0x00, 0x00, 0x00, 0xE0, 0x00, 0x00, 0x00, 0xE0, 0x00, 0x00, 0x01, 0x00, 0x00, 0x00,
    0x68, 0x21, 0x00, 0x00, 0x00, 0x00, 0x00, 0x00, 0x00, 0xE0, 0x00, 0x00, 0x00, 0xE0, 0x00, 0x00,
    0x00, 0xE0, 0x00, 0x00, 0x00, 0x00, 0x00, 0x00, 0x00, 0x00, 0x00, 0x00, 0x01, 0x00, 0x00, 0x00,
    0x00, 0x00, 0x00, 0x00, 0x05, 0x00, 0x00, 0x00, 0x44, 0x21, 0x00, 0x00, 0x00, 0x00, 0x00, 0x00,
    0x00, 0x00, 0x00, 0x00, 0x01, 0x00, 0x00, 0x00, 0x01, 0x00, 0x00, 0x00, 0x03, 0x00, 0x00, 0x00,
    0x40, 0x21, 0x00, 0x00, 0x00, 0xE0, 0x00, 0x00, 0x00, 0xE0, 0x00, 0x00, 0x00, 0xE0, 0x00, 0x00,
    0x00, 0xE0, 0x00, 0x00, 0x00, 0xE0, 0x00, 0x00, 0x00, 0xE0, 0x00, 0x00, 0x00, 0xE0, 0x00, 0x00,
    0x00, 0xE0, 0x00, 0x00, 0x00, 0xE0, 0x00, 0x00, 0x00, 0xE0, 0x00, 0x00, 0x00, 0xE0, 0x00, 0x00,
    0x00, 0xE0, 0x00, 0x00, 0x00, 0xE0, 0x00, 0x00, 0x00, 0xE0, 0x00, 0x00, 0x00, 0xE0, 0x00, 0x00,
    0x00, 0xE0, 0x00, 0x00, 0x00, 0xE0, 0x00, 0x00, 0x00, 0xE0, 0x00, 0x00, 0x01, 0x00, 0x00, 0x00,
    0xFC, 0x20, 0x00, 0x00, 0x00, 0x00, 0x00, 0x00, 0x00, 0xE0, 0x00, 0x00, 0x00, 0xE0, 0x00, 0x00,
    0x00, 0xE0, 0x00, 0x00, 0x00, 0xE0, 0x00, 0x00, 0x00, 0xE0, 0x00, 0x00, 0x00, 0xE0, 0x00, 0x00,
    0x00, 0xE0, 0x00, 0x00, 0x00, 0xE0, 0x00, 0x00, 0x00, 0xE0, 0x00, 0x00, 0x01, 0x00, 0x00, 0x00,
    0xD0, 0x20, 0x00, 0x00, 0x00, 0x00, 0x00, 0x00, 0x00, 0xE0, 0x00, 0x00, 0x00, 0xE0, 0x00, 0x00,
    0x00, 0xE0, 0x00, 0x00, 0x00, 0xE0, 0x00, 0x00, 0x00, 0xE0, 0x00, 0x00, 0x00, 0xE0, 0x00, 0x00,
    0x00, 0xE0, 0x00, 0x00, 0x00, 0xE0, 0x00, 0x00, 0x00, 0xE0, 0x00, 0x00, 0x01, 0x00, 0x00, 0x00,
    0xA4, 0x20, 0x00, 0x00, 0x00, 0x00, 0x00, 0x00, 0x00, 0xE0, 0x00, 0x00, 0x00, 0xE0, 0x00, 0x00,
    0x00, 0xE0, 0x00, 0x00, 0x00, 0xE0, 0x00, 0x00, 0x00, 0xE0, 0x00, 0x00, 0x00, 0xE0, 0x00, 0x00,
    0x00, 0xE0, 0x00, 0x00, 0x00, 0xE0, 0x00, 0x00, 0x00, 0xE0, 0x00, 0x00, 0x01, 0x00, 0x00, 0x00,
    0x78, 0x20, 0x00, 0x00, 0x00, 0x00, 0x00, 0x00, 0x00, 0xE0, 0x00, 0x00, 0x00, 0xE0, 0x00, 0x00,
    0x00, 0xE0, 0x00, 0x00, 0x00, 0xE0, 0x00, 0x00, 0x00, 0xE0, 0x00, 0x00, 0x00, 0xE0, 0x00, 0x00,
    0x00, 0xE0, 0x00, 0x00, 0x00, 0xE0, 0x00, 0x00, 0x00, 0xE0, 0x00, 0x00, 0x01, 0x00, 0x00, 0x00,
    0x4C, 0x20, 0x00, 0x00, 0x00, 0x00, 0x00, 0x00, 0x00, 0xE0, 0x00, 0x00, 0x00, 0xE0, 0x00, 0x00,
    0x00, 0xE0, 0x00, 0x00, 0x00, 0xE0, 0x00, 0x00, 0x00, 0xE0, 0x00, 0x00, 0x00, 0xE0, 0x00, 0x00,
    0x01, 0x00, 0x00, 0x00, 0x2C, 0x20, 0x00, 0x00, 0x00, 0x00, 0x00, 0x00, 0x00, 0x00, 0x00, 0x00,
    0x00, 0x00, 0x00, 0x00, 0x01, 0x00, 0x00, 0x00, 0x00, 0x00, 0x00, 0x00, 0x05, 0x00, 0x00, 0x00,
    0x14, 0x20, 0x00, 0x00, 0x00, 0x00, 0x00, 0x00, 0x00, 0x00, 0x00, 0x00, 0x01, 0x00, 0x00, 0x00,
    0x01, 0x00, 0x00, 0x00, 0x03, 0x00, 0x00, 0x00, 0x10, 0x20, 0x00, 0x00, 0x00, 0x00, 0x00, 0x00,
    0x00, 0x00, 0x00, 0x00, 0x01, 0x00, 0x00, 0x00, 0x00, 0x00, 0x00, 0x00, 0x05, 0x00, 0x00, 0x00,
    0x04, 0x20, 0x00, 0x00, 0x00, 0x00, 0x00, 0x00, 0x00, 0x00, 0x00, 0x00, 0x01, 0x00, 0x00, 0x00,
    0x00, 0x00, 0x00, 0x00, 0x05, 0x00, 0x00, 0x00, 0x00, 0x20, 0x00, 0x00, 0x00, 0x00, 0x00, 0x00,
    0x00, 0x00, 0x00, 0x00, 0x01, 0x00, 0x00, 0x00, 0x00, 0x00, 0x00, 0x00, 0x05, 0x00, 0x00, 0x00,
    0xFC, 0x1F, 0x00, 0x00, 0x00, 0x00, 0x00, 0x00, 0x00, 0x00, 0x00, 0x00, 0x01, 0x00, 0x00, 0x00,
    0x00, 0x00, 0x00, 0x00, 0x05, 0x00, 0x00, 0x00, 0xF8, 0x1F, 0x00, 0x00, 0x00, 0xE0, 0x00, 0x00,
    0x00, 0xE0, 0x00, 0x00, 0x00, 0xE0, 0x00, 0x00, 0x00, 0xE0, 0x00, 0x00, 0x00, 0xE0, 0x00, 0x00,
    0x00, 0xE0, 0x00, 0x00, 0x00, 0xE0, 0x00, 0x00, 0x00, 0xE0, 0x00, 0x00, 0x00, 0xE0, 0x00, 0x00,
    0x00, 0xE0, 0x00, 0x00, 0x00, 0xE0, 0x00, 0x00, 0x00, 0xE0, 0x00, 0x00, 0x01, 0x00, 0x00, 0x00,
    0xD4, 0x1F, 0x00, 0x00, 0x00, 0x00, 0x00, 0x00, 0x00, 0xE0, 0x00, 0x00, 0x00, 0xE0, 0x00, 0x00,
    0x00, 0xE0, 0x00, 0x00, 0x00, 0xE0, 0x00, 0x00, 0x00, 0xE0, 0x00, 0x00, 0x00, 0xE0, 0x00, 0x00,
    0x01, 0x00, 0x00, 0x00, 0xB4, 0x1F, 0x00, 0x00, 0x00, 0x00, 0x00, 0x00, 0x00, 0xE0, 0x00, 0x00,
    0x00, 0xE0, 0x00, 0x00, 0x00, 0xE0, 0x00, 0x00, 0x00, 0x00, 0x00, 0x00, 0x00, 0x00, 0x00, 0x00,
    0x01, 0x00, 0x00, 0x00, 0x01, 0x00, 0x00, 0x00, 0x03, 0x00, 0x00, 0x00, 0x90, 0x1F, 0x00, 0x00,
    0x00, 0x00, 0x00, 0x00, 0x00, 0x00, 0x00, 0x00, 0x01, 0x00, 0x00, 0x00, 0x00, 0x00, 0x00, 0x00,
    0x05, 0x00, 0x00, 0x00, 0x84, 0x1F, 0x00, 0x00, 0x00, 0xE0, 0x00, 0x00, 0x00, 0xE0, 0x00, 0x00,
    0x00, 0xE0, 0x00, 0x00, 0x00, 0xE0, 0x00, 0x00, 0x00, 0xE0, 0x00, 0x00, 0x00, 0xE0, 0x00, 0x00,
    0x00, 0xE0, 0x00, 0x00, 0x00, 0xE0, 0x00, 0x00, 0x00, 0xE0, 0x00, 0x00, 0x00, 0xE0, 0x00, 0x00,
    0x00, 0xE0, 0x00, 0x00, 0x00, 0xE0, 0x00, 0x00, 0x01, 0x00, 0x00, 0x00, 0x60, 0x1F, 0x00, 0x00,
    0x00, 0x00, 0x00, 0x00, 0x00, 0xE0, 0x00, 0x00, 0x00, 0xE0, 0x00, 0x00, 0x00, 0xE0, 0x00, 0x00,
    0x00, 0xE0, 0x00, 0x00, 0x00, 0xE0, 0x00, 0x00, 0x00, 0xE0, 0x00, 0x00, 0x00, 0xE0, 0x00, 0x00,
    0x00, 0xE0, 0x00, 0x00, 0x00, 0xE0, 0x00, 0x00, 0x00, 0xE0, 0x00, 0x00, 0x00, 0xE0, 0x00, 0x00,
    0x00, 0xE0, 0x00, 0x00, 0x00, 0xE0, 0x00, 0x00, 0x00, 0xE0, 0x00, 0x00, 0x00, 0xE0, 0x00, 0x00,
    0x00, 0xE0, 0x00, 0x00, 0x00, 0xE0, 0x00, 0x00, 0x00, 0xE0, 0x00, 0x00, 0x00, 0xE0, 0x00, 0x00,
    0x00, 0xE0, 0x00, 0x00, 0x00, 0xE0, 0x00, 0x00, 0x00, 0xE0, 0x00, 0x00, 0x00, 0xE0, 0x00, 0x00,
    0x00, 0xE0, 0x00, 0x00, 0x00, 0xE0, 0x00, 0x00, 0x00, 0xE0, 0x00, 0x00, 0x00, 0xE0, 0x00, 0x00,
    0x00, 0xE0, 0x00, 0x00, 0x00, 0xE0, 0x00, 0x00, 0x00, 0xE0, 0x00, 0x00, 0x00, 0xE0, 0x00, 0x00,
    0x00, 0xE0, 0x00, 0x00, 0x00, 0xE0, 0x00, 0x00, 0x00, 0xE0, 0x00, 0x00, 0x00, 0xE0, 0x00, 0x00,
    0x00, 0xE0, 0x00, 0x00, 0x00, 0xE0, 0x00, 0x00, 0x00, 0xE0, 0x00, 0x00, 0x00, 0xE0, 0x00, 0x00,
    0x00, 0xE0, 0x00, 0x00, 0x00, 0xE0, 0x00, 0x00, 0x00, 0xE0, 0x00, 0x00, 0x00, 0xE0, 0x00, 0x00,
    0x00, 0xE0, 0x00, 0x00, 0x00, 0xE0, 0x00, 0x00, 0x01, 0x00, 0x00, 0x00, 0xA4, 0x1E, 0x00, 0x00,
    0x00, 0x00, 0x00, 0x00, 0x00, 0xE0, 0x00, 0x00, 0x00, 0xE0, 0x00, 0x00, 0x00, 0xE0, 0x00, 0x00,
    0x00, 0x00, 0x00, 0x00, 0x00, 0x00, 0x00, 0x00, 0x01, 0x00, 0x00, 0x00, 0x01, 0x00, 0x00, 0x00,
    0x03, 0x00, 0x00, 0x00, 0x80, 0x1E, 0x00, 0x00, 0x00, 0x00, 0x00, 0x00, 0x00, 0x00, 0x00, 0x00,
    0x01, 0x00, 0x00, 0x00, 0x00, 0x00, 0x00, 0x00, 0x05, 0x00, 0x00, 0x00, 0x74, 0x1E, 0x00, 0x00,
    0x00, 0xE0, 0x00, 0x00, 0x00, 0xE0, 0x00, 0x00, 0x00, 0xE0, 0x00, 0x00, 0x00, 0xE0, 0x00, 0x00,
    0x00, 0xE0, 0x00, 0x00, 0x00, 0xE0, 0x00, 0x00, 0x00, 0xE0, 0x00, 0x00, 0x00, 0xE0, 0x00, 0x00,
    0x00, 0xE0, 0x00, 0x00, 0x00, 0xE0, 0x00, 0x00, 0x00, 0xE0, 0x00, 0x00, 0x00, 0xE0, 0x00, 0x00,
    0x01, 0x00, 0x00, 0x00, 0x50, 0x1E, 0x00, 0x00, 0x00, 0x00, 0x00, 0x00, 0x00, 0xE0, 0x00, 0x00,
    0x00, 0xE0, 0x00, 0x00, 0x00, 0xE0, 0x00, 0x00, 0x00, 0xE0, 0x00, 0x00, 0x00, 0xE0, 0x00, 0x00,
    0x00, 0xE0, 0x00, 0x00, 0x00, 0xE0, 0x00, 0x00, 0x00, 0xE0, 0x00, 0x00, 0x00, 0xE0, 0x00, 0x00,
    0x00, 0xE0, 0x00, 0x00, 0x00, 0xE0, 0x00, 0x00, 0x00, 0xE0, 0x00, 0x00, 0x00, 0xE0, 0x00, 0x00,
    0x00, 0xE0, 0x00, 0x00, 0x00, 0xE0, 0x00, 0x00, 0x00, 0xE0, 0x00, 0x00, 0x00, 0xE0, 0x00, 0x00,
    0x00, 0xE0, 0x00, 0x00, 0x00, 0xE0, 0x00, 0x00, 0x00, 0xE0, 0x00, 0x00, 0x00, 0xE0, 0x00, 0x00,
    0x00, 0xE0, 0x00, 0x00, 0x00, 0xE0, 0x00, 0x00, 0x00, 0xE0, 0x00, 0x00, 0x00, 0xE0, 0x00, 0x00,
    0x00, 0xE0, 0x00, 0x00, 0x00, 0xE0, 0x00, 0x00, 0x00, 0x00, 0x00, 0x00, 0x00, 0x00, 0x00, 0x00,
    0x01, 0x00, 0x00, 0x00, 0x01, 0x00, 0x00, 0x00, 0x03, 0x00, 0x00, 0x00, 0xCC, 0x1D, 0x00, 0x00,
    0x00, 0xE0, 0x00, 0x00, 0x00, 0xE0, 0x00, 0x00, 0x00, 0xE0, 0x00, 0x00, 0x00, 0xE0, 0x00, 0x00,
    0x00, 0xE0, 0x00, 0x00, 0x00, 0xE0, 0x00, 0x00, 0x00, 0xE0, 0x00, 0x00, 0x00, 0xE0, 0x00, 0x00,
    0x00, 0xE0, 0x00, 0x00, 0x00, 0xE0, 0x00, 0x00, 0x00, 0xE0, 0x00, 0x00, 0x00, 0xE0, 0x00, 0x00,
    0x00, 0xE0, 0x00, 0x00, 0x00, 0xE0, 0x00, 0x00, 0x00, 0xE0, 0x00, 0x00, 0x00, 0xE0, 0x00, 0x00,
    0x00, 0xE0, 0x00, 0x00, 0x00, 0xE0, 0x00, 0x00, 0x01, 0x00, 0x00, 0x00, 0x88, 0x1D, 0x00, 0x00,
    0x00, 0x00, 0x00, 0x00, 0x00, 0xE0, 0x00, 0x00, 0x00, 0xE0, 0x00, 0x00, 0x00, 0xE0, 0x00, 0x00,
    0x00, 0xE0, 0x00, 0x00, 0x00, 0xE0, 0x00, 0x00, 0x00, 0xE0, 0x00, 0x00, 0x00, 0xE0, 0x00, 0x00,
    0x00, 0xE0, 0x00, 0x00, 0x00, 0xE0, 0x00, 0x00, 0x01, 0x00, 0x00, 0x00, 0x5C, 0x1D, 0x00, 0x00,
    0x00, 0x00, 0x00, 0x00, 0x00, 0xE0, 0x00, 0x00, 0x00, 0xE0, 0x00, 0x00, 0x00, 0xE0, 0x00, 0x00,
    0x00, 0xE0, 0x00, 0x00, 0x00, 0xE0, 0x00, 0x00, 0x00, 0xE0, 0x00, 0x00, 0x00, 0xE0, 0x00, 0x00,
    0x00, 0xE0, 0x00, 0x00, 0x00, 0xE0, 0x00, 0x00, 0x01, 0x00, 0x00, 0x00, 0x30, 0x1D, 0x00, 0x00,
    0x00, 0x00, 0x00, 0x00, 0x00, 0xE0, 0x00, 0x00, 0x00, 0xE0, 0x00, 0x00, 0x00, 0xE0, 0x00, 0x00,
    0x00, 0xE0, 0x00, 0x00, 0x00, 0xE0, 0x00, 0x00, 0x00, 0xE0, 0x00, 0x00, 0x01, 0x00, 0x00, 0x00,
    0x10, 0x1D, 0x00, 0x00, 0x00, 0x00, 0x00, 0x00, 0x00, 0x00, 0x00, 0x00, 0x00, 0x00, 0x00, 0x00,
    0x01, 0x00, 0x00, 0x00, 0x01, 0x00, 0x00, 0x00, 0x03, 0x00, 0x00, 0x00, 0xF8, 0x1C, 0x00, 0x00,
    0x00, 0x00, 0x00, 0x00, 0x00, 0x00, 0x00, 0x00, 0x01, 0x00, 0x00, 0x00, 0x00, 0x00, 0x00, 0x00,
    0x05, 0x00, 0x00, 0x00, 0xEC, 0x1C, 0x00, 0x00, 0x00, 0x00, 0x00, 0x00, 0x00, 0x00, 0x00, 0x00,
    0x01, 0x00, 0x00, 0x00, 0x00, 0x00, 0x00, 0x00, 0x05, 0x00, 0x00, 0x00, 0xE8, 0x1C, 0x00, 0x00,
    0x00, 0x00, 0x00, 0x00, 0x00, 0x00, 0x00, 0x00, 0x01, 0x00, 0x00, 0x00, 0x00, 0x00, 0x00, 0x00,
    0x05, 0x00, 0x00, 0x00, 0xE4, 0x1C, 0x00, 0x00, 0x00, 0xE0, 0x00, 0x00, 0x00, 0xE0, 0x00, 0x00,
    0x00, 0xE0, 0x00, 0x00, 0x00, 0xE0, 0x00, 0x00, 0x00, 0xE0, 0x00, 0x00, 0x00, 0xE0, 0x00, 0x00,
    0x00, 0xE0, 0x00, 0x00, 0x00, 0xE0, 0x00, 0x00, 0x00, 0xE0, 0x00, 0x00, 0x00, 0xE0, 0x00, 0x00,
    0x00, 0xE0, 0x00, 0x00, 0x00, 0xE0, 0x00, 0x00, 0x00, 0xE0, 0x00, 0x00, 0x00, 0xE0, 0x00, 0x00,
    0x00, 0xE0, 0x00, 0x00, 0x01, 0x00, 0x00, 0x00, 0xB4, 0x1C, 0x00, 0x00, 0x00, 0x00, 0x00, 0x00,
    0x00, 0xE0, 0x00, 0x00, 0x00, 0xE0, 0x00, 0x00, 0x00, 0xE0, 0x00, 0x00, 0x00, 0xE0, 0x00, 0x00,
    0x00, 0xE0, 0x00, 0x00, 0x00, 0xE0, 0x00, 0x00, 0x00, 0xE0, 0x00, 0x00, 0x00, 0xE0, 0x00, 0x00,
    0x00, 0xE0, 0x00, 0x00, 0x00, 0xE0, 0x00, 0x00, 0x00, 0xE0, 0x00, 0x00, 0x00, 0xE0, 0x00, 0x00,
    0x00, 0xE0, 0x00, 0x00, 0x00, 0xE0, 0x00, 0x00, 0x00, 0xE0, 0x00, 0x00, 0x00, 0xE0, 0x00, 0x00,
    0x00, 0xE0, 0x00, 0x00, 0x00, 0xE0, 0x00, 0x00, 0x00, 0xE0, 0x00, 0x00, 0x00, 0xE0, 0x00, 0x00,
    0x00, 0xE0, 0x00, 0x00, 0x00, 0xE0, 0x00, 0x00, 0x00, 0xE0, 0x00, 0x00, 0x00, 0xE0, 0x00, 0x00,
    0x00, 0xE0, 0x00, 0x00, 0x00, 0xE0, 0x00, 0x00, 0x00, 0xE0, 0x00, 0x00, 0x00, 0xE0, 0x00, 0x00,
    0x00, 0xE0, 0x00, 0x00, 0x00, 0xE0, 0x00, 0x00, 0x00, 0xE0, 0x00, 0x00, 0x00, 0xE0, 0x00, 0x00,
    0x00, 0xE0, 0x00, 0x00, 0x00, 0xE0, 0x00, 0x00, 0x00, 0xE0, 0x00, 0x00, 0x00, 0xE0, 0x00, 0x00,
    0x00, 0xE0, 0x00, 0x00, 0x00, 0xE0, 0x00, 0x00, 0x00, 0xE0, 0x00, 0x00, 0x00, 0xE0, 0x00, 0x00,
    0x00, 0xE0, 0x00, 0x00, 0x00, 0xE0, 0x00, 0x00, 0x00, 0xE0, 0x00, 0x00, 0x00, 0xE0, 0x00, 0x00,
    0x00, 0xE0, 0x00, 0x00, 0x00, 0xE0, 0x00, 0x00, 0x00, 0xE0, 0x00, 0x00, 0x00, 0xE0, 0x00, 0x00,
    0x00, 0x00, 0x00, 0x00, 0x00, 0x00, 0x00, 0x00, 0x01, 0x00, 0x00, 0x00, 0x01, 0x00, 0x00, 0x00,
    0x03, 0x00, 0x00, 0x00, 0xDC, 0x1B, 0x00, 0x00, 0x00, 0xE0, 0x00, 0x00, 0x00, 0xE0, 0x00, 0x00,
    0x00, 0xE0, 0x00, 0x00, 0x00, 0xE0, 0x00, 0x00, 0x00, 0xE0, 0x00, 0x00, 0x00, 0xE0, 0x00, 0x00,
    0x00, 0xE0, 0x00, 0x00, 0x00, 0xE0, 0x00, 0x00, 0x00, 0xE0, 0x00, 0x00, 0x00, 0xE0, 0x00, 0x00,
    0x00, 0xE0, 0x00, 0x00, 0x00, 0xE0, 0x00, 0x00, 0x00, 0xE0, 0x00, 0x00, 0x00, 0xE0, 0x00, 0x00,
    0x00, 0xE0, 0x00, 0x00, 0x01, 0x00, 0x00, 0x00, 0xA4, 0x1B, 0x00, 0x00, 0x00, 0x00, 0x00, 0x00,
    0x00, 0xE0, 0x00, 0x00, 0x00, 0xE0, 0x00, 0x00, 0x00, 0xE0, 0x00, 0x00, 0x00, 0xE0, 0x00, 0x00,
    0x00, 0xE0, 0x00, 0x00, 0x00, 0xE0, 0x00, 0x00, 0x00, 0xE0, 0x00, 0x00, 0x00, 0xE0, 0x00, 0x00,
    0x00, 0xE0, 0x00, 0x00, 0x00, 0xE0, 0x00, 0x00, 0x00, 0xE0, 0x00, 0x00, 0x00, 0xE0, 0x00, 0x00,
    0x00, 0xE0, 0x00, 0x00, 0x00, 0xE0, 0x00, 0x00, 0x00, 0xE0, 0x00, 0x00, 0x00, 0xE0, 0x00, 0x00,
    0x00, 0xE0, 0x00, 0x00, 0x00, 0xE0, 0x00, 0x00, 0x00, 0xE0, 0x00, 0x00, 0x00, 0xE0, 0x00, 0x00,
    0x00, 0xE0, 0x00, 0x00, 0x00, 0xE0, 0x00, 0x00, 0x00, 0xE0, 0x00, 0x00, 0x00, 0xE0, 0x00, 0x00,
    0x00, 0xE0, 0x00, 0x00, 0x00, 0xE0, 0x00, 0x00, 0x00, 0xE0, 0x00, 0x00, 0x00, 0xE0, 0x00, 0x00,
    0x00, 0xE0, 0x00, 0x00, 0x00, 0xE0, 0x00, 0x00, 0x00, 0xE0, 0x00, 0x00, 0x00, 0xE0, 0x00, 0x00,
    0x00, 0xE0, 0x00, 0x00, 0x00, 0xE0, 0x00, 0x00, 0x00, 0xE0, 0x00, 0x00, 0x00, 0xE0, 0x00, 0x00,
    0x00, 0xE0, 0x00, 0x00, 0x00, 0xE0, 0x00, 0x00, 0x00, 0xE0, 0x00, 0x00, 0x00, 0xE0, 0x00, 0x00,
    0x00, 0xE0, 0x00, 0x00, 0x00, 0xE0, 0x00, 0x00, 0x00, 0xE0, 0x00, 0x00, 0x00, 0xE0, 0x00, 0x00,
    0x00, 0xE0, 0x00, 0x00, 0x00, 0xE0, 0x00, 0x00, 0x00, 0xE0, 0x00, 0x00, 0x00, 0xE0, 0x00, 0x00,
    0x00, 0x00, 0x00, 0x00, 0x00, 0x00, 0x00, 0x00, 0x01, 0x00, 0x00, 0x00, 0x01, 0x00, 0x00, 0x00,
    0x03, 0x00, 0x00, 0x00, 0xCC, 0x1A, 0x00, 0x00, 0x00, 0xE0, 0x00, 0x00, 0x00, 0xE0, 0x00, 0x00,
    0x00, 0xE0, 0x00, 0x00, 0x00, 0xE0, 0x00, 0x00, 0x00, 0xE0, 0x00, 0x00, 0x00, 0xE0, 0x00, 0x00,
    0x00, 0xE0, 0x00, 0x00, 0x00, 0xE0, 0x00, 0x00, 0x00, 0xE0, 0x00, 0x00, 0x00, 0xE0, 0x00, 0x00,
    0x00, 0xE0, 0x00, 0x00, 0x00, 0xE0, 0x00, 0x00, 0x00, 0xE0, 0x00, 0x00, 0x00, 0xE0, 0x00, 0x00,
    0x00, 0xE0, 0x00, 0x00, 0x01, 0x00, 0x00, 0x00, 0x94, 0x1A, 0x00, 0x00, 0x00, 0x00, 0x00, 0x00,
    0x00, 0xE0, 0x00, 0x00, 0x00, 0xE0, 0x00, 0x00, 0x00, 0xE0, 0x00, 0x00, 0x00, 0xE0, 0x00, 0x00,
    0x00, 0xE0, 0x00, 0x00, 0x00, 0xE0, 0x00, 0x00, 0x00, 0xE0, 0x00, 0x00, 0x00, 0xE0, 0x00, 0x00,
    0x00, 0xE0, 0x00, 0x00, 0x00, 0xE0, 0x00, 0x00, 0x00, 0xE0, 0x00, 0x00, 0x00, 0xE0, 0x00, 0x00,
    0x00, 0xE0, 0x00, 0x00, 0x00, 0xE0, 0x00, 0x00, 0x00, 0xE0, 0x00, 0x00, 0x00, 0xE0, 0x00, 0x00,
    0x00, 0xE0, 0x00, 0x00, 0x00, 0xE0, 0x00, 0x00, 0x00, 0xE0, 0x00, 0x00, 0x00, 0xE0, 0x00, 0x00,
    0x00, 0xE0, 0x00, 0x00, 0x00, 0xE0, 0x00, 0x00, 0x00, 0xE0, 0x00, 0x00, 0x00, 0xE0, 0x00, 0x00,
    0x00, 0x00, 0x00, 0x00, 0x00, 0x00, 0x00, 0x00, 0x01, 0x00, 0x00, 0x00, 0x01, 0x00, 0x00, 0x00,
    0x03, 0x00, 0x00, 0x00, 0x1C, 0x1A, 0x00, 0x00, 0x00, 0xE0, 0x00, 0x00, 0x00, 0xE0, 0x00, 0x00,
    0x00, 0xE0, 0x00, 0x00, 0x00, 0xE0, 0x00, 0x00, 0x00, 0xE0, 0x00, 0x00, 0x00, 0xE0, 0x00, 0x00,
    0x00, 0xE0, 0x00, 0x00, 0x00, 0xE0, 0x00, 0x00, 0x00, 0xE0, 0x00, 0x00, 0x00, 0xE0, 0x00, 0x00,
    0x00, 0xE0, 0x00, 0x00, 0x00, 0xE0, 0x00, 0x00, 0x00, 0xE0, 0x00, 0x00, 0x00, 0xE0, 0x00, 0x00,
    0x00, 0xE0, 0x00, 0x00, 0x00, 0xE0, 0x00, 0x00, 0x00, 0xE0, 0x00, 0x00, 0x00, 0xE0, 0x00, 0x00,
    0x01, 0x00, 0x00, 0x00, 0xD8, 0x19, 0x00, 0x00, 0x00, 0x00, 0x00, 0x00, 0x00, 0xE0, 0x00, 0x00,
    0x00, 0xE0, 0x00, 0x00, 0x00, 0xE0, 0x00, 0x00, 0x00, 0xE0, 0x00, 0x00, 0x00, 0xE0, 0x00, 0x00,
    0x00, 0xE0, 0x00, 0x00, 0x00, 0xE0, 0x00, 0x00, 0x00, 0xE0, 0x00, 0x00, 0x00, 0xE0, 0x00, 0x00,
    0x01, 0x00, 0x00, 0x00, 0xAC, 0x19, 0x00, 0x00, 0x00, 0x00, 0x00, 0x00, 0x00, 0xE0, 0x00, 0x00,
    0x00, 0xE0, 0x00, 0x00, 0x00, 0xE0, 0x00, 0x00, 0x00, 0xE0, 0x00, 0x00, 0x00, 0xE0, 0x00, 0x00,
    0x00, 0xE0, 0x00, 0x00, 0x00, 0xE0, 0x00, 0x00, 0x00, 0xE0, 0x00, 0x00, 0x00, 0xE0, 0x00, 0x00,
    0x01, 0x00, 0x00, 0x00, 0x80, 0x19, 0x00, 0x00, 0x00, 0x00, 0x00, 0x00, 0x00, 0xE0, 0x00, 0x00,
    0x00, 0xE0, 0x00, 0x00, 0x00, 0xE0, 0x00, 0x00, 0x00, 0xE0, 0x00, 0x00, 0x00, 0xE0, 0x00, 0x00,
    0x00, 0xE0, 0x00, 0x00, 0x00, 0xE0, 0x00, 0x00, 0x00, 0xE0, 0x00, 0x00, 0x00, 0xE0, 0x00, 0x00,
    0x01, 0x00, 0x00, 0x00, 0x54, 0x19, 0x00, 0x00, 0x00, 0x00, 0x00, 0x00, 0x00, 0xE0, 0x00, 0x00,
    0x00, 0xE0, 0x00, 0x00, 0x00, 0xE0, 0x00, 0x00, 0x00, 0xE0, 0x00, 0x00, 0x00, 0xE0, 0x00, 0x00,
    0x00, 0xE0, 0x00, 0x00, 0x00, 0xE0, 0x00, 0x00, 0x00, 0xE0, 0x00, 0x00, 0x00, 0xE0, 0x00, 0x00,
    0x01, 0x00, 0x00, 0x00, 0x28, 0x19, 0x00, 0x00, 0x00, 0x00, 0x00, 0x00, 0x00, 0xE0, 0x00, 0x00,
    0x00, 0xE0, 0x00, 0x00, 0x00, 0xE0, 0x00, 0x00, 0x00, 0xE0, 0x00, 0x00, 0x00, 0xE0, 0x00, 0x00,
    0x00, 0xE0, 0x00, 0x00, 0x01, 0x00, 0x00, 0x00, 0x08, 0x19, 0x00, 0x00, 0x00, 0x00, 0x00, 0x00,
    0x00, 0xE0, 0x00, 0x00, 0x00, 0xE0, 0x00, 0x00, 0x00, 0xE0, 0x00, 0x00, 0x00, 0xE0, 0x00, 0x00,
    0x00, 0xE0, 0x00, 0x00, 0x00, 0xE0, 0x00, 0x00, 0x01, 0x00, 0x00, 0x00, 0xE8, 0x18, 0x00, 0x00,
    0x00, 0x00, 0x00, 0x00, 0x00, 0xE0, 0x00, 0x00, 0x00, 0xE0, 0x00, 0x00, 0x00, 0xE0, 0x00, 0x00,
    0x00, 0x00, 0x00, 0x00, 0x00, 0x00, 0x00, 0x00, 0x01, 0x00, 0x00, 0x00, 0x00, 0x00, 0x00, 0x00,
    0x05, 0x00, 0x00, 0x00, 0xC4, 0x18, 0x00, 0x00, 0x00, 0x00, 0x00, 0x00, 0x00, 0x00, 0x00, 0x00,
    0x01, 0x00, 0x00, 0x00, 0x01, 0x00, 0x00, 0x00, 0x03, 0x00, 0x00, 0x00, 0xC0, 0x18, 0x00, 0x00,
    0x00, 0x00, 0x00, 0x00, 0x00, 0x00, 0x00, 0x00, 0x01, 0x00, 0x00, 0x00, 0x00, 0x00, 0x00, 0x00,
    0x05, 0x00, 0x00, 0x00, 0xB4, 0x18, 0x00, 0x00, 0x00, 0x00, 0x00, 0x00, 0x00, 0x00, 0x00, 0x00,
    0x01, 0x00, 0x00, 0x00, 0x00, 0x00, 0x00, 0x00, 0x05, 0x00, 0x00, 0x00, 0xB0, 0x18, 0x00, 0x00,
    0x00, 0x00, 0x00, 0x00, 0x00, 0x00, 0x00, 0x00, 0x01, 0x00, 0x00, 0x00, 0x00, 0x00, 0x00, 0x00,
    0x05, 0x00, 0x00, 0x00, 0xAC, 0x18, 0x00, 0x00, 0x00, 0x00, 0x00, 0x00, 0x00, 0x00, 0x00, 0x00,
    0x01, 0x00, 0x00, 0x00, 0x00, 0x00, 0x00, 0x00, 0x05, 0x00, 0x00, 0x00, 0xA8, 0x18, 0x00, 0x00,
    0x00, 0x00, 0x00, 0x00, 0x00, 0x00, 0x00, 0x00, 0x01, 0x00, 0x00, 0x00, 0x00, 0x00, 0x00, 0x00,
    0x05, 0x00, 0x00, 0x00, 0xA4, 0x18, 0x00, 0x00, 0x00, 0xE0, 0x00, 0x00, 0x00, 0xE0, 0x00, 0x00,
    0x00, 0xE0, 0x00, 0x00, 0x00, 0xE0, 0x00, 0x00, 0x00, 0xE0, 0x00, 0x00, 0x00, 0xE0, 0x00, 0x00,
    0x00, 0xE0, 0x00, 0x00, 0x00, 0xE0, 0x00, 0x00, 0x00, 0xE0, 0x00, 0x00, 0x00, 0xE0, 0x00, 0x00,
    0x00, 0xE0, 0x00, 0x00, 0x00, 0xE0, 0x00, 0x00, 0x00, 0xE0, 0x00, 0x00, 0x00, 0xE0, 0x00, 0x00,
    0x00, 0xE0, 0x00, 0x00, 0x00, 0xE0, 0x00, 0x00, 0x00, 0xE0, 0x00, 0x00, 0x00, 0xE0, 0x00, 0x00,
    0x01, 0x00, 0x00, 0x00, 0x68, 0x18, 0x00, 0x00, 0x00, 0x00, 0x00, 0x00, 0x00, 0xE0, 0x00, 0x00,
    0x00, 0xE0, 0x00, 0x00, 0x00, 0xE0, 0x00, 0x00, 0x00, 0xE0, 0x00, 0x00, 0x00, 0xE0, 0x00, 0x00,
    0x00, 0xE0, 0x00, 0x00, 0x01, 0x00, 0x00, 0x00, 0x48, 0x18, 0x00, 0x00, 0x00, 0x00, 0x00, 0x00,
    0x00, 0x00, 0x00, 0x00, 0x00, 0x00, 0x00, 0x00, 0x01, 0x00, 0x00, 0x00, 0x01, 0x00, 0x00, 0x00,
    0x03, 0x00, 0x00, 0x00, 0x30, 0x18, 0x00, 0x00, 0x00, 0x00, 0x00, 0x00, 0x00, 0x00, 0x00, 0x00,
    0x01, 0x00, 0x00, 0x00, 0x00, 0x00, 0x00, 0x00, 0x05, 0x00, 0x00, 0x00, 0x24, 0x18, 0x00, 0x00,
    0x00, 0xE0, 0x00, 0x00, 0x00, 0xE0, 0x00, 0x00, 0x00, 0xE0, 0x00, 0x00, 0x00, 0xE0, 0x00, 0x00,
    0x00, 0xE0, 0x00, 0x00, 0x00, 0xE0, 0x00, 0x00, 0x00, 0xE0, 0x00, 0x00, 0x00, 0xE0, 0x00, 0x00,
    0x00, 0xE0, 0x00, 0x00, 0x00, 0xE0, 0x00, 0x00, 0x00, 0xE0, 0x00, 0x00, 0x00, 0xE0, 0x00, 0x00,
    0x00, 0xE0, 0x00, 0x00, 0x00, 0xE0, 0x00, 0x00, 0x00, 0xE0, 0x00, 0x00, 0x01, 0x00, 0x00, 0x00,
    0xF4, 0x17, 0x00, 0x00, 0x00, 0x00, 0x00, 0x00, 0x00, 0xE0, 0x00, 0x00, 0x00, 0xE0, 0x00, 0x00,
    0x00, 0xE0, 0x00, 0x00, 0x00, 0xE0, 0x00, 0x00, 0x00, 0xE0, 0x00, 0x00, 0x00, 0xE0, 0x00, 0x00,
    0x00, 0xE0, 0x00, 0x00, 0x00, 0xE0, 0x00, 0x00, 0x00, 0xE0, 0x00, 0x00, 0x00, 0xE0, 0x00, 0x00,
    0x00, 0xE0, 0x00, 0x00, 0x00, 0xE0, 0x00, 0x00, 0x00, 0xE0, 0x00, 0x00, 0x00, 0xE0, 0x00, 0x00,
    0x00, 0xE0, 0x00, 0x00, 0x00, 0xE0, 0x00, 0x00, 0x00, 0xE0, 0x00, 0x00, 0x00, 0xE0, 0x00, 0x00,
    0x00, 0xE0, 0x00, 0x00, 0x00, 0xE0, 0x00, 0x00, 0x00, 0xE0, 0x00, 0x00, 0x00, 0xE0, 0x00, 0x00,
    0x00, 0xE0, 0x00, 0x00, 0x00, 0xE0, 0x00, 0x00, 0x00, 0x00, 0x00, 0x00, 0x00, 0x00, 0x00, 0x00,
    0x01, 0x00, 0x00, 0x00, 0x01, 0x00, 0x00, 0x00, 0x03, 0x00, 0x00, 0x00, 0x7C, 0x17, 0x00, 0x00,
    0x00, 0xE0, 0x00, 0x00, 0x00, 0xE0, 0x00, 0x00, 0x00, 0xE0, 0x00, 0x00, 0x00, 0xE0, 0x00, 0x00,
    0x00, 0xE0, 0x00, 0x00, 0x00, 0xE0, 0x00, 0x00, 0x00, 0xE0, 0x00, 0x00, 0x00, 0xE0, 0x00, 0x00,
    0x00, 0xE0, 0x00, 0x00, 0x00, 0xE0, 0x00, 0x00, 0x00, 0xE0, 0x00, 0x00, 0x00, 0xE0, 0x00, 0x00,
    0x00, 0xE0, 0x00, 0x00, 0x00, 0xE0, 0x00, 0x00, 0x00, 0xE0, 0x00, 0x00, 0x01, 0x00, 0x00, 0x00,
    0x44, 0x17, 0x00, 0x00, 0x00, 0x00, 0x00, 0x00, 0x00, 0xE0, 0x00, 0x00, 0x00, 0xE0, 0x00, 0x00,
    0x00, 0xE0, 0x00, 0x00, 0x00, 0xE0, 0x00, 0x00, 0x00, 0xE0, 0x00, 0x00, 0x00, 0xE0, 0x00, 0x00,
    0x00, 0xE0, 0x00, 0x00, 0x00, 0xE0, 0x00, 0x00, 0x00, 0xE0, 0x00, 0x00, 0x00, 0xE0, 0x00, 0x00,
    0x00, 0xE0, 0x00, 0x00, 0x00, 0xE0, 0x00, 0x00, 0x00, 0xE0, 0x00, 0x00, 0x00, 0xE0, 0x00, 0x00,
    0x00, 0xE0, 0x00, 0x00, 0x00, 0xE0, 0x00, 0x00, 0x00, 0xE0, 0x00, 0x00, 0x00, 0xE0, 0x00, 0x00,
    0x01, 0x00, 0x00, 0x00, 0xF4, 0x16, 0x00, 0x00, 0x00, 0x00, 0x00, 0x00, 0x00, 0xE0, 0x00, 0x00,
    0x00, 0xE0, 0x00, 0x00, 0x00, 0xE0, 0x00, 0x00, 0x00, 0x00, 0x00, 0x00, 0x00, 0x00, 0x00, 0x00,
    0x01, 0x00, 0x00, 0x00, 0x01, 0x00, 0x00, 0x00, 0x03, 0x00, 0x00, 0x00, 0xD0, 0x16, 0x00, 0x00,
    0x00, 0x00, 0x00, 0x00, 0x00, 0x00, 0x00, 0x00, 0x01, 0x00, 0x00, 0x00, 0x00, 0x00, 0x00, 0x00,
    0x05, 0x00, 0x00, 0x00, 0xC4, 0x16, 0x00, 0x00, 0x00, 0xE0, 0x00, 0x00, 0x00, 0xE0, 0x00, 0x00,
    0x00, 0xE0, 0x00, 0x00, 0x00, 0xE0, 0x00, 0x00, 0x00, 0xE0, 0x00, 0x00, 0x00, 0xE0, 0x00, 0x00,
    0x00, 0xE0, 0x00, 0x00, 0x00, 0xE0, 0x00, 0x00, 0x00, 0xE0, 0x00, 0x00, 0x00, 0xE0, 0x00, 0x00,
    0x00, 0xE0, 0x00, 0x00, 0x00, 0xE0, 0x00, 0x00, 0x00, 0xE0, 0x00, 0x00, 0x00, 0xE0, 0x00, 0x00,
    0x00, 0xE0, 0x00, 0x00, 0x01, 0x00, 0x00, 0x00, 0x94, 0x16, 0x00, 0x00, 0x00, 0x00, 0x00, 0x00,
    0x00, 0xE0, 0x00, 0x00, 0x00, 0xE0, 0x00, 0x00, 0x00, 0xE0, 0x00, 0x00, 0x00, 0xE0, 0x00, 0x00,
    0x00, 0xE0, 0x00, 0x00, 0x00, 0xE0, 0x00, 0x00, 0x00, 0xE0, 0x00, 0x00, 0x00, 0xE0, 0x00, 0x00,
    0x00, 0xE0, 0x00, 0x00, 0x00, 0xE0, 0x00, 0x00, 0x00, 0xE0, 0x00, 0x00, 0x00, 0xE0, 0x00, 0x00,
    0x00, 0xE0, 0x00, 0x00, 0x00, 0xE0, 0x00, 0x00, 0x00, 0xE0, 0x00, 0x00, 0x00, 0xE0, 0x00, 0x00,
    0x00, 0xE0, 0x00, 0x00, 0x00, 0xE0, 0x00, 0x00, 0x00, 0xE0, 0x00, 0x00, 0x00, 0xE0, 0x00, 0x00,
    0x00, 0xE0, 0x00, 0x00, 0x00, 0xE0, 0x00, 0x00, 0x00, 0xE0, 0x00, 0x00, 0x00, 0xE0, 0x00, 0x00,
    0x00, 0xE0, 0x00, 0x00, 0x00, 0xE0, 0x00, 0x00, 0x00, 0xE0, 0x00, 0x00, 0x00, 0xE0, 0x00, 0x00,
    0x00, 0xE0, 0x00, 0x00, 0x00, 0xE0, 0x00, 0x00, 0x00, 0xE0, 0x00, 0x00, 0x00, 0xE0, 0x00, 0x00,
    0x00, 0xE0, 0x00, 0x00, 0x00, 0xE0, 0x00, 0x00, 0x00, 0xE0, 0x00, 0x00, 0x00, 0xE0, 0x00, 0x00,
    0x00, 0x00, 0x00, 0x00, 0x00, 0x00, 0x00, 0x00, 0x01, 0x00, 0x00, 0x00, 0x01, 0x00, 0x00, 0x00,
    0x03, 0x00, 0x00, 0x00, 0xEC, 0x15, 0x00, 0x00, 0x00, 0xE0, 0x00, 0x00, 0x00, 0xE0, 0x00, 0x00,
    0x00, 0xE0, 0x00, 0x00, 0x00, 0xE0, 0x00, 0x00, 0x00, 0xE0, 0x00, 0x00, 0x00, 0xE0, 0x00, 0x00,
    0x00, 0xE0, 0x00, 0x00, 0x00, 0xE0, 0x00, 0x00, 0x00, 0xE0, 0x00, 0x00, 0x00, 0xE0, 0x00, 0x00,
    0x00, 0xE0, 0x00, 0x00, 0x00, 0xE0, 0x00, 0x00, 0x00, 0xE0, 0x00, 0x00, 0x00, 0xE0, 0x00, 0x00,
    0x00, 0xE0, 0x00, 0x00, 0x01, 0x00, 0x00, 0x00, 0xB4, 0x15, 0x00, 0x00, 0x00, 0x00, 0x00, 0x00,
    0x00, 0xE0, 0x00, 0x00, 0x00, 0xE0, 0x00, 0x00, 0x00, 0xE0, 0x00, 0x00, 0x00, 0xE0, 0x00, 0x00,
    0x00, 0xE0, 0x00, 0x00, 0x00, 0xE0, 0x00, 0x00, 0x00, 0xE0, 0x00, 0x00, 0x00, 0xE0, 0x00, 0x00,
    0x00, 0xE0, 0x00, 0x00, 0x00, 0xE0, 0x00, 0x00, 0x00, 0xE0, 0x00, 0x00, 0x00, 0xE0, 0x00, 0x00,
    0x00, 0xE0, 0x00, 0x00, 0x00, 0xE0, 0x00, 0x00, 0x00, 0xE0, 0x00, 0x00, 0x00, 0xE0, 0x00, 0x00,
    0x00, 0xE0, 0x00, 0x00, 0x00, 0xE0, 0x00, 0x00, 0x00, 0xE0, 0x00, 0x00, 0x00, 0xE0, 0x00, 0x00,
    0x00, 0xE0, 0x00, 0x00, 0x00, 0xE0, 0x00, 0x00, 0x00, 0xE0, 0x00, 0x00, 0x00, 0xE0, 0x00, 0x00,
    0x00, 0xE0, 0x00, 0x00, 0x00, 0xE0, 0x00, 0x00, 0x00, 0xE0, 0x00, 0x00, 0x00, 0xE0, 0x00, 0x00,
    0x00, 0xE0, 0x00, 0x00, 0x00, 0xE0, 0x00, 0x00, 0x00, 0xE0, 0x00, 0x00, 0x00, 0xE0, 0x00, 0x00,
    0x00, 0xE0, 0x00, 0x00, 0x00, 0xE0, 0x00, 0x00, 0x00, 0xE0, 0x00, 0x00, 0x00, 0xE0, 0x00, 0x00,
    0x00, 0xE0, 0x00, 0x00, 0x00, 0xE0, 0x00, 0x00, 0x00, 0xE0, 0x00, 0x00, 0x00, 0xE0, 0x00, 0x00,
    0x00, 0xE0, 0x00, 0x00, 0x00, 0xE0, 0x00, 0x00, 0x00, 0xE0, 0x00, 0x00, 0x00, 0xE0, 0x00, 0x00,
    0x00, 0xE0, 0x00, 0x00, 0x00, 0xE0, 0x00, 0x00, 0x00, 0xE0, 0x00, 0x00, 0x00, 0xE0, 0x00, 0x00,
    0x00, 0xE0, 0x00, 0x00, 0x00, 0xE0, 0x00, 0x00, 0x00, 0xE0, 0x00, 0x00, 0x00, 0xE0, 0x00, 0x00,
    0x00, 0xE0, 0x00, 0x00, 0x00, 0xE0, 0x00, 0x00, 0x00, 0xE0, 0x00, 0x00, 0x00, 0xE0, 0x00, 0x00,
    0x00, 0xE0, 0x00, 0x00, 0x00, 0x00, 0x00, 0x00, 0x00, 0x00, 0x00, 0x00, 0x01, 0x00, 0x00, 0x00,
    0x01, 0x00, 0x00, 0x00, 0x03, 0x00, 0x00, 0x00, 0xB8, 0x14, 0x00, 0x00, 0x00, 0xE0, 0x00, 0x00,
    0x00, 0xE0, 0x00, 0x00, 0x00, 0xE0, 0x00, 0x00, 0x00, 0xE0, 0x00, 0x00, 0x00, 0xE0, 0x00, 0x00,
    0x00, 0xE0, 0x00, 0x00, 0x00, 0xE0, 0x00, 0x00, 0x00, 0xE0, 0x00, 0x00, 0x00, 0xE0, 0x00, 0x00,
    0x00, 0xE0, 0x00, 0x00, 0x00, 0xE0, 0x00, 0x00, 0x00, 0xE0, 0x00, 0x00, 0x00, 0xE0, 0x00, 0x00,
    0x00, 0xE0, 0x00, 0x00, 0x00, 0xE0, 0x00, 0x00, 0x01, 0x00, 0x00, 0x00, 0x80, 0x14, 0x00, 0x00,
    0x00, 0x00, 0x00, 0x00, 0x00, 0xE0, 0x00, 0x00, 0x00, 0xE0, 0x00, 0x00, 0x00, 0xE0, 0x00, 0x00,
    0x00, 0xE0, 0x00, 0x00, 0x00, 0xE0, 0x00, 0x00, 0x00, 0xE0, 0x00, 0x00, 0x01, 0x00, 0x00, 0x00,
    0x60, 0x14, 0x00, 0x00, 0x00, 0x00, 0x00, 0x00, 0x00, 0xE0, 0x00, 0x00, 0x00, 0xE0, 0x00, 0x00,
    0x00, 0xE0, 0x00, 0x00, 0x00, 0xE0, 0x00, 0x00, 0x00, 0xE0, 0x00, 0x00, 0x00, 0xE0, 0x00, 0x00,
    0x00, 0xE0, 0x00, 0x00, 0x00, 0xE0, 0x00, 0x00, 0x00, 0xE0, 0x00, 0x00, 0x01, 0x00, 0x00, 0x00,
    0x34, 0x14, 0x00, 0x00, 0x00, 0x00, 0x00, 0x00, 0x00, 0xE0, 0x00, 0x00, 0x00, 0xE0, 0x00, 0x00,
    0x00, 0xE0, 0x00, 0x00, 0x00, 0xE0, 0x00, 0x00, 0x00, 0xE0, 0x00, 0x00, 0x00, 0xE0, 0x00, 0x00,
    0x00, 0xE0, 0x00, 0x00, 0x00, 0xE0, 0x00, 0x00, 0x00, 0xE0, 0x00, 0x00, 0x01, 0x00, 0x00, 0x00,
    0x08, 0x14, 0x00, 0x00, 0x00, 0x00, 0x00, 0x00, 0x00, 0xE0, 0x00, 0x00, 0x00, 0xE0, 0x00, 0x00,
    0x00, 0xE0, 0x00, 0x00, 0x00, 0x00, 0x00, 0x00, 0x00, 0x00, 0x00, 0x00, 0x01, 0x00, 0x00, 0x00,
    0x01, 0x00, 0x00, 0x00, 0x03, 0x00, 0x00, 0x00, 0xE4, 0x13, 0x00, 0x00, 0x00, 0x00, 0x00, 0x00,
    0x00, 0x00, 0x00, 0x00, 0x01, 0x00, 0x00, 0x00, 0x00, 0x00, 0x00, 0x00, 0x05, 0x00, 0x00, 0x00,
    0xD8, 0x13, 0x00, 0x00, 0x00, 0x00, 0x00, 0x00, 0x00, 0x00, 0x00, 0x00, 0x01, 0x00, 0x00, 0x00,
    0x00, 0x00, 0x00, 0x00, 0x05, 0x00, 0x00, 0x00, 0xD4, 0x13, 0x00, 0x00, 0x00, 0x00, 0x00, 0x00,
    0x00, 0x00, 0x00, 0x00, 0x01, 0x00, 0x00, 0x00, 0x00, 0x00, 0x00, 0x00, 0x05, 0x00, 0x00, 0x00,
    0xD0, 0x13, 0x00, 0x00, 0x00, 0xE0, 0x00, 0x00, 0x00, 0xE0, 0x00, 0x00, 0x00, 0xE0, 0x00, 0x00,
    0x00, 0xE0, 0x00, 0x00, 0x00, 0xE0, 0x00, 0x00, 0x00, 0xE0, 0x00, 0x00, 0x00, 0xE0, 0x00, 0x00,
    0x00, 0xE0, 0x00, 0x00, 0x00, 0xE0, 0x00, 0x00, 0x00, 0xE0, 0x00, 0x00, 0x00, 0xE0, 0x00, 0x00,
    0x00, 0xE0, 0x00, 0x00, 0x00, 0xE0, 0x00, 0x00, 0x00, 0xE0, 0x00, 0x00, 0x00, 0xE0, 0x00, 0x00,
    0x01, 0x00, 0x00, 0x00, 0xA0, 0x13, 0x00, 0x00, 0x00, 0x00, 0x00, 0x00, 0x00, 0xE0, 0x00, 0x00,
    0x00, 0xE0, 0x00, 0x00, 0x00, 0xE0, 0x00, 0x00, 0x00, 0xE0, 0x00, 0x00, 0x00, 0xE0, 0x00, 0x00,
    0x00, 0xE0, 0x00, 0x00, 0x00, 0xE0, 0x00, 0x00, 0x00, 0xE0, 0x00, 0x00, 0x00, 0xE0, 0x00, 0x00,
    0x00, 0xE0, 0x00, 0x00, 0x00, 0xE0, 0x00, 0x00, 0x00, 0xE0, 0x00, 0x00, 0x00, 0xE0, 0x00, 0x00,
    0x00, 0xE0, 0x00, 0x00, 0x00, 0xE0, 0x00, 0x00, 0x00, 0xE0, 0x00, 0x00, 0x00, 0xE0, 0x00, 0x00,
    0x00, 0xE0, 0x00, 0x00, 0x00, 0xE0, 0x00, 0x00, 0x00, 0xE0, 0x00, 0x00, 0x00, 0xE0, 0x00, 0x00,
    0x00, 0xE0, 0x00, 0x00, 0x00, 0xE0, 0x00, 0x00, 0x00, 0xE0, 0x00, 0x00, 0x00, 0xE0, 0x00, 0x00,
    0x00, 0xE0, 0x00, 0x00, 0x00, 0xE0, 0x00, 0x00, 0x00, 0xE0, 0x00, 0x00, 0x00, 0xE0, 0x00, 0x00,
    0x00, 0xE0, 0x00, 0x00, 0x00, 0xE0, 0x00, 0x00, 0x00, 0xE0, 0x00, 0x00, 0x00, 0xE0, 0x00, 0x00,
    0x00, 0xE0, 0x00, 0x00, 0x00, 0xE0, 0x00, 0x00, 0x00, 0xE0, 0x00, 0x00, 0x00, 0xE0, 0x00, 0x00,
    0x00, 0xE0, 0x00, 0x00, 0x00, 0xE0, 0x00, 0x00, 0x00, 0x00, 0x00, 0x00, 0x00, 0x00, 0x00, 0x00,
    0x01, 0x00, 0x00, 0x00, 0x01, 0x00, 0x00, 0x00, 0x03, 0x00, 0x00, 0x00, 0xEC, 0x12, 0x00, 0x00,
    0x00, 0xE0, 0x00, 0x00, 0x00, 0xE0, 0x00, 0x00, 0x00, 0xE0, 0x00, 0x00, 0x00, 0xE0, 0x00, 0x00,
    0x00, 0xE0, 0x00, 0x00, 0x00, 0xE0, 0x00, 0x00, 0x00, 0xE0, 0x00, 0x00, 0x00, 0xE0, 0x00, 0x00,
    0x00, 0xE0, 0x00, 0x00, 0x00, 0xE0, 0x00, 0x00, 0x00, 0xE0, 0x00, 0x00, 0x00, 0xE0, 0x00, 0x00,
    0x00, 0xE0, 0x00, 0x00, 0x00, 0xE0, 0x00, 0x00, 0x00, 0xE0, 0x00, 0x00, 0x01, 0x00, 0x00, 0x00,
    0xB4, 0x12, 0x00, 0x00, 0x00, 0x00, 0x00, 0x00, 0x00, 0xE0, 0x00, 0x00, 0x00, 0xE0, 0x00, 0x00,
    0x00, 0xE0, 0x00, 0x00, 0x00, 0xE0, 0x00, 0x00, 0x00, 0xE0, 0x00, 0x00, 0x00, 0xE0, 0x00, 0x00,
    0x00, 0xE0, 0x00, 0x00, 0x00, 0xE0, 0x00, 0x00, 0x00, 0xE0, 0x00, 0x00, 0x00, 0xE0, 0x00, 0x00,
    0x00, 0xE0, 0x00, 0x00, 0x00, 0xE0, 0x00, 0x00, 0x00, 0xE0, 0x00, 0x00, 0x00, 0xE0, 0x00, 0x00,
    0x00, 0xE0, 0x00, 0x00, 0x00, 0xE0, 0x00, 0x00, 0x00, 0xE0, 0x00, 0x00, 0x00, 0xE0, 0x00, 0x00,
    0x00, 0xE0, 0x00, 0x00, 0x00, 0xE0, 0x00, 0x00, 0x00, 0xE0, 0x00, 0x00, 0x00, 0xE0, 0x00, 0x00,
    0x00, 0xE0, 0x00, 0x00, 0x00, 0xE0, 0x00, 0x00, 0x00, 0xE0, 0x00, 0x00, 0x00, 0xE0, 0x00, 0x00,
    0x00, 0xE0, 0x00, 0x00, 0x00, 0xE0, 0x00, 0x00, 0x00, 0xE0, 0x00, 0x00, 0x00, 0xE0, 0x00, 0x00,
    0x00, 0xE0, 0x00, 0x00, 0x00, 0xE0, 0x00, 0x00, 0x00, 0xE0, 0x00, 0x00, 0x00, 0xE0, 0x00, 0x00,
    0x00, 0xE0, 0x00, 0x00, 0x00, 0xE0, 0x00, 0x00, 0x00, 0x00, 0x00, 0x00, 0x00, 0x00, 0x00, 0x00,
    0x01, 0x00, 0x00, 0x00, 0x01, 0x00, 0x00, 0x00, 0x03, 0x00, 0x00, 0x00, 0x0C, 0x12, 0x00, 0x00,
    0x00, 0xE0, 0x00, 0x00, 0x00, 0xE0, 0x00, 0x00, 0x00, 0xE0, 0x00, 0x00, 0x00, 0xE0, 0x00, 0x00,
    0x00, 0xE0, 0x00, 0x00, 0x00, 0xE0, 0x00, 0x00, 0x00, 0xE0, 0x00, 0x00, 0x00, 0xE0, 0x00, 0x00,
    0x00, 0xE0, 0x00, 0x00, 0x00, 0xE0, 0x00, 0x00, 0x00, 0xE0, 0x00, 0x00, 0x00, 0xE0, 0x00, 0x00,
    0x00, 0xE0, 0x00, 0x00, 0x00, 0xE0, 0x00, 0x00, 0x00, 0xE0, 0x00, 0x00, 0x01, 0x00, 0x00, 0x00,
    0xD4, 0x11, 0x00, 0x00, 0x00, 0x00, 0x00, 0x00, 0x00, 0xE0, 0x00, 0x00, 0x00, 0xE0, 0x00, 0x00,
    0x00, 0xE0, 0x00, 0x00, 0x00, 0xE0, 0x00, 0x00, 0x00, 0xE0, 0x00, 0x00, 0x00, 0xE0, 0x00, 0x00,
    0x00, 0xE0, 0x00, 0x00, 0x00, 0xE0, 0x00, 0x00, 0x00, 0xE0, 0x00, 0x00, 0x00, 0xE0, 0x00, 0x00,
    0x00, 0xE0, 0x00, 0x00, 0x00, 0xE0, 0x00, 0x00, 0x00, 0xE0, 0x00, 0x00, 0x00, 0xE0, 0x00, 0x00,
    0x00, 0xE0, 0x00, 0x00, 0x00, 0xE0, 0x00, 0x00, 0x00, 0xE0, 0x00, 0x00, 0x00, 0xE0, 0x00, 0x00,
    0x00, 0xE0, 0x00, 0x00, 0x00, 0xE0, 0x00, 0x00, 0x00, 0xE0, 0x00, 0x00, 0x00, 0xE0, 0x00, 0x00,
    0x00, 0xE0, 0x00, 0x00, 0x00, 0xE0, 0x00, 0x00, 0x00, 0xE0, 0x00, 0x00, 0x00, 0xE0, 0x00, 0x00,
    0x00, 0xE0, 0x00, 0x00, 0x00, 0xE0, 0x00, 0x00, 0x00, 0xE0, 0x00, 0x00, 0x00, 0xE0, 0x00, 0x00,
    0x00, 0xE0, 0x00, 0x00, 0x00, 0xE0, 0x00, 0x00, 0x00, 0xE0, 0x00, 0x00, 0x00, 0xE0, 0x00, 0x00,
    0x00, 0xE0, 0x00, 0x00, 0x00, 0xE0, 0x00, 0x00, 0x01, 0x00, 0x00, 0x00, 0x3C, 0x11, 0x00, 0x00,
    0x00, 0x00, 0x00, 0x00, 0x00, 0xE0, 0x00, 0x00, 0x00, 0xE0, 0x00, 0x00, 0x00, 0xE0, 0x00, 0x00,
    0x00, 0xE0, 0x00, 0x00, 0x00, 0xE0, 0x00, 0x00, 0x00, 0xE0, 0x00, 0x00, 0x00, 0xE0, 0x00, 0x00,
    0x00, 0xE0, 0x00, 0x00, 0x00, 0xE0, 0x00, 0x00, 0x01, 0x00, 0x00, 0x00, 0x10, 0x11, 0x00, 0x00,
    0x00, 0x00, 0x00, 0x00, 0x00, 0xE0, 0x00, 0x00, 0x00, 0xE0, 0x00, 0x00, 0x00, 0xE0, 0x00, 0x00,
    0x00, 0x00, 0x00, 0x00, 0x00, 0x00, 0x00, 0x00, 0x01, 0x00, 0x00, 0x00, 0x01, 0x00, 0x00, 0x00,
    0x03, 0x00, 0x00, 0x00, 0xEC, 0x10, 0x00, 0x00, 0x00, 0x00, 0x00, 0x00, 0x00, 0x00, 0x00, 0x00,
    0x01, 0x00, 0x00, 0x00, 0x00, 0x00, 0x00, 0x00, 0x05, 0x00, 0x00, 0x00, 0xE0, 0x10, 0x00, 0x00,
    0x00, 0x00, 0x00, 0x00, 0x00, 0x00, 0x00, 0x00, 0x01, 0x00, 0x00, 0x00, 0x00, 0x00, 0x00, 0x00,
    0x05, 0x00, 0x00, 0x00, 0xDC, 0x10, 0x00, 0x00, 0x00, 0xE0, 0x00, 0x00, 0x00, 0xE0, 0x00, 0x00,
    0x00, 0xE0, 0x00, 0x00, 0x00, 0xE0, 0x00, 0x00, 0x00, 0xE0, 0x00, 0x00, 0x00, 0xE0, 0x00, 0x00,
    0x00, 0xE0, 0x00, 0x00, 0x00, 0xE0, 0x00, 0x00, 0x00, 0xE0, 0x00, 0x00, 0x00, 0xE0, 0x00, 0x00,
    0x00, 0xE0, 0x00, 0x00, 0x00, 0xE0, 0x00, 0x00, 0x00, 0xE0, 0x00, 0x00, 0x00, 0xE0, 0x00, 0x00,
    0x00, 0xE0, 0x00, 0x00, 0x01, 0x00, 0x00, 0x00, 0xAC, 0x10, 0x00, 0x00, 0x00, 0x00, 0x00, 0x00,
    0x00, 0xE0, 0x00, 0x00, 0x00, 0xE0, 0x00, 0x00, 0x00, 0xE0, 0x00, 0x00, 0x00, 0xE0, 0x00, 0x00,
    0x00, 0xE0, 0x00, 0x00, 0x00, 0xE0, 0x00, 0x00, 0x00, 0xE0, 0x00, 0x00, 0x00, 0xE0, 0x00, 0x00,
    0x00, 0xE0, 0x00, 0x00, 0x00, 0xE0, 0x00, 0x00, 0x00, 0xE0, 0x00, 0x00, 0x00, 0xE0, 0x00, 0x00,
    0x00, 0xE0, 0x00, 0x00, 0x00, 0xE0, 0x00, 0x00, 0x00, 0xE0, 0x00, 0x00, 0x00, 0xE0, 0x00, 0x00,
    0x00, 0xE0, 0x00, 0x00, 0x00, 0xE0, 0x00, 0x00, 0x00, 0xE0, 0x00, 0x00, 0x00, 0xE0, 0x00, 0x00,
    0x00, 0xE0, 0x00, 0x00, 0x00, 0xE0, 0x00, 0x00, 0x00, 0xE0, 0x00, 0x00, 0x00, 0xE0, 0x00, 0x00,
    0x00, 0xE0, 0x00, 0x00, 0x00, 0xE0, 0x00, 0x00, 0x00, 0xE0, 0x00, 0x00, 0x00, 0xE0, 0x00, 0x00,
    0x00, 0xE0, 0x00, 0x00, 0x00, 0xE0, 0x00, 0x00, 0x00, 0xE0, 0x00, 0x00, 0x00, 0xE0, 0x00, 0x00,
    0x00, 0xE0, 0x00, 0x00, 0x00, 0xE0, 0x00, 0x00, 0x00, 0xE0, 0x00, 0x00, 0x00, 0xE0, 0x00, 0x00,
    0x00, 0xE0, 0x00, 0x00, 0x00, 0xE0, 0x00, 0x00, 0x00, 0xE0, 0x00, 0x00, 0x00, 0xE0, 0x00, 0x00,
    0x00, 0xE0, 0x00, 0x00, 0x00, 0xE0, 0x00, 0x00, 0x00, 0xE0, 0x00, 0x00, 0x00, 0xE0, 0x00, 0x00,
    0x00, 0xE0, 0x00, 0x00, 0x00, 0xE0, 0x00, 0x00, 0x00, 0xE0, 0x00, 0x00, 0x00, 0xE0, 0x00, 0x00,
    0x00, 0xE0, 0x00, 0x00, 0x00, 0xE0, 0x00, 0x00, 0x00, 0xE0, 0x00, 0x00, 0x00, 0xE0, 0x00, 0x00,
    0x00, 0xE0, 0x00, 0x00, 0x00, 0xE0, 0x00, 0x00, 0x00, 0xE0, 0x00, 0x00, 0x00, 0xE0, 0x00, 0x00,
    0x00, 0xE0, 0x00, 0x00, 0x00, 0xE0, 0x00, 0x00, 0x00, 0xE0, 0x00, 0x00, 0x00, 0xE0, 0x00, 0x00,
    0x00, 0xE0, 0x00, 0x00, 0x00, 0xE0, 0x00, 0x00, 0x00, 0xE0, 0x00, 0x00, 0x00, 0xE0, 0x00, 0x00,
    0x00, 0xE0, 0x00, 0x00, 0x00, 0xE0, 0x00, 0x00, 0x00, 0xE0, 0x00, 0x00, 0x00, 0xE0, 0x00, 0x00,
    0x00, 0xE0, 0x00, 0x00, 0x00, 0xE0, 0x00, 0x00, 0x00, 0xE0, 0x00, 0x00, 0x00, 0xE0, 0x00, 0x00,
    0x00, 0x00, 0x00, 0x00, 0x00, 0x00, 0x00, 0x00, 0x01, 0x00, 0x00, 0x00, 0x01, 0x00, 0x00, 0x00,
    0x03, 0x00, 0x00, 0x00, 0x74, 0x0F, 0x00, 0x00, 0x00, 0xE0, 0x00, 0x00, 0x00, 0xE0, 0x00, 0x00,
    0x00, 0xE0, 0x00, 0x00, 0x00, 0xE0, 0x00, 0x00, 0x00, 0xE0, 0x00, 0x00, 0x00, 0xE0, 0x00, 0x00,
    0x00, 0xE0, 0x00, 0x00, 0x00, 0xE0, 0x00, 0x00, 0x00, 0xE0, 0x00, 0x00, 0x00, 0xE0, 0x00, 0x00,
    0x00, 0xE0, 0x00, 0x00, 0x00, 0xE0, 0x00, 0x00, 0x00, 0xE0, 0x00, 0x00, 0x00, 0xE0, 0x00, 0x00,
    0x00, 0xE0, 0x00, 0x00, 0x01, 0x00, 0x00, 0x00, 0x3C, 0x0F, 0x00, 0x00, 0x00, 0x00, 0x00, 0x00,
    0x00, 0xE0, 0x00, 0x00, 0x00, 0xE0, 0x00, 0x00, 0x00, 0xE0, 0x00, 0x00, 0x00, 0xE0, 0x00, 0x00,
    0x00, 0xE0, 0x00, 0x00, 0x00, 0xE0, 0x00, 0x00, 0x00, 0xE0, 0x00, 0x00, 0x00, 0xE0, 0x00, 0x00,
    0x00, 0xE0, 0x00, 0x00, 0x00, 0x00, 0x00, 0x00, 0x00, 0x00, 0x00, 0x00, 0x01, 0x00, 0x00, 0x00,
    0x01, 0x00, 0x00, 0x00, 0x03, 0x00, 0x00, 0x00, 0x00, 0x0F, 0x00, 0x00, 0x00, 0xE0, 0x00, 0x00,
    0x00, 0xE0, 0x00, 0x00, 0x00, 0xE0, 0x00, 0x00, 0x00, 0xE0, 0x00, 0x00, 0x00, 0xE0, 0x00, 0x00,
    0x00, 0xE0, 0x00, 0x00, 0x00, 0xE0, 0x00, 0x00, 0x00, 0xE0, 0x00, 0x00, 0x00, 0xE0, 0x00, 0x00,
    0x00, 0xE0, 0x00, 0x00, 0x00, 0xE0, 0x00, 0x00, 0x00, 0xE0, 0x00, 0x00, 0x00, 0xE0, 0x00, 0x00,
    0x00, 0xE0, 0x00, 0x00, 0x00, 0xE0, 0x00, 0x00, 0x01, 0x00, 0x00, 0x00, 0xC8, 0x0E, 0x00, 0x00,
    0x00, 0x00, 0x00, 0x00, 0x00, 0xE0, 0x00, 0x00, 0x00, 0xE0, 0x00, 0x00, 0x00, 0xE0, 0x00, 0x00,
    0x00, 0xE0, 0x00, 0x00, 0x00, 0xE0, 0x00, 0x00, 0x00, 0xE0, 0x00, 0x00, 0x00, 0xE0, 0x00, 0x00,
    0x00, 0xE0, 0x00, 0x00, 0x00, 0xE0, 0x00, 0x00, 0x00, 0xE0, 0x00, 0x00, 0x00, 0xE0, 0x00, 0x00,
    0x00, 0xE0, 0x00, 0x00, 0x00, 0xE0, 0x00, 0x00, 0x00, 0xE0, 0x00, 0x00, 0x00, 0xE0, 0x00, 0x00,
    0x00, 0xE0, 0x00, 0x00, 0x00, 0xE0, 0x00, 0x00, 0x00, 0xE0, 0x00, 0x00, 0x00, 0xE0, 0x00, 0x00,
    0x00, 0xE0, 0x00, 0x00, 0x00, 0xE0, 0x00, 0x00, 0x00, 0xE0, 0x00, 0x00, 0x00, 0xE0, 0x00, 0x00,
    0x00, 0xE0, 0x00, 0x00, 0x00, 0xE0, 0x00, 0x00, 0x00, 0xE0, 0x00, 0x00, 0x00, 0xE0, 0x00, 0x00,
    0x00, 0xE0, 0x00, 0x00, 0x00, 0xE0, 0x00, 0x00, 0x00, 0xE0, 0x00, 0x00, 0x00, 0xE0, 0x00, 0x00,
    0x00, 0xE0, 0x00, 0x00, 0x00, 0xE0, 0x00, 0x00, 0x00, 0xE0, 0x00, 0x00, 0x00, 0xE0, 0x00, 0x00,
    0x00, 0xE0, 0x00, 0x00, 0x00, 0xE0, 0x00, 0x00, 0x00, 0xE0, 0x00, 0x00, 0x00, 0xE0, 0x00, 0x00,
    0x00, 0xE0, 0x00, 0x00, 0x00, 0xE0, 0x00, 0x00, 0x00, 0xE0, 0x00, 0x00, 0x00, 0xE0, 0x00, 0x00,
    0x00, 0xE0, 0x00, 0x00, 0x00, 0xE0, 0x00, 0x00, 0x00, 0xE0, 0x00, 0x00, 0x00, 0xE0, 0x00, 0x00,
    0x00, 0xE0, 0x00, 0x00, 0x00, 0xE0, 0x00, 0x00, 0x00, 0xE0, 0x00, 0x00, 0x00, 0xE0, 0x00, 0x00,
    0x00, 0xE0, 0x00, 0x00, 0x00, 0xE0, 0x00, 0x00, 0x00, 0xE0, 0x00, 0x00, 0x00, 0xE0, 0x00, 0x00,
    0x00, 0xE0, 0x00, 0x00, 0x00, 0xE0, 0x00, 0x00, 0x00, 0xE0, 0x00, 0x00, 0x00, 0xE0, 0x00, 0x00,
    0x00, 0xE0, 0x00, 0x00, 0x00, 0xE0, 0x00, 0x00, 0x00, 0xE0, 0x00, 0x00, 0x00, 0xE0, 0x00, 0x00,
    0x00, 0xE0, 0x00, 0x00, 0x00, 0xE0, 0x00, 0x00, 0x00, 0xE0, 0x00, 0x00, 0x01, 0x00, 0x00, 0x00,
    0xB8, 0x0D, 0x00, 0x00, 0x00, 0x00, 0x00, 0x00, 0x00, 0xE0, 0x00, 0x00, 0x00, 0xE0, 0x00, 0x00,
    0x00, 0xE0, 0x00, 0x00, 0x00, 0x00, 0x00, 0x00, 0x00, 0x00, 0x00, 0x00, 0x01, 0x00, 0x00, 0x00,
    0x01, 0x00, 0x00, 0x00, 0x03, 0x00, 0x00, 0x00, 0x94, 0x0D, 0x00, 0x00, 0x00, 0x00, 0x00, 0x00,
    0x00, 0x00, 0x00, 0x00, 0x01, 0x00, 0x00, 0x00, 0x00, 0x00, 0x00, 0x00, 0x05, 0x00, 0x00, 0x00,
    0x88, 0x0D, 0x00, 0x00, 0x00, 0xE0, 0x00, 0x00, 0x00, 0xE0, 0x00, 0x00, 0x00, 0xE0, 0x00, 0x00,
    0x00, 0xE0, 0x00, 0x00, 0x00, 0xE0, 0x00, 0x00, 0x00, 0xE0, 0x00, 0x00, 0x00, 0xE0, 0x00, 0x00,
    0x00, 0xE0, 0x00, 0x00, 0x00, 0xE0, 0x00, 0x00, 0x00, 0xE0, 0x00, 0x00, 0x00, 0xE0, 0x00, 0x00,
    0x00, 0xE0, 0x00, 0x00, 0x00, 0xE0, 0x00, 0x00, 0x00, 0xE0, 0x00, 0x00, 0x00, 0xE0, 0x00, 0x00,
    0x01, 0x00, 0x00, 0x00, 0x58, 0x0D, 0x00, 0x00, 0x00, 0x00, 0x00, 0x00, 0x00, 0xE0, 0x00, 0x00,
    0x00, 0xE0, 0x00, 0x00, 0x00, 0xE0, 0x00, 0x00, 0x00, 0xE0, 0x00, 0x00, 0x00, 0xE0, 0x00, 0x00,
    0x00, 0xE0, 0x00, 0x00, 0x01, 0x00, 0x00, 0x00, 0x38, 0x0D, 0x00, 0x00, 0x00, 0x00, 0x00, 0x00,
    0x00, 0xE0, 0x00, 0x00, 0x00, 0xE0, 0x00, 0x00, 0x00, 0xE0, 0x00, 0x00, 0x00, 0xE0, 0x00, 0x00,
    0x00, 0xE0, 0x00, 0x00, 0x00, 0xE0, 0x00, 0x00, 0x00, 0xE0, 0x00, 0x00, 0x00, 0xE0, 0x00, 0x00,
    0x00, 0xE0, 0x00, 0x00, 0x00, 0xE0, 0x00, 0x00, 0x00, 0xE0, 0x00, 0x00, 0x00, 0xE0, 0x00, 0x00,
    0x00, 0x00, 0x00, 0x00, 0x00, 0x00, 0x00, 0x00, 0x01, 0x00, 0x00, 0x00, 0x01, 0x00, 0x00, 0x00,
    0x03, 0x00, 0x00, 0x00, 0xF0, 0x0C, 0x00, 0x00, 0x00, 0x00, 0x00, 0x00, 0x00, 0x00, 0x00, 0x00,
    0x01, 0x00, 0x00, 0x00, 0x00, 0x00, 0x00, 0x00, 0x05, 0x00, 0x00, 0x00, 0xE4, 0x0C, 0x00, 0x00,
    0x00, 0xE0, 0x00, 0x00, 0x00, 0xE0, 0x00, 0x00, 0x00, 0xE0, 0x00, 0x00, 0x00, 0xE0, 0x00, 0x00,
    0x00, 0xE0, 0x00, 0x00, 0x00, 0xE0, 0x00, 0x00, 0x00, 0xE0, 0x00, 0x00, 0x00, 0xE0, 0x00, 0x00,
    0x00, 0xE0, 0x00, 0x00, 0x00, 0xE0, 0x00, 0x00, 0x00, 0xE0, 0x00, 0x00, 0x00, 0xE0, 0x00, 0x00,
    0x00, 0xE0, 0x00, 0x00, 0x00, 0xE0, 0x00, 0x00, 0x00, 0xE0, 0x00, 0x00, 0x01, 0x00, 0x00, 0x00,
    0xB4, 0x0C, 0x00, 0x00, 0x00, 0x00, 0x00, 0x00, 0x00, 0xE0, 0x00, 0x00, 0x00, 0xE0, 0x00, 0x00,
    0x00, 0xE0, 0x00, 0x00, 0x00, 0xE0, 0x00, 0x00, 0x00, 0xE0, 0x00, 0x00, 0x00, 0xE0, 0x00, 0x00,
    0x00, 0xE0, 0x00, 0x00, 0x00, 0xE0, 0x00, 0x00, 0x00, 0xE0, 0x00, 0x00, 0x00, 0xE0, 0x00, 0x00,
    0x00, 0xE0, 0x00, 0x00, 0x00, 0xE0, 0x00, 0x00, 0x00, 0xE0, 0x00, 0x00, 0x00, 0xE0, 0x00, 0x00,
    0x00, 0xE0, 0x00, 0x00, 0x00, 0xE0, 0x00, 0x00, 0x00, 0xE0, 0x00, 0x00, 0x00, 0xE0, 0x00, 0x00,
    0x00, 0xE0, 0x00, 0x00, 0x00, 0xE0, 0x00, 0x00, 0x00, 0xE0, 0x00, 0x00, 0x00, 0xE0, 0x00, 0x00,
    0x00, 0xE0, 0x00, 0x00, 0x00, 0xE0, 0x00, 0x00, 0x00, 0xE0, 0x00, 0x00, 0x00, 0xE0, 0x00, 0x00,
    0x00, 0xE0, 0x00, 0x00, 0x00, 0x00, 0x00, 0x00, 0x00, 0x00, 0x00, 0x00, 0x01, 0x00, 0x00, 0x00,
    0x01, 0x00, 0x00, 0x00, 0x03, 0x00, 0x00, 0x00, 0x30, 0x0C, 0x00, 0x00, 0x00, 0xE0, 0x00, 0x00,
    0x00, 0xE0, 0x00, 0x00, 0x00, 0xE0, 0x00, 0x00, 0x00, 0xE0, 0x00, 0x00, 0x00, 0xE0, 0x00, 0x00,
    0x00, 0xE0, 0x00, 0x00, 0x00, 0xE0, 0x00, 0x00, 0x00, 0xE0, 0x00, 0x00, 0x00, 0xE0, 0x00, 0x00,
    0x00, 0xE0, 0x00, 0x00, 0x00, 0xE0, 0x00, 0x00, 0x00, 0xE0, 0x00, 0x00, 0x00, 0xE0, 0x00, 0x00,
    0x00, 0xE0, 0x00, 0x00, 0x00, 0xE0, 0x00, 0x00, 0x00, 0xE0, 0x00, 0x00, 0x00, 0xE0, 0x00, 0x00,
    0x00, 0xE0, 0x00, 0x00, 0x00, 0xE0, 0x00, 0x00, 0x00, 0xE0, 0x00, 0x00, 0x00, 0xE0, 0x00, 0x00,
    0x00, 0xE0, 0x00, 0x00, 0x00, 0xE0, 0x00, 0x00, 0x00, 0xE0, 0x00, 0x00, 0x00, 0xE0, 0x00, 0x00,
    0x00, 0xE0, 0x00, 0x00, 0x00, 0xE0, 0x00, 0x00, 0x01, 0x00, 0x00, 0x00, 0xC8, 0x0B, 0x00, 0x00,
    0x00, 0x00, 0x00, 0x00, 0x00, 0xE0, 0x00, 0x00, 0x00, 0xE0, 0x00, 0x00, 0x00, 0xE0, 0x00, 0x00,
    0x00, 0xE0, 0x00, 0x00, 0x00, 0xE0, 0x00, 0x00, 0x00, 0xE0, 0x00, 0x00, 0x00, 0xE0, 0x00, 0x00,
    0x00, 0xE0, 0x00, 0x00, 0x00, 0xE0, 0x00, 0x00, 0x01, 0x00, 0x00, 0x00, 0x9C, 0x0B, 0x00, 0x00,
    0x00, 0x00, 0x00, 0x00, 0x00, 0xE0, 0x00, 0x00, 0x00, 0xE0, 0x00, 0x00, 0x00, 0xE0, 0x00, 0x00,
    0x00, 0xE0, 0x00, 0x00, 0x00, 0xE0, 0x00, 0x00, 0x00, 0xE0, 0x00, 0x00, 0x01, 0x00, 0x00, 0x00,
    0x7C, 0x0B, 0x00, 0x00, 0x00, 0x00, 0x00, 0x00, 0x00, 0x00, 0x00, 0x00, 0x00, 0x00, 0x00, 0x00,
    0x01, 0x00, 0x00, 0x00, 0x01, 0x00, 0x00, 0x00, 0x03, 0x00, 0x00, 0x00, 0x64, 0x0B, 0x00, 0x00,
    0x00, 0x00, 0x00, 0x00, 0x00, 0x00, 0x00, 0x00, 0x01, 0x00, 0x00, 0x00, 0x00, 0x00, 0x00, 0x00,
    0x05, 0x00, 0x00, 0x00, 0x58, 0x0B, 0x00, 0x00, 0x00, 0x00, 0x00, 0x00, 0x00, 0x00, 0x00, 0x00,
    0x01, 0x00, 0x00, 0x00, 0x00, 0x00, 0x00, 0x00, 0x05, 0x00, 0x00, 0x00, 0x54, 0x0B, 0x00, 0x00,
    0x00, 0xE0, 0x00, 0x00, 0x00, 0xE0, 0x00, 0x00, 0x00, 0xE0, 0x00, 0x00, 0x00, 0xE0, 0x00, 0x00,
    0x00, 0xE0, 0x00, 0x00, 0x00, 0xE0, 0x00, 0x00, 0x00, 0xE0, 0x00, 0x00, 0x00, 0xE0, 0x00, 0x00,
    0x00, 0xE0, 0x00, 0x00, 0x00, 0xE0, 0x00, 0x00, 0x00, 0xE0, 0x00, 0x00, 0x00, 0xE0, 0x00, 0x00,
    0x00, 0xE0, 0x00, 0x00, 0x00, 0xE0, 0x00, 0x00, 0x00, 0xE0, 0x00, 0x00, 0x01, 0x00, 0x00, 0x00,
    0x24, 0x0B, 0x00, 0x00, 0x00, 0x00, 0x00, 0x00, 0x00, 0xE0, 0x00, 0x00, 0x00, 0xE0, 0x00, 0x00,
    0x00, 0xE0, 0x00, 0x00, 0x00, 0xE0, 0x00, 0x00, 0x00, 0xE0, 0x00, 0x00, 0x00, 0xE0, 0x00, 0x00,
    0x00, 0xE0, 0x00, 0x00, 0x00, 0xE0, 0x00, 0x00, 0x00, 0xE0, 0x00, 0x00, 0x00, 0xE0, 0x00, 0x00,
    0x00, 0xE0, 0x00, 0x00, 0x00, 0xE0, 0x00, 0x00, 0x00, 0xE0, 0x00, 0x00, 0x00, 0xE0, 0x00, 0x00,
    0x00, 0xE0, 0x00, 0x00, 0x01, 0x00, 0x00, 0x00, 0xE0, 0x0A, 0x00, 0x00, 0x00, 0x00, 0x00, 0x00,
    0x00, 0xE0, 0x00, 0x00, 0x00, 0xE0, 0x00, 0x00, 0x00, 0xE0, 0x00, 0x00, 0x00, 0xE0, 0x00, 0x00,
    0x00, 0xE0, 0x00, 0x00, 0x00, 0xE0, 0x00, 0x00, 0x00, 0xE0, 0x00, 0x00, 0x00, 0xE0, 0x00, 0x00,
    0x00, 0xE0, 0x00, 0x00, 0x01, 0x00, 0x00, 0x00, 0xB4, 0x0A, 0x00, 0x00, 0x00, 0x00, 0x00, 0x00,
    0x00, 0xE0, 0x00, 0x00, 0x00, 0xE0, 0x00, 0x00, 0x00, 0xE0, 0x00, 0x00, 0x00, 0xE0, 0x00, 0x00,
    0x00, 0xE0, 0x00, 0x00, 0x00, 0xE0, 0x00, 0x00, 0x00, 0xE0, 0x00, 0x00, 0x00, 0xE0, 0x00, 0x00,
    0x00, 0xE0, 0x00, 0x00, 0x00, 0xE0, 0x00, 0x00, 0x00, 0xE0, 0x00, 0x00, 0x00, 0xE0, 0x00, 0x00,
    0x00, 0xE0, 0x00, 0x00, 0x00, 0xE0, 0x00, 0x00, 0x00, 0xE0, 0x00, 0x00, 0x00, 0x00, 0x00, 0x00,
    0x00, 0x00, 0x00, 0x00, 0x01, 0x00, 0x00, 0x00, 0x01, 0x00, 0x00, 0x00, 0x03, 0x00, 0x00, 0x00,
    0x60, 0x0A, 0x00, 0x00, 0x00, 0x00, 0x00, 0x00, 0x00, 0x00, 0x00, 0x00, 0x01, 0x00, 0x00, 0x00,
    0x00, 0x00, 0x00, 0x00, 0x05, 0x00, 0x00, 0x00, 0x54, 0x0A, 0x00, 0x00, 0x00, 0x00, 0x00, 0x00,
    0x00, 0x00, 0x00, 0x00, 0x01, 0x00, 0x00, 0x00, 0x00, 0x00, 0x00, 0x00, 0x05, 0x00, 0x00, 0x00,
    0x50, 0x0A, 0x00, 0x00, 0x00, 0xE0, 0x00, 0x00, 0x00, 0xE0, 0x00, 0x00, 0x00, 0xE0, 0x00, 0x00,
    0x00, 0xE0, 0x00, 0x00, 0x00, 0xE0, 0x00, 0x00, 0x00, 0xE0, 0x00, 0x00, 0x00, 0xE0, 0x00, 0x00,
    0x00, 0xE0, 0x00, 0x00, 0x00, 0xE0, 0x00, 0x00, 0x00, 0xE0, 0x00, 0x00, 0x00, 0xE0, 0x00, 0x00,
    0x00, 0xE0, 0x00, 0x00, 0x00, 0xE0, 0x00, 0x00, 0x00, 0xE0, 0x00, 0x00, 0x00, 0xE0, 0x00, 0x00,
    0x01, 0x00, 0x00, 0x00, 0x20, 0x0A, 0x00, 0x00, 0x00, 0x00, 0x00, 0x00, 0x00, 0xE0, 0x00, 0x00,
    0x00, 0xE0, 0x00, 0x00, 0x00, 0xE0, 0x00, 0x00, 0x01, 0x00, 0x00, 0x00, 0x0C, 0x0A, 0x00, 0x00,
    0x00, 0x00, 0x00, 0x00, 0x00, 0xE0, 0x00, 0x00, 0x00, 0xE0, 0x00, 0x00, 0x00, 0xE0, 0x00, 0x00,
    0x00, 0x00, 0x00, 0x00, 0x00, 0x00, 0x00, 0x00, 0x01, 0x00, 0x00, 0x00, 0x00, 0x00, 0x00, 0x00,
    0x05, 0x00, 0x00, 0x00, 0xE8, 0x09, 0x00, 0x00, 0x00, 0x00, 0x00, 0x00, 0x00, 0x00, 0x00, 0x00,
    0x01, 0x00, 0x00, 0x00, 0x01, 0x00, 0x00, 0x00, 0x03, 0x00, 0x00, 0x00, 0xE4, 0x09, 0x00, 0x00,
    0x00, 0xE0, 0x00, 0x00, 0x00, 0xE0, 0x00, 0x00, 0x00, 0xE0, 0x00, 0x00, 0x00, 0xE0, 0x00, 0x00,
    0x00, 0xE0, 0x00, 0x00, 0x00, 0xE0, 0x00, 0x00, 0x00, 0xE0, 0x00, 0x00, 0x00, 0xE0, 0x00, 0x00,
    0x00, 0xE0, 0x00, 0x00, 0x00, 0xE0, 0x00, 0x00, 0x00, 0xE0, 0x00, 0x00, 0x00, 0xE0, 0x00, 0x00,
    0x00, 0xE0, 0x00, 0x00, 0x00, 0xE0, 0x00, 0x00, 0x00, 0xE0, 0x00, 0x00, 0x00, 0xE0, 0x00, 0x00,
    0x00, 0xE0, 0x00, 0x00, 0x00, 0xE0, 0x00, 0x00, 0x00, 0xE0, 0x00, 0x00, 0x00, 0xE0, 0x00, 0x00,
    0x00, 0xE0, 0x00, 0x00, 0x00, 0xE0, 0x00, 0x00, 0x00, 0xE0, 0x00, 0x00, 0x00, 0xE0, 0x00, 0x00,
    0x01, 0x00, 0x00, 0x00, 0x88, 0x09, 0x00, 0x00, 0x00, 0x00, 0x00, 0x00, 0x00, 0x00, 0x00, 0x00,
    0x00, 0x00, 0x00, 0x00, 0x01, 0x00, 0x00, 0x00, 0x01, 0x00, 0x00, 0x00, 0x03, 0x00, 0x00, 0x00,
    0x70, 0x09, 0x00, 0x00, 0x00, 0xE0, 0x00, 0x00, 0x00, 0xE0, 0x00, 0x00, 0x00, 0xE0, 0x00, 0x00,
    0x00, 0xE0, 0x00, 0x00, 0x00, 0xE0, 0x00, 0x00, 0x00, 0xE0, 0x00, 0x00, 0x00, 0xE0, 0x00, 0x00,
    0x00, 0xE0, 0x00, 0x00, 0x00, 0xE0, 0x00, 0x00, 0x00, 0xE0, 0x00, 0x00, 0x00, 0xE0, 0x00, 0x00,
    0x00, 0xE0, 0x00, 0x00, 0x00, 0xE0, 0x00, 0x00, 0x00, 0xE0, 0x00, 0x00, 0x00, 0xE0, 0x00, 0x00,
    0x00, 0xE0, 0x00, 0x00, 0x00, 0xE0, 0x00, 0x00, 0x00, 0xE0, 0x00, 0x00, 0x00, 0xE0, 0x00, 0x00,
    0x00, 0xE0, 0x00, 0x00, 0x00, 0xE0, 0x00, 0x00, 0x00, 0xE0, 0x00, 0x00, 0x00, 0xE0, 0x00, 0x00,
    0x00, 0xE0, 0x00, 0x00, 0x00, 0xE0, 0x00, 0x00, 0x00, 0xE0, 0x00, 0x00, 0x00, 0xE0, 0x00, 0x00,
    0x00, 0xE0, 0x00, 0x00, 0x00, 0xE0, 0x00, 0x00, 0x00, 0xE0, 0x00, 0x00, 0x00, 0xE0, 0x00, 0x00,
    0x00, 0xE0, 0x00, 0x00, 0x00, 0xE0, 0x00, 0x00, 0x00, 0xE0, 0x00, 0x00, 0x00, 0xE0, 0x00, 0x00,
    0x00, 0xE0, 0x00, 0x00, 0x00, 0xE0, 0x00, 0x00, 0x00, 0xE0, 0x00, 0x00, 0x00, 0xE0, 0x00, 0x00,
    0x00, 0xE0, 0x00, 0x00, 0x00, 0xE0, 0x00, 0x00, 0x00, 0xE0, 0x00, 0x00, 0x00, 0xE0, 0x00, 0x00,
    0x00, 0xE0, 0x00, 0x00, 0x00, 0xE0, 0x00, 0x00, 0x00, 0xE0, 0x00, 0x00, 0x00, 0xE0, 0x00, 0x00,
    0x00, 0xE0, 0x00, 0x00, 0x00, 0xE0, 0x00, 0x00, 0x00, 0xE0, 0x00, 0x00, 0x00, 0xE0, 0x00, 0x00,
    0x00, 0xE0, 0x00, 0x00, 0x00, 0xE0, 0x00, 0x00, 0x00, 0xE0, 0x00, 0x00, 0x00, 0xE0, 0x00, 0x00,
    0x00, 0xE0, 0x00, 0x00, 0x00, 0xE0, 0x00, 0x00, 0x00, 0xE0, 0x00, 0x00, 0x00, 0xE0, 0x00, 0x00,
    0x00, 0xE0, 0x00, 0x00, 0x00, 0xE0, 0x00, 0x00, 0x00, 0xE0, 0x00, 0x00, 0x00, 0xE0, 0x00, 0x00,
    0x00, 0xE0, 0x00, 0x00, 0x00, 0xE0, 0x00, 0x00, 0x00, 0xE0, 0x00, 0x00, 0x00, 0xE0, 0x00, 0x00,
    0x00, 0xE0, 0x00, 0x00, 0x00, 0xE0, 0x00, 0x00, 0x01, 0x00, 0x00, 0x00, 0x60, 0x08, 0x00, 0x00,
    0x00, 0x00, 0x00, 0x00, 0x00, 0xE0, 0x00, 0x00, 0x00, 0xE0, 0x00, 0x00, 0x00, 0xE0, 0x00, 0x00,
    0x00, 0xE0, 0x00, 0x00, 0x00, 0xE0, 0x00, 0x00, 0x00, 0xE0, 0x00, 0x00, 0x00, 0xE0, 0x00, 0x00,
    0x00, 0xE0, 0x00, 0x00, 0x00, 0xE0, 0x00, 0x00, 0x01, 0x00, 0x00, 0x00, 0x34, 0x08, 0x00, 0x00,
    0x00, 0x00, 0x00, 0x00, 0x00, 0xE0, 0x00, 0x00, 0x00, 0xE0, 0x00, 0x00, 0x00, 0xE0, 0x00, 0x00,
    0x00, 0xE0, 0x00, 0x00, 0x00, 0xE0, 0x00, 0x00, 0x00, 0xE0, 0x00, 0x00, 0x00, 0xE0, 0x00, 0x00,
    0x00, 0xE0, 0x00, 0x00, 0x00, 0xE0, 0x00, 0x00, 0x01, 0x00, 0x00, 0x00, 0x08, 0x08, 0x00, 0x00,
    0x00, 0x00, 0x00, 0x00, 0x00, 0xE0, 0x00, 0x00, 0x00, 0xE0, 0x00, 0x00, 0x00, 0xE0, 0x00, 0x00,
    0x00, 0xE0, 0x00, 0x00, 0x00, 0xE0, 0x00, 0x00, 0x00, 0xE0, 0x00, 0x00, 0x01, 0x00, 0x00, 0x00,
    0xE8, 0x07, 0x00, 0x00, 0x00, 0x00, 0x00, 0x00, 0x00, 0x00, 0x00, 0x00, 0x00, 0x00, 0x00, 0x00,
    0x01, 0x00, 0x00, 0x00, 0x00, 0x00, 0x00, 0x00, 0x05, 0x00, 0x00, 0x00, 0xD0, 0x07, 0x00, 0x00,
    0x00, 0x00, 0x00, 0x00, 0x00, 0x00, 0x00, 0x00, 0x01, 0x00, 0x00, 0x00, 0x00, 0x00, 0x00, 0x00,
    0x05, 0x00, 0x00, 0x00, 0xCC, 0x07, 0x00, 0x00, 0x00, 0x00, 0x00, 0x00, 0x00, 0x00, 0x00, 0x00,
    0x01, 0x00, 0x00, 0x00, 0x01, 0x00, 0x00, 0x00, 0x03, 0x00, 0x00, 0x00, 0xC8, 0x07, 0x00, 0x00,
    0x00, 0x00, 0x00, 0x00, 0x00, 0x00, 0x00, 0x00, 0x01, 0x00, 0x00, 0x00, 0x00, 0x00, 0x00, 0x00,
    0x05, 0x00, 0x00, 0x00, 0xBC, 0x07, 0x00, 0x00, 0x00, 0xE0, 0x00, 0x00, 0x00, 0xE0, 0x00, 0x00,
    0x00, 0xE0, 0x00, 0x00, 0x00, 0xE0, 0x00, 0x00, 0x00, 0xE0, 0x00, 0x00, 0x00, 0xE0, 0x00, 0x00,
    0x00, 0xE0, 0x00, 0x00, 0x00, 0xE0, 0x00, 0x00, 0x00, 0xE0, 0x00, 0x00, 0x00, 0xE0, 0x00, 0x00,
    0x00, 0xE0, 0x00, 0x00, 0x00, 0xE0, 0x00, 0x00, 0x01, 0x00, 0x00, 0x00, 0x98, 0x07, 0x00, 0x00,
    0x00, 0x00, 0x00, 0x00, 0x00, 0xE0, 0x00, 0x00, 0x00, 0xE0, 0x00, 0x00, 0x00, 0xE0, 0x00, 0x00,
    0x00, 0xE0, 0x00, 0x00, 0x00, 0xE0, 0x00, 0x00, 0x00, 0xE0, 0x00, 0x00, 0x00, 0xE0, 0x00, 0x00,
    0x00, 0xE0, 0x00, 0x00, 0x00, 0xE0, 0x00, 0x00, 0x00, 0xE0, 0x00, 0x00, 0x00, 0xE0, 0x00, 0x00,
    0x00, 0xE0, 0x00, 0x00, 0x00, 0xE0, 0x00, 0x00, 0x00, 0xE0, 0x00, 0x00, 0x00, 0xE0, 0x00, 0x00,
    0x00, 0xE0, 0x00, 0x00, 0x00, 0xE0, 0x00, 0x00, 0x00, 0xE0, 0x00, 0x00, 0x00, 0xE0, 0x00, 0x00,
    0x00, 0xE0, 0x00, 0x00, 0x00, 0xE0, 0x00, 0x00, 0x00, 0xE0, 0x00, 0x00, 0x00, 0xE0, 0x00, 0x00,
    0x00, 0xE0, 0x00, 0x00, 0x00, 0x00, 0x00, 0x00, 0x00, 0x00, 0x00, 0x00, 0x01, 0x00, 0x00, 0x00,
    0x01, 0x00, 0x00, 0x00, 0x03, 0x00, 0x00, 0x00, 0x20, 0x07, 0x00, 0x00, 0x28, 0x07, 0x00, 0x00,
    0x28, 0x07, 0x00, 0x00, 0x28, 0x07, 0x00, 0x00, 0x28, 0x07, 0x00, 0x00, 0x28, 0x07, 0x00, 0x00,
    0x28, 0x07, 0x00, 0x00, 0x28, 0x07, 0x00, 0x00, 0x28, 0x07, 0x00, 0x00, 0x28, 0x07, 0x00, 0x00,
    0x28, 0x07, 0x00, 0x00, 0x28, 0x07, 0x00, 0x00, 0x28, 0x07, 0x00, 0x00, 0x28, 0x07, 0x00, 0x00,
    0x28, 0x07, 0x00, 0x00, 0x28, 0x07, 0x00, 0x00, 0x28, 0x07, 0x00, 0x00, 0x28, 0x07, 0x00, 0x00,
    0x28, 0x07, 0x00, 0x00, 0x28, 0x07, 0x00, 0x00, 0x28, 0x07, 0x00, 0x00, 0x28, 0x07, 0x00, 0x00,
    0x28, 0x07, 0x00, 0x00, 0x28, 0x07, 0x00, 0x00, 0x28, 0x07, 0x00, 0x00, 0x28, 0x07, 0x00, 0x00,
    0x28, 0x07, 0x00, 0x00, 0x28, 0x07, 0x00, 0x00, 0x28, 0x07, 0x00, 0x00, 0x28, 0x07, 0x00, 0x00,
    0x28, 0x07, 0x00, 0x00, 0x28, 0x07, 0x00, 0x00, 0x28, 0x07, 0x00, 0x00, 0x28, 0x07, 0x00, 0x00,
    0x28, 0x07, 0x00, 0x00, 0x28, 0x07, 0x00, 0x00, 0x28, 0x07, 0x00, 0x00, 0x28, 0x07, 0x00, 0x00,
    0x28, 0x07, 0x00, 0x00, 0x28, 0x07, 0x00, 0x00, 0x28, 0x07, 0x00, 0x00, 0x28, 0x07, 0x00, 0x00,
    0x28, 0x07, 0x00, 0x00, 0x28, 0x07, 0x00, 0x00, 0x28, 0x07, 0x00, 0x00, 0x28, 0x07, 0x00, 0x00,
    0x28, 0x07, 0x00, 0x00, 0x28, 0x07, 0x00, 0x00, 0x28, 0x07, 0x00, 0x00, 0x28, 0x07, 0x00, 0x00,
    0x28, 0x07, 0x00, 0x00, 0x28, 0x07, 0x00, 0x00, 0x28, 0x07, 0x00, 0x00, 0x28, 0x07, 0x00, 0x00,
    0x28, 0x07, 0x00, 0x00, 0x28, 0x07, 0x00, 0x00, 0x28, 0x07, 0x00, 0x00, 0x28, 0x07, 0x00, 0x00,
    0x28, 0x07, 0x00, 0x00, 0x28, 0x07, 0x00, 0x00, 0x28, 0x07, 0x00, 0x00, 0x28, 0x07, 0x00, 0x00,
    0x28, 0x07, 0x00, 0x00, 0x28, 0x07, 0x00, 0x00, 0x28, 0x07, 0x00, 0x00, 0x28, 0x07, 0x00, 0x00,
    0x28, 0x07, 0x00, 0x00, 0x28, 0x07, 0x00, 0x00, 0x28, 0x07, 0x00, 0x00, 0x28, 0x07, 0x00, 0x00,
    0x28, 0x07, 0x00, 0x00, 0x28, 0x07, 0x00, 0x00, 0x28, 0x07, 0x00, 0x00, 0x28, 0x07, 0x00, 0x00,
    0x28, 0x07, 0x00, 0x00, 0x28, 0x07, 0x00, 0x00, 0x28, 0x07, 0x00, 0x00, 0x28, 0x07, 0x00, 0x00,
    0x28, 0x07, 0x00, 0x00, 0x28, 0x07, 0x00, 0x00, 0x28, 0x07, 0x00, 0x00, 0x28, 0x07, 0x00, 0x00,
    0x28, 0x07, 0x00, 0x00, 0x28, 0x07, 0x00, 0x00, 0x28, 0x07, 0x00, 0x00, 0x28, 0x07, 0x00, 0x00,
    0x28, 0x07, 0x00, 0x00, 0x28, 0x07, 0x00, 0x00, 0x28, 0x07, 0x00, 0x00, 0x28, 0x07, 0x00, 0x00,
    0x28, 0x07, 0x00, 0x00, 0x28, 0x07, 0x00, 0x00, 0x28, 0x07, 0x00, 0x00, 0x28, 0x07, 0x00, 0x00,
    0x28, 0x07, 0x00, 0x00, 0x28, 0x07, 0x00, 0x00, 0x28, 0x07, 0x00, 0x00, 0x28, 0x07, 0x00, 0x00,
    0x28, 0x07, 0x00, 0x00, 0x28, 0x07, 0x00, 0x00, 0x28, 0x07, 0x00, 0x00, 0x28, 0x07, 0x00, 0x00,
    0x28, 0x07, 0x00, 0x00, 0x28, 0x07, 0x00, 0x00, 0x28, 0x07, 0x00, 0x00, 0x28, 0x07, 0x00, 0x00,
    0x28, 0x07, 0x00, 0x00, 0x28, 0x07, 0x00, 0x00, 0x28, 0x07, 0x00, 0x00, 0x28, 0x07, 0x00, 0x00,
    0x28, 0x07, 0x00, 0x00, 0x28, 0x07, 0x00, 0x00, 0x28, 0x07, 0x00, 0x00, 0x28, 0x07, 0x00, 0x00,
    0x28, 0x07, 0x00, 0x00, 0x28, 0x07, 0x00, 0x00, 0x28, 0x07, 0x00, 0x00, 0x28, 0x07, 0x00, 0x00,
    0x28, 0x07, 0x00, 0x00, 0x28, 0x07, 0x00, 0x00, 0x28, 0x07, 0x00, 0x00, 0x28, 0x07, 0x00, 0x00,
    0x28, 0x07, 0x00, 0x00, 0x28, 0x07, 0x00, 0x00, 0x28, 0x07, 0x00, 0x00, 0x28, 0x07, 0x00, 0x00,
    0x28, 0x07, 0x00, 0x00, 0x28, 0x07, 0x00, 0x00, 0x28, 0x07, 0x00, 0x00, 0x28, 0x07, 0x00, 0x00,
    0x28, 0x07, 0x00, 0x00, 0x28, 0x07, 0x00, 0x00, 0x28, 0x07, 0x00, 0x00, 0x28, 0x07, 0x00, 0x00,
    0x28, 0x07, 0x00, 0x00, 0x28, 0x07, 0x00, 0x00, 0x28, 0x07, 0x00, 0x00, 0x28, 0x07, 0x00, 0x00,
    0x28, 0x07, 0x00, 0x00, 0x28, 0x07, 0x00, 0x00, 0x28, 0x07, 0x00, 0x00, 0x28, 0x07, 0x00, 0x00,
    0x28, 0x07, 0x00, 0x00, 0x28, 0x07, 0x00, 0x00, 0x28, 0x07, 0x00, 0x00, 0x28, 0x07, 0x00, 0x00,
    0x28, 0x07, 0x00, 0x00, 0x28, 0x07, 0x00, 0x00, 0x28, 0x07, 0x00, 0x00, 0x28, 0x07, 0x00, 0x00,
    0x28, 0x07, 0x00, 0x00, 0x28, 0x07, 0x00, 0x00, 0x28, 0x07, 0x00, 0x00, 0x28, 0x07, 0x00, 0x00,
    0x28, 0x07, 0x00, 0x00, 0x28, 0x07, 0x00, 0x00, 0x28, 0x07, 0x00, 0x00, 0x28, 0x07, 0x00, 0x00,
    0x28, 0x07, 0x00, 0x00, 0x28, 0x07, 0x00, 0x00, 0x28, 0x07, 0x00, 0x00, 0x28, 0x07, 0x00, 0x00,
    0x28, 0x07, 0x00, 0x00, 0x28, 0x07, 0x00, 0x00, 0x28, 0x07, 0x00, 0x00, 0x28, 0x07, 0x00, 0x00,
    0x28, 0x07, 0x00, 0x00, 0x28, 0x07, 0x00, 0x00, 0x28, 0x07, 0x00, 0x00, 0x28, 0x07, 0x00, 0x00,
    0x28, 0x07, 0x00, 0x00, 0x28, 0x07, 0x00, 0x00, 0x28, 0x07, 0x00, 0x00, 0x28, 0x07, 0x00, 0x00,
    0x28, 0x07, 0x00, 0x00, 0x28, 0x07, 0x00, 0x00, 0x28, 0x07, 0x00, 0x00, 0x28, 0x07, 0x00, 0x00,
    0x28, 0x07, 0x00, 0x00, 0x28, 0x07, 0x00, 0x00, 0x28, 0x07, 0x00, 0x00, 0x28, 0x07, 0x00, 0x00,
    0x28, 0x07, 0x00, 0x00, 0x28, 0x07, 0x00, 0x00, 0x28, 0x07, 0x00, 0x00, 0x28, 0x07, 0x00, 0x00,
    0x28, 0x07, 0x00, 0x00, 0x28, 0x07, 0x00, 0x00, 0x28, 0x07, 0x00, 0x00, 0x28, 0x07, 0x00, 0x00,
    0x28, 0x07, 0x00, 0x00, 0x28, 0x07, 0x00, 0x00, 0x28, 0x07, 0x00, 0x00, 0x28, 0x07, 0x00, 0x00,
    0x28, 0x07, 0x00, 0x00, 0x28, 0x07, 0x00, 0x00, 0x28, 0x07, 0x00, 0x00, 0x28, 0x07, 0x00, 0x00,
    0x28, 0x07, 0x00, 0x00, 0x28, 0x07, 0x00, 0x00, 0x28, 0x07, 0x00, 0x00, 0x28, 0x07, 0x00, 0x00,
    0x28, 0x07, 0x00, 0x00, 0x28, 0x07, 0x00, 0x00, 0x28, 0x07, 0x00, 0x00, 0x28, 0x07, 0x00, 0x00,
    0x28, 0x07, 0x00, 0x00, 0x28, 0x07, 0x00, 0x00, 0x28, 0x07, 0x00, 0x00, 0x28, 0x07, 0x00, 0x00,
    0x28, 0x07, 0x00, 0x00, 0x28, 0x07, 0x00, 0x00, 0x28, 0x07, 0x00, 0x00, 0x28, 0x07, 0x00, 0x00,
    0x28, 0x07, 0x00, 0x00, 0x28, 0x07, 0x00, 0x00, 0x28, 0x07, 0x00, 0x00, 0x28, 0x07, 0x00, 0x00,
    0x28, 0x07, 0x00, 0x00, 0x28, 0x07, 0x00, 0x00, 0x28, 0x07, 0x00, 0x00, 0x28, 0x07, 0x00, 0x00,
    0x28, 0x07, 0x00, 0x00, 0x28, 0x07, 0x00, 0x00, 0x28, 0x07, 0x00, 0x00, 0x28, 0x07, 0x00, 0x00,
    0x28, 0x07, 0x00, 0x00, 0x28, 0x07, 0x00, 0x00, 0x28, 0x07, 0x00, 0x00, 0x28, 0x07, 0x00, 0x00,
    0x28, 0x07, 0x00, 0x00, 0x28, 0x07, 0x00, 0x00, 0x28, 0x07, 0x00, 0x00, 0x28, 0x07, 0x00, 0x00,
    0x28, 0x07, 0x00, 0x00, 0x28, 0x07, 0x00, 0x00, 0x28, 0x07, 0x00, 0x00, 0x28, 0x07, 0x00, 0x00,
    0x28, 0x07, 0x00, 0x00, 0x28, 0x07, 0x00, 0x00, 0x28, 0x07, 0x00, 0x00, 0x28, 0x07, 0x00, 0x00,
    0x28, 0x07, 0x00, 0x00, 0x28, 0x07, 0x00, 0x00, 0x28, 0x07, 0x00, 0x00, 0x28, 0x07, 0x00, 0x00,
    0x28, 0x07, 0x00, 0x00, 0x28, 0x07, 0x00, 0x00, 0x28, 0x07, 0x00, 0x00, 0x28, 0x07, 0x00, 0x00,
    0x28, 0x07, 0x00, 0x00, 0x28, 0x07, 0x00, 0x00, 0x28, 0x07, 0x00, 0x00, 0x28, 0x07, 0x00, 0x00,
    0x28, 0x07, 0x00, 0x00, 0x28, 0x07, 0x00, 0x00, 0x28, 0x07, 0x00, 0x00, 0x28, 0x07, 0x00, 0x00,
    0x28, 0x07, 0x00, 0x00, 0x28, 0x07, 0x00, 0x00, 0x28, 0x07, 0x00, 0x00, 0x28, 0x07, 0x00, 0x00,
    0x28, 0x07, 0x00, 0x00, 0x28, 0x07, 0x00, 0x00, 0x28, 0x07, 0x00, 0x00, 0x28, 0x07, 0x00, 0x00,
    0x28, 0x07, 0x00, 0x00, 0x28, 0x07, 0x00, 0x00, 0x28, 0x07, 0x00, 0x00, 0x28, 0x07, 0x00, 0x00,
    0x28, 0x07, 0x00, 0x00, 0x28, 0x07, 0x00, 0x00, 0x28, 0x07, 0x00, 0x00, 0x28, 0x07, 0x00, 0x00,
    0x28, 0x07, 0x00, 0x00, 0x28, 0x07, 0x00, 0x00, 0x28, 0x07, 0x00, 0x00, 0x28, 0x07, 0x00, 0x00,
    0x28, 0x07, 0x00, 0x00, 0x28, 0x07, 0x00, 0x00, 0x28, 0x07, 0x00, 0x00, 0x28, 0x07, 0x00, 0x00,
    0x28, 0x07, 0x00, 0x00, 0x28, 0x07, 0x00, 0x00, 0x28, 0x07, 0x00, 0x00, 0x28, 0x07, 0x00, 0x00,
    0x28, 0x07, 0x00, 0x00, 0x28, 0x07, 0x00, 0x00, 0x28, 0x07, 0x00, 0x00, 0x28, 0x07, 0x00, 0x00,
    0x28, 0x07, 0x00, 0x00, 0x28, 0x07, 0x00, 0x00, 0x28, 0x07, 0x00, 0x00, 0x28, 0x07, 0x00, 0x00,
    0x28, 0x07, 0x00, 0x00, 0x28, 0x07, 0x00, 0x00, 0x28, 0x07, 0x00, 0x00, 0x28, 0x07, 0x00, 0x00,
    0x28, 0x07, 0x00, 0x00, 0x28, 0x07, 0x00, 0x00, 0x28, 0x07, 0x00, 0x00, 0x28, 0x07, 0x00, 0x00,
    0x28, 0x07, 0x00, 0x00, 0x28, 0x07, 0x00, 0x00, 0x28, 0x07, 0x00, 0x00, 0x28, 0x07, 0x00, 0x00,
    0x28, 0x07, 0x00, 0x00, 0x28, 0x07, 0x00, 0x00, 0x28, 0x07, 0x00, 0x00, 0x28, 0x07, 0x00, 0x00,
    0x28, 0x07, 0x00, 0x00, 0x28, 0x07, 0x00, 0x00, 0x28, 0x07, 0x00, 0x00, 0x28, 0x07, 0x00, 0x00,
    0x28, 0x07, 0x00, 0x00, 0x28, 0x07, 0x00, 0x00, 0x28, 0x07, 0x00, 0x00, 0x28, 0x07, 0x00, 0x00,
    0x28, 0x07, 0x00, 0x00, 0x28, 0x07, 0x00, 0x00, 0x28, 0x07, 0x00, 0x00, 0x28, 0x07, 0x00, 0x00,
    0x28, 0x07, 0x00, 0x00, 0x28, 0x07, 0x00, 0x00, 0x28, 0x07, 0x00, 0x00, 0x28, 0x07, 0x00, 0x00,
    0x28, 0x07, 0x00, 0x00, 0x28, 0x07, 0x00, 0x00, 0x28, 0x07, 0x00, 0x00, 0x28, 0x07, 0x00, 0x00,
    0x28, 0x07, 0x00, 0x00, 0x28, 0x07, 0x00, 0x00, 0x28, 0x07, 0x00, 0x00, 0x28, 0x07, 0x00, 0x00,
    0x28, 0x07, 0x00, 0x00, 0x28, 0x07, 0x00, 0x00, 0x28, 0x07, 0x00, 0x00, 0x28, 0x07, 0x00, 0x00,
    0x28, 0x07, 0x00, 0x00, 0x28, 0x07, 0x00, 0x00, 0x28, 0x07, 0x00, 0x00, 0x28, 0x07, 0x00, 0x00,
    0x28, 0x07, 0x00, 0x00, 0x28, 0x07, 0x00, 0x00, 0x28, 0x07, 0x00, 0x00, 0x28, 0x07, 0x00, 0x00,
    0x28, 0x07, 0x00, 0x00, 0x28, 0x07, 0x00, 0x00, 0x28, 0x07, 0x00, 0x00, 0x28, 0x07, 0x00, 0x00,
    0x28, 0x07, 0x00, 0x00, 0x28, 0x07, 0x00, 0x00, 0x28, 0x07, 0x00, 0x00, 0x28, 0x07, 0x00, 0x00,
    0x28, 0x07, 0x00, 0x00, 0x28, 0x07, 0x00, 0x00, 0x28, 0x07, 0x00, 0x00, 0x28, 0x07, 0x00, 0x00,
    0x28, 0x07, 0x00, 0x00, 0x28, 0x07, 0x00, 0x00, 0x28, 0x07, 0x00, 0x00, 0x28, 0x07, 0x00, 0x00,
    0x28, 0x07, 0x00, 0x00, 0x28, 0x07, 0x00, 0x00, 0x28, 0x07, 0x00, 0x00, 0x28, 0x07, 0x00, 0x00,
    0x28, 0x07, 0x00, 0x00, 0x28, 0x07, 0x00, 0x00, 0x28, 0x07, 0x00, 0x00, 0x28, 0x07, 0x00, 0x00,
    0x28, 0x07, 0x00, 0x00, 0x28, 0x07, 0x00, 0x00, 0x28, 0x07, 0x00, 0x00, 0x28, 0x07, 0x00, 0x00,
    0x28, 0x07, 0x00, 0x00, 0x28, 0x07, 0x00, 0x00, 0x28, 0x07, 0x00, 0x00, 0x28, 0x07, 0x00, 0x00,
    0x28, 0x07, 0x00, 0x00, 0x28, 0x07, 0x00, 0x00, 0x28, 0x07, 0x00, 0x00, 0x28, 0x07, 0x00, 0x00,
    0x28, 0x07, 0x00, 0x00, 0x28, 0x07, 0x00, 0x00, 0x28, 0x07, 0x00, 0x00, 0x28, 0x07, 0x00, 0x00,
    0x28, 0x07, 0x00, 0x00, 0x28, 0x07, 0x00, 0x00, 0x28, 0x07, 0x00, 0x00, 0x28, 0x07, 0x00, 0x00,
    0x28, 0x07, 0x00, 0x00, 0x28, 0x07, 0x00, 0x00, 0x28, 0x07, 0x00, 0x00, 0x28, 0x07, 0x00, 0x00,
    0x28, 0x07, 0x00, 0x00, 0x28, 0x07, 0x00, 0x00, 0x28, 0x07, 0x00, 0x00, 0x28, 0x07, 0x00, 0x00,
    0x28, 0x07, 0x00, 0x00, 0x28, 0x07, 0x00, 0x00, 0x28, 0x07, 0x00, 0x00, 0x28, 0x07, 0x00, 0x00,
    0x28, 0x07, 0x00, 0x00, 0x28, 0x07, 0x00, 0x00, 0x28, 0x07, 0x00, 0x00, 0x28, 0x07, 0x00, 0x00,
    0x28, 0x07, 0x00, 0x00, 0x28, 0x07, 0x00, 0x00, 0x28, 0x07, 0x00, 0x00, 0x28, 0x07, 0x00, 0x00,
    0x28, 0x07, 0x00, 0x00, 0x28, 0x07, 0x00, 0x00, 0x28, 0x07, 0x00, 0x00, 0x28, 0x07, 0x00, 0x00,
    0x28, 0x07, 0x00, 0x00, 0x28, 0x07, 0x00, 0x00, 0x28, 0x07, 0x00, 0x00, 0x28, 0x07, 0x00, 0x00,
    0x28, 0x07, 0x00, 0x00, 0x28, 0x07, 0x00, 0x00, 0x28, 0x07, 0x00, 0x00, 0x28, 0x07, 0x00, 0x00,
    0x28, 0x07, 0x00, 0x00, 0x28, 0x07, 0x00, 0x00, 0x28, 0x07, 0x00, 0x00, 0x28, 0x07, 0x00, 0x00,
    0x28, 0x07, 0x00, 0x00, 0x28, 0x07, 0x00, 0x00, 0x28, 0x07, 0x00, 0x00, 0x28, 0x07, 0x00, 0x00,
    0x28, 0x07, 0x00, 0x00, 0x28, 0x07, 0x00, 0x00, 0x28, 0x07, 0x00, 0x00, 0x28, 0x07, 0x00, 0x00,
    0x28, 0x07, 0x00, 0x00, 0x28, 0x07, 0x00, 0x00, 0x28, 0x07, 0x00, 0x00, 0x28, 0x07, 0x00, 0x00,
    0x28, 0x07, 0x00, 0x00, 0x28, 0x07, 0x00, 0x00, 0x28, 0x07, 0x00, 0x00, 0x28, 0x07, 0x00, 0x00,
    0x28, 0x07, 0x00, 0x00, 0x28, 0x07, 0x00, 0x00, 0x28, 0x07, 0x00, 0x00, 0x28, 0x07, 0x00, 0x00,
    0x28, 0x07, 0x00, 0x00, 0x28, 0x07, 0x00, 0x00, 0x28, 0x07, 0x00, 0x00, 0x28, 0x07, 0x00, 0x00,
    0x28, 0x07, 0x00, 0x00, 0x28, 0x07, 0x00, 0x00, 0x28, 0x07, 0x00, 0x00, 0x28, 0x07, 0x00, 0x00,
    0x28, 0x07, 0x00, 0x00, 0x28, 0x07, 0x00, 0x00, 0x28, 0x07, 0x00, 0x00, 0x28, 0x07, 0x00, 0x00,
    0x28, 0x07, 0x00, 0x00, 0x07, 0x00, 0x00, 0x00, 0x02, 0x00, 0x00, 0xE0, 0x03, 0x00, 0x00, 0xE0,
    0x04, 0x00, 0x00, 0xE0, 0x03, 0x00, 0x00, 0xE0, 0x05, 0x00, 0x00, 0xE0, 0x0D, 0x00, 0x00, 0x00,
    0x0C, 0x00, 0x01, 0x00, 0x0E, 0x00, 0x02, 0x00, 0x06, 0x00, 0x00, 0xE0, 0x03, 0x00, 0x00, 0xE0,
    0x04, 0x00, 0x00, 0xE0, 0x03, 0x00, 0x00, 0xE0, 0x07, 0x00, 0x00, 0xE0, 0x08, 0x00, 0x00, 0xE0,
    0x03, 0x00, 0x00, 0xE0, 0x04, 0x00, 0x00, 0xE0, 0x03, 0x00, 0x00, 0xE0, 0x07, 0x00, 0x00, 0xE0,
    0x09, 0x00, 0x00, 0xE0, 0x03, 0x00, 0x00, 0xE0, 0x04, 0x00, 0x00, 0xE0, 0x03, 0x00, 0x00, 0xE0,
    0x07, 0x00, 0x00, 0xE0, 0x07, 0x00, 0x00, 0x00, 0x08, 0x00, 0x01, 0x00, 0x03, 0x00, 0x00, 0xE0,
    0x04, 0x00, 0x00, 0xE0, 0x03, 0x00, 0x00, 0xE0, 0x0A, 0x00, 0x00, 0xE0, 0x03, 0x00, 0x00, 0xE0,
    0x04, 0x00, 0x00, 0xE0, 0x03, 0x00, 0x00, 0xE0, 0x07, 0x00, 0x00, 0xE0, 0x08, 0x00, 0x00, 0x00,
    0x07, 0x00, 0x01, 0x00, 0x0B, 0x00, 0x00, 0xE0, 0x03, 0x00, 0x00, 0xE0, 0x04, 0x00, 0x00, 0xE0,
    0x03, 0x00, 0x00, 0xE0, 0x05, 0x00, 0x00, 0xE0, 0x03, 0x00, 0x00, 0xE0, 0x04, 0x00, 0x00, 0xE0,
    0x03, 0x00, 0x00, 0xE0, 0x08, 0x00, 0x00, 0x00, 0x07, 0x00, 0x01, 0x00, 0x0C, 0x00, 0x00, 0xE0,
    0x03, 0x00, 0x00, 0xE0, 0x04, 0x00, 0x00, 0xE0, 0x03, 0x00, 0x00, 0xE0, 0x07, 0x00, 0x00, 0xE0,
    0x03, 0x00, 0x00, 0xE0, 0x04, 0x00, 0x00, 0xE0, 0x03, 0x00, 0x00, 0xE0, 0x06, 0x00, 0x00, 0x00,
    0x02, 0x00, 0x00, 0xE0, 0x03, 0x00, 0x00, 0xE0, 0x04, 0x00, 0x00, 0xE0, 0x03, 0x00, 0x00, 0xE0,
    0x05, 0x00, 0x00, 0xE0, 0x07, 0x00, 0x00, 0x00, 0x03, 0x00, 0x00, 0xE0, 0x04, 0x00, 0x00, 0xE0,
    0x03, 0x00, 0x00, 0xE0, 0x07, 0x00, 0x00, 0x00, 0x03, 0x00, 0x00, 0xE0, 0x04, 0x00, 0x00, 0xE0,
    0x03, 0x00, 0x00, 0xE0, 0x09, 0x00, 0x00, 0x00, 0x03, 0x00, 0x00, 0xE0, 0x04, 0x00, 0x00, 0xE0,
    0x03, 0x00, 0x00, 0xE0, 0x16, 0x00, 0x00, 0x00, 0x02, 0x00, 0x00, 0xE0, 0x03, 0x00, 0x00, 0xE0,
    0x04, 0x00, 0x00, 0xE0, 0x03, 0x00, 0x00, 0xE0, 0x05, 0x00, 0x00, 0xE0, 0x0D, 0x00, 0x00, 0x00,
    0x02, 0x00, 0x00, 0xE0, 0x03, 0x00, 0x00, 0xE0, 0x04, 0x00, 0x00, 0xE0, 0x03, 0x00, 0x00, 0xE0,
    0x05, 0x00, 0x00, 0xE0, 0x0D, 0x00, 0x00, 0x00, 0x0B, 0x00, 0x01, 0x00, 0x0C, 0x00, 0x02, 0x00,
    0x0D, 0x00, 0x00, 0xE0, 0x03, 0x00, 0x00, 0xE0, 0x04, 0x00, 0x00, 0xE0, 0x03, 0x00, 0x00, 0xE0,
    0x07, 0x00, 0x00, 0xE0, 0x03, 0x00, 0x00, 0xE0, 0x04, 0x00, 0x00, 0xE0, 0x03, 0x00, 0x00, 0xE0,
    0x0E, 0x00, 0x00, 0xE0, 0x03, 0x00, 0x00, 0xE0, 0x04, 0x00, 0x00, 0xE0, 0x03, 0x00, 0x00, 0xE0,
    0x07, 0x00, 0x00, 0xE0, 0x07, 0x00, 0x00, 0x00, 0x08, 0x00, 0x01, 0x00, 0x03, 0x00, 0x00, 0xE0,
    0x04, 0x00, 0x00, 0xE0, 0x03, 0x00, 0x00, 0xE0, 0x0F, 0x00, 0x00, 0xE0, 0x03, 0x00, 0x00, 0xE0,
    0x04, 0x00, 0x00, 0xE0, 0x03, 0x00, 0x00, 0xE0, 0x07, 0x00, 0x00, 0xE0, 0x09, 0x00, 0x00, 0x00,
    0x03, 0x00, 0x00, 0xE0, 0x04, 0x00, 0x00, 0xE0, 0x03, 0x00, 0x00, 0xE0, 0x0A, 0x00, 0x00, 0x00,
    0x0B, 0x00, 0x01, 0x00, 0x03, 0x00, 0x00, 0xE0, 0x04, 0x00, 0x00, 0xE0, 0x03, 0x00, 0x00, 0xE0,
    0x10, 0x00, 0x00, 0xE0, 0x03, 0x00, 0x00, 0xE0, 0x04, 0x00, 0x00, 0xE0, 0x03, 0x00, 0x00, 0xE0,
    0x07, 0x00, 0x00, 0xE0, 0x08, 0x00, 0x00, 0x00, 0x07, 0x00, 0x01, 0x00, 0x11, 0x00, 0x00, 0xE0,
    0x03, 0x00, 0x00, 0xE0, 0x04, 0x00, 0x00, 0xE0, 0x03, 0x00, 0x00, 0xE0, 0x05, 0x00, 0x00, 0xE0,
    0x03, 0x00, 0x00, 0xE0, 0x04, 0x00, 0x00, 0xE0, 0x03, 0x00, 0x00, 0xE0, 0x08, 0x00, 0x00, 0x00,
    0x07, 0x00, 0x01, 0x00, 0x0B, 0x00, 0x00, 0xE0, 0x03, 0x00, 0x00, 0xE0, 0x04, 0x00, 0x00, 0xE0,
    0x03, 0x00, 0x00, 0xE0, 0x05, 0x00, 0x00, 0xE0, 0x03, 0x00, 0x00, 0xE0, 0x04, 0x00, 0x00, 0xE0,
    0x03, 0x00, 0x00, 0xE0, 0x16, 0x00, 0x00, 0x00, 0x14, 0x00, 0x01, 0x00, 0x18, 0x00, 0x02, 0x00,
    0x17, 0x00, 0x03, 0x00, 0x19, 0x00, 0x04, 0x00, 0x15, 0x00, 0x05, 0x00, 0x12, 0x00, 0x00, 0xE0,
    0x03, 0x00, 0x00, 0xE0, 0x04, 0x00, 0x00, 0xE0, 0x03, 0x00, 0x00, 0xE0, 0x07, 0x00, 0x00, 0xE0,
    0x03, 0x00, 0x00, 0xE0, 0x04, 0x00, 0x00, 0xE0, 0x03, 0x00, 0x00, 0xE0, 0x0E, 0x00, 0x00, 0xE0,
    0x03, 0x00, 0x00, 0xE0, 0x04, 0x00, 0x00, 0xE0, 0x03, 0x00, 0x00, 0xE0, 0x07, 0x00, 0x00, 0xE0,
    0x13, 0x00, 0x00, 0xE0, 0x03, 0x00, 0x00, 0xE0, 0x04, 0x00, 0x00, 0xE0, 0x03, 0x00, 0x00, 0xE0,
    0x07, 0x00, 0x00, 0xE0, 0x14, 0x00, 0x00, 0xE0, 0x03, 0x00, 0x00, 0xE0, 0x04, 0x00, 0x00, 0xE0,
    0x03, 0x00, 0x00, 0xE0, 0x07, 0x00, 0x00, 0xE0, 0x15, 0x00, 0x00, 0xE0, 0x03, 0x00, 0x00, 0xE0,
    0x04, 0x00, 0x00, 0xE0, 0x03, 0x00, 0x00, 0xE0, 0x07, 0x00, 0x00, 0xE0, 0x07, 0x00, 0x00, 0x00,
    0x08, 0x00, 0x01, 0x00, 0x03, 0x00, 0x00, 0xE0, 0x04, 0x00, 0x00, 0xE0, 0x03, 0x00, 0x00, 0xE0,
    0x16, 0x00, 0x00, 0xE0, 0x03, 0x00, 0x00, 0xE0, 0x04, 0x00, 0x00, 0xE0, 0x03, 0x00, 0x00, 0xE0,
    0x07, 0x00, 0x00, 0xE0, 0x14, 0x00, 0x00, 0x00, 0x15, 0x00, 0x01, 0x00, 0x03, 0x00, 0x00, 0xE0,
    0x04, 0x00, 0x00, 0xE0, 0x03, 0x00, 0x00, 0xE0, 0x17, 0x00, 0x00, 0xE0, 0x03, 0x00, 0x00, 0xE0,
    0x04, 0x00, 0x00, 0xE0, 0x03, 0x00, 0x00, 0xE0, 0x07, 0x00, 0x00, 0xE0, 0x0D, 0x00, 0x00, 0x00,
    0x03, 0x00, 0x00, 0xE0, 0x04, 0x00, 0x00, 0xE0, 0x03, 0x00, 0x00, 0xE0, 0x0F, 0x00, 0x00, 0x00,
    0x10, 0x00, 0x01, 0x00, 0x11, 0x00, 0x02, 0x00, 0x0E, 0x00, 0x03, 0x00, 0x03, 0x00, 0x00, 0xE0,
    0x04, 0x00, 0x00, 0xE0, 0x03, 0x00, 0x00, 0xE0, 0x18, 0x00, 0x00, 0xE0, 0x03, 0x00, 0x00, 0xE0,
    0x04, 0x00, 0x00, 0xE0, 0x03, 0x00, 0x00, 0xE0, 0x07, 0x00, 0x00, 0xE0, 0x19, 0x00, 0x00, 0xE0,
    0x03, 0x00, 0x00, 0xE0, 0x04, 0x00, 0x00, 0xE0, 0x03, 0x00, 0x00, 0xE0, 0x07, 0x00, 0x00, 0xE0,
    0x1A, 0x00, 0x00, 0xE0, 0x03, 0x00, 0x00, 0xE0, 0x04, 0x00, 0x00, 0xE0, 0x03, 0x00, 0x00, 0xE0,
    0x07, 0x00, 0x00, 0xE0, 0x15, 0x00, 0x00, 0x00, 0x03, 0x00, 0x00, 0xE0, 0x04, 0x00, 0x00, 0xE0,
    0x03, 0x00, 0x00, 0xE0, 0x15, 0x00, 0x00, 0x00, 0x03, 0x00, 0x00, 0xE0, 0x04, 0x00, 0x00, 0xE0,
    0x03, 0x00, 0x00, 0xE0, 0x0D, 0x00, 0x00, 0x00, 0x03, 0x00, 0x00, 0xE0, 0x04, 0x00, 0x00, 0xE0,
    0x03, 0x00, 0x00, 0xE0, 0x19, 0x00, 0x00, 0x00, 0x17, 0x00, 0x01, 0x00, 0x1C, 0x00, 0x02, 0x00,
    0x1B, 0x00, 0x03, 0x00, 0x1A, 0x00, 0x04, 0x00, 0x18, 0x00, 0x05, 0x00, 0x1D, 0x00, 0x06, 0x00,
    0x1B, 0x00, 0x00, 0xE0, 0x03, 0x00, 0x00, 0xE0, 0x04, 0x00, 0x00, 0xE0, 0x03, 0x00, 0x00, 0xE0,
    0x07, 0x00, 0x00, 0xE0, 0x03, 0x00, 0x00, 0xE0, 0x04, 0x00, 0x00, 0xE0, 0x03, 0x00, 0x00, 0xE0,
    0x1C, 0x00, 0x00, 0xE0, 0x03, 0x00, 0x00, 0xE0, 0x04, 0x00, 0x00, 0xE0, 0x03, 0x00, 0x00, 0xE0,
    0x07, 0x00, 0x00, 0xE0, 0x1D, 0x00, 0x00, 0xE0, 0x03, 0x00, 0x00, 0xE0, 0x04, 0x00, 0x00, 0xE0,
    0x03, 0x00, 0x00, 0xE0, 0x07, 0x00, 0x00, 0xE0, 0x1E, 0x00, 0x00, 0xE0, 0x03, 0x00, 0x00, 0xE0,
    0x04, 0x00, 0x00, 0xE0, 0x03, 0x00, 0x00, 0xE0, 0x07, 0x00, 0x00, 0xE0, 0x1F, 0x00, 0x00, 0xE0,
    0x03, 0x00, 0x00, 0xE0, 0x04, 0x00, 0x00, 0xE0, 0x03, 0x00, 0x00, 0xE0, 0x07, 0x00, 0x00, 0xE0,
    0x20, 0x00, 0x00, 0xE0, 0x03, 0x00, 0x00, 0xE0, 0x04, 0x00, 0x00, 0xE0, 0x03, 0x00, 0x00, 0xE0,
    0x07, 0x00, 0x00, 0xE0, 0x09, 0x00, 0x00, 0x00, 0x08, 0x00, 0x01, 0x00, 0x03, 0x00, 0x00, 0xE0,
    0x04, 0x00, 0x00, 0xE0, 0x03, 0x00, 0x00, 0xE0, 0x21, 0x00, 0x00, 0xE0, 0x03, 0x00, 0x00, 0xE0,
    0x04, 0x00, 0x00, 0xE0, 0x03, 0x00, 0x00, 0xE0, 0x07, 0x00, 0x00, 0xE0, 0x0D, 0x00, 0x00, 0x00,
    0x03, 0x00, 0x00, 0xE0, 0x04, 0x00, 0x00, 0xE0, 0x03, 0x00, 0x00, 0xE0, 0x0C, 0x00, 0x00, 0x00,
    0x0D, 0x00, 0x01, 0x00, 0x03, 0x00, 0x00, 0xE0, 0x04, 0x00, 0x00, 0xE0, 0x03, 0x00, 0x00, 0xE0,
    0x22, 0x00, 0x00, 0xE0, 0x03, 0x00, 0x00, 0xE0, 0x04, 0x00, 0x00, 0xE0, 0x03, 0x00, 0x00, 0xE0,
    0x07, 0x00, 0x00, 0xE0, 0x11, 0x00, 0x00, 0x00, 0x03, 0x00, 0x00, 0xE0, 0x04, 0x00, 0x00, 0xE0,
    0x03, 0x00, 0x00, 0xE0, 0x18, 0x00, 0x00, 0x00, 0x03, 0x00, 0x00, 0xE0, 0x04, 0x00, 0x00, 0xE0,
    0x03, 0x00, 0x00, 0xE0, 0x0E, 0x00, 0x00, 0x00, 0x0F, 0x00, 0x01, 0x00, 0x10, 0x00, 0x02, 0x00,
    0x11, 0x00, 0x03, 0x00, 0x03, 0x00, 0x00, 0xE0, 0x04, 0x00, 0x00, 0xE0, 0x03, 0x00, 0x00, 0xE0,
    0x23, 0x00, 0x00, 0xE0, 0x03, 0x00, 0x00, 0xE0, 0x04, 0x00, 0x00, 0xE0, 0x03, 0x00, 0x00, 0xE0,
    0x07, 0x00, 0x00, 0xE0, 0x24, 0x00, 0x00, 0xE0, 0x03, 0x00, 0x00, 0xE0, 0x04, 0x00, 0x00, 0xE0,
    0x03, 0x00, 0x00, 0xE0, 0x07, 0x00, 0x00, 0xE0, 0x25, 0x00, 0x00, 0xE0, 0x03, 0x00, 0x00, 0xE0,
    0x04, 0x00, 0x00, 0xE0, 0x03, 0x00, 0x00, 0xE0, 0x07, 0x00, 0x00, 0xE0, 0x12, 0x00, 0x00, 0x00,
    0x03, 0x00, 0x00, 0xE0, 0x04, 0x00, 0x00, 0xE0, 0x03, 0x00, 0x00, 0xE0, 0x11, 0x00, 0x00, 0x00,
    0x03, 0x00, 0x00, 0xE0, 0x04, 0x00, 0x00, 0xE0, 0x03, 0x00, 0x00, 0xE0, 0x15, 0x00, 0x00, 0x00,
    0x17, 0x00, 0x01, 0x00, 0x16, 0x00, 0x02, 0x00, 0x03, 0x00, 0x00, 0xE0, 0x04, 0x00, 0x00, 0xE0,
    0x03, 0x00, 0x00, 0xE0, 0x26, 0x00, 0x00, 0xE0, 0x03, 0x00, 0x00, 0xE0, 0x04, 0x00, 0x00, 0xE0,
    0x03, 0x00, 0x00, 0xE0, 0x07, 0x00, 0x00, 0xE0, 0x27, 0x00, 0x00, 0xE0, 0x03, 0x00, 0x00, 0xE0,
    0x04, 0x00, 0x00, 0xE0, 0x03, 0x00, 0x00, 0xE0, 0x07, 0x00, 0x00, 0xE0, 0x1D, 0x00, 0x00, 0x00,
    0x03, 0x00, 0x00, 0xE0, 0x04, 0x00, 0x00, 0xE0, 0x03, 0x00, 0x00, 0xE0, 0x08, 0x00, 0x00, 0x00,
    0x03, 0x00, 0x00, 0xE0, 0x04, 0x00, 0x00, 0xE0, 0x03, 0x00, 0x00, 0xE0, 0x1C, 0x00, 0x00, 0x00,
    0x1D, 0x00, 0x01, 0x00, 0x03, 0x00, 0x00, 0xE0, 0x04, 0x00, 0x00, 0xE0, 0x03, 0x00, 0x00, 0xE0,
    0x28, 0x00, 0x00, 0xE0, 0x03, 0x00, 0x00, 0xE0, 0x04, 0x00, 0x00, 0xE0, 0x03, 0x00, 0x00, 0xE0,
    0x07, 0x00, 0x00, 0xE0, 0x0B, 0x00, 0x00, 0x00, 0x0C, 0x00, 0x01, 0x00, 0x03, 0x00, 0x00, 0xE0,
    0x04, 0x00, 0x00, 0xE0, 0x03, 0x00, 0x00, 0xE0, 0x29, 0x00, 0x00, 0xE0, 0x03, 0x00, 0x00, 0xE0,
    0x04, 0x00, 0x00, 0xE0, 0x03, 0x00, 0x00, 0xE0, 0x07, 0x00, 0x00, 0xE0, 0x0E, 0x00, 0x00, 0x00,
    0x03, 0x00, 0x00, 0xE0, 0x04, 0x00, 0x00, 0xE0, 0x03, 0x00, 0x00, 0xE0, 0x0F, 0x00, 0x00, 0x00,
    0x10, 0x00, 0x01, 0x00, 0x0E, 0x00, 0x02, 0x00, 0x03, 0x00, 0x00, 0xE0, 0x04, 0x00, 0x00, 0xE0,
    0x03, 0x00, 0x00, 0xE0, 0x2A, 0x00, 0x00, 0xE0, 0x03, 0x00, 0x00, 0xE0, 0x04, 0x00, 0x00, 0xE0,
    0x03, 0x00, 0x00, 0xE0, 0x07, 0x00, 0x00, 0xE0, 0x2B, 0x00, 0x00, 0xE0, 0x03, 0x00, 0x00, 0xE0,
    0x04, 0x00, 0x00, 0xE0, 0x03, 0x00, 0x00, 0xE0, 0x07, 0x00, 0x00, 0xE0, 0x12, 0x00, 0x00, 0x00,
    0x13, 0x00, 0x01, 0x00, 0x14, 0x00, 0x02, 0x00, 0x03, 0x00, 0x00, 0xE0, 0x04, 0x00, 0x00, 0xE0,
    0x03, 0x00, 0x00, 0xE0, 0x2C, 0x00, 0x00, 0xE0, 0x03, 0x00, 0x00, 0xE0, 0x04, 0x00, 0x00, 0xE0,
    0x03, 0x00, 0x00, 0xE0, 0x07, 0x00, 0x00, 0xE0, 0x2D, 0x00, 0x00, 0xE0, 0x03, 0x00, 0x00, 0xE0,
    0x04, 0x00, 0x00, 0xE0, 0x03, 0x00, 0x00, 0xE0, 0x07, 0x00, 0x00, 0xE0, 0x08, 0x00, 0x00, 0x00,
    0x07, 0x00, 0x01, 0x00, 0x2A, 0x00, 0x00, 0xE0, 0x03, 0x00, 0x00, 0xE0, 0x04, 0x00, 0x00, 0xE0,
    0x03, 0x00, 0x00, 0xE0, 0x05, 0x00, 0x00, 0xE0, 0x03, 0x00, 0x00, 0xE0, 0x04, 0x00, 0x00, 0xE0,
    0x03, 0x00, 0x00, 0xE0, 0x08, 0x00, 0x00, 0x00, 0x03, 0x00, 0x00, 0xE0, 0x04, 0x00, 0x00, 0xE0,
    0x03, 0x00, 0x00, 0xE0, 0x20, 0x00, 0x00, 0x00, 0x1F, 0x00, 0x01, 0x00, 0x22, 0x00, 0x02, 0x00,
    0x21, 0x00, 0x03, 0x00, 0x2E, 0x00, 0x00, 0xE0, 0x03, 0x00, 0x00, 0xE0, 0x04, 0x00, 0x00, 0xE0,
    0x03, 0x00, 0x00, 0xE0, 0x07, 0x00, 0x00, 0xE0, 0x2D, 0x00, 0x00, 0xE0, 0x03, 0x00, 0x00, 0xE0,
    0x04, 0x00, 0x00, 0xE0, 0x03, 0x00, 0x00, 0xE0, 0x07, 0x00, 0x00, 0xE0, 0x03, 0x00, 0x00, 0xE0,
    0x04, 0x00, 0x00, 0xE0, 0x03, 0x00, 0x00, 0xE0, 0x2F, 0x00, 0x00, 0xE0, 0x03, 0x00, 0x00, 0xE0,
    0x04, 0x00, 0x00, 0xE0, 0x03, 0x00, 0x00, 0xE0, 0x07, 0x00, 0x00, 0xE0, 0x0C, 0x00, 0x00, 0x00,
    0x03, 0x00, 0x00, 0xE0, 0x04, 0x00, 0x00, 0xE0, 0x03, 0x00, 0x00, 0xE0, 0x80, 0x01, 0x00, 0x00,
    0x8C, 0x01, 0x00, 0x00, 0x98, 0x01, 0x00, 0x00, 0xA4, 0x01, 0x00, 0x00, 0xB0, 0x01, 0x00, 0x00,
    0xBC, 0x01, 0x00, 0x00, 0xC8, 0x01, 0x00, 0x00, 0xD4, 0x01, 0x00, 0x00, 0xE0, 0x01, 0x00, 0x00,
    0xEC, 0x01, 0x00, 0x00, 0xF8, 0x01, 0x00, 0x00, 0x04, 0x02, 0x00, 0x00, 0x10, 0x02, 0x00, 0x00,
    0x1C, 0x02, 0x00, 0x00, 0x28, 0x02, 0x00, 0x00, 0x34, 0x02, 0x00, 0x00, 0x40, 0x02, 0x00, 0x00,
    0x4C, 0x02, 0x00, 0x00, 0x58, 0x02, 0x00, 0x00, 0x64, 0x02, 0x00, 0x00, 0x70, 0x02, 0x00, 0x00,
    0x7C, 0x02, 0x00, 0x00, 0x88, 0x02, 0x00, 0x00, 0x94, 0x02, 0x00, 0x00, 0xA0, 0x02, 0x00, 0x00,
    0xAC, 0x02, 0x00, 0x00, 0xB8, 0x02, 0x00, 0x00, 0xC4, 0x02, 0x00, 0x00, 0xD0, 0x02, 0x00, 0x00,
    0xDC, 0x02, 0x00, 0x00, 0xE8, 0x02, 0x00, 0x00, 0xF4, 0x02, 0x00, 0x00, 0x00, 0x03, 0x00, 0x00,
    0x0C, 0x03, 0x00, 0x00, 0x18, 0x03, 0x00, 0x00, 0x24, 0x03, 0x00, 0x00, 0x30, 0x03, 0x00, 0x00,
    0x3C, 0x03, 0x00, 0x00, 0x48, 0x03, 0x00, 0x00, 0x54, 0x03, 0x00, 0x00, 0x60, 0x03, 0x00, 0x00,
    0x6C, 0x03, 0x00, 0x00, 0x78, 0x03, 0x00, 0x00, 0x84, 0x03, 0x00, 0x00, 0x90, 0x03, 0x00, 0x00,
    0x9C, 0x03, 0x00, 0x00, 0xA8, 0x03, 0x00, 0x00, 0xB4, 0x03, 0x00, 0x00, 0x03, 0x00, 0x00, 0x00,
    0x03, 0x03, 0x03, 0x00, 0x03, 0x03, 0x00, 0x00, 0x03, 0x03, 0x00, 0x00, 0x03, 0x03, 0x00, 0x00,
    0x03, 0x00, 0x00, 0x00, 0x03, 0x00, 0x00, 0x00, 0x03, 0x00, 0x00, 0x00, 0x03, 0x00, 0x00, 0x00,
    0x03, 0x00, 0x00, 0x00, 0x03, 0x00, 0x00, 0x00, 0x03, 0x03, 0x03, 0x00, 0x03, 0x03, 0x00, 0x00,
    0x03, 0x00, 0x00, 0x00, 0x03, 0x03, 0x00, 0x00, 0x03, 0x03, 0x00, 0x00, 0x03, 0x03, 0x00, 0x00,
    0x03, 0x03, 0x03, 0x03, 0x03, 0x03, 0x00, 0x00, 0x03, 0x03, 0x00, 0x00, 0x03, 0x03, 0x00, 0x00,
    0x03, 0x00, 0x00, 0x00, 0x03, 0x03, 0x03, 0x03, 0x03, 0x00, 0x00, 0x00, 0x03, 0x00, 0x00, 0x00,
    0x03, 0x00, 0x00, 0x00, 0x03, 0x03, 0x03, 0x03, 0x03, 0x03, 0x03, 0x00, 0x03, 0x03, 0x00, 0x00,
    0x03, 0x00, 0x00, 0x00, 0x03, 0x03, 0x00, 0x00, 0x03, 0x00, 0x00, 0x00, 0x03, 0x00, 0x00, 0x00,
    0x03, 0x03, 0x03, 0x03, 0x03, 0x00, 0x00, 0x00, 0x03, 0x00, 0x00, 0x00, 0x03, 0x03, 0x03, 0x00,
    0x03, 0x00, 0x00, 0x00, 0x03, 0x00, 0x00, 0x00, 0x03, 0x03, 0x00, 0x00, 0x03, 0x03, 0x00, 0x00,
    0x03, 0x00, 0x00, 0x00, 0x03, 0x03, 0x03, 0x00, 0x03, 0x03, 0x03, 0x00, 0x03, 0x03, 0x00, 0x00,
    0x03, 0x00, 0x00, 0x00, 0x03, 0x03, 0x03, 0x03, 0x03, 0x00, 0x00, 0x00, 0x00, 0x00, 0x00, 0x00,
    0x00, 0x00, 0x00, 0x00, 0x00, 0x00, 0x00, 0x00, 0x00, 0x00, 0x00, 0x00, 0x01, 0x00, 0x00, 0x00,
    0x00, 0x00, 0x00, 0x00, 0x00, 0x00, 0x00, 0x00, 0x00, 0x00, 0x00, 0x00, 0x07, 0x00, 0x00, 0x00,
    0x00, 0x00, 0x00, 0x00, 0x03, 0x00, 0x00, 0x00, 0x00, 0x00, 0x00, 0x00, 0x07, 0x00, 0x00, 0x00,
    0x00, 0x00, 0x00, 0x00, 0x00, 0x00, 0x00, 0x00, 0x00, 0x00, 0x00, 0x00, 0x07, 0x00, 0x00, 0x00,
    0x00, 0x00, 0x00, 0x00, 0xC8, 0x00, 0x00, 0x00, 0x00, 0x00, 0x00, 0x00, 0x02, 0x00, 0x00, 0x00,
    0x00, 0x00, 0x00, 0x00, 0x00, 0x00, 0x00, 0x00, 0x00, 0x00, 0x00, 0x00, 0x07, 0x00, 0x00, 0x00,
    0x00, 0x00, 0x00, 0x00, 0x06, 0x00, 0x00, 0x00, 0x00, 0x00, 0x00, 0x00, 0x02, 0x00, 0x00, 0x00,
    0x00, 0x00, 0x00, 0x00, 0x01, 0x00, 0x00, 0x00, 0x00, 0x00, 0x00, 0x00, 0x07, 0x00, 0x00, 0x00,
    0x00, 0x00, 0x00, 0x00, 0x04, 0x00, 0x00, 0x00, 0x00, 0x00, 0x00, 0x00, 0x07, 0x00, 0x00, 0x00,
    0x00, 0x00, 0x00, 0x00, 0x13, 0x00, 0x00, 0x00, 0x00, 0x00, 0x00, 0x00, 0x07, 0x00, 0x00, 0x00,
    0x00, 0x00, 0x00, 0x00, 0x05, 0x00, 0x00, 0x00, 0x00, 0x00, 0x00, 0x00, 0x07, 0x00, 0x00, 0x00,
    0x00, 0x00, 0x00, 0x00, 0x0B, 0x00, 0x00, 0x00, 0x00, 0x00, 0x00, 0x00, 0x07, 0x00, 0x00, 0x00,
    0x00, 0x00, 0x00, 0x00, 0x07, 0x00, 0x00, 0x00, 0x00, 0x00, 0x00, 0x00, 0x07, 0x00, 0x00, 0x00,
    0x00, 0x00, 0x00, 0x00, 0x0E, 0x00, 0x00, 0x00, 0x00, 0x00, 0x00, 0x00, 0x07, 0x00, 0x00, 0x00,
    0x00, 0x00, 0x00, 0x00, 0x10, 0x00, 0x00, 0x00, 0x00, 0x00, 0x00, 0x00, 0x07, 0x00, 0x00, 0x00,
    0x00, 0x00, 0x00, 0x00, 0x0F, 0x00, 0x00, 0x00, 0x00, 0x00, 0x00, 0x00, 0x07, 0x00, 0x00, 0x00,
    0x00, 0x00, 0x00, 0x00, 0x11, 0x00, 0x00, 0x00, 0x00, 0x00, 0x00, 0x00, 0x07, 0x00, 0x00, 0x00,
    0x00, 0x00, 0x00, 0x00, 0x12, 0x00, 0x00, 0x00, 0x00, 0x00, 0x00, 0x00, 0x07, 0x00, 0x00, 0x00,
    0x00, 0x00, 0x00, 0x00, 0x14, 0x00, 0x00, 0x00, 0x00, 0x00, 0x00, 0x00, 0x07, 0x00, 0x00, 0x00,
    0x00, 0x00, 0x00, 0x00, 0x1B, 0x00, 0x00, 0x00, 0x00, 0x00, 0x00, 0x00, 0x07, 0x00, 0x00, 0x00,
    0x00, 0x00, 0x00, 0x00, 0x17, 0x00, 0x00, 0x00, 0x00, 0x00, 0x00, 0x00, 0x07, 0x00, 0x00, 0x00,
    0x00, 0x00, 0x00, 0x00, 0x2D, 0x00, 0x00, 0x00, 0x00, 0x00, 0x00, 0x00, 0x07, 0x00, 0x00, 0x00,
    0x00, 0x00, 0x00, 0x00, 0x15, 0x00, 0x00, 0x00, 0x00, 0x00, 0x00, 0x00, 0x07, 0x00, 0x00, 0x00,
    0x00, 0x00, 0x00, 0x00, 0x16, 0x00, 0x00, 0x00, 0x00, 0x00, 0x00, 0x00, 0x07, 0x00, 0x00, 0x00,
    0x00, 0x00, 0x00, 0x00, 0x18, 0x00, 0x00, 0x00, 0x00, 0x00, 0x00, 0x00, 0x07, 0x00, 0x00, 0x00,
    0x00, 0x00, 0x00, 0x00, 0x19, 0x00, 0x00, 0x00, 0x00, 0x00, 0x00, 0x00, 0x07, 0x00, 0x00, 0x00,
    0x00, 0x00, 0x00, 0x00, 0x1A, 0x00, 0x00, 0x00, 0x00, 0x00, 0x00, 0x00, 0x07, 0x00, 0x00, 0x00,
    0x00, 0x00, 0x00, 0x00, 0x1E, 0x00, 0x00, 0x00, 0x00, 0x00, 0x00, 0x00, 0x07, 0x00, 0x00, 0x00,
    0x00, 0x00, 0x00, 0x00, 0x1C, 0x00, 0x00, 0x00, 0x00, 0x00, 0x00, 0x00, 0x07, 0x00, 0x00, 0x00,
    0x00, 0x00, 0x00, 0x00, 0x27, 0x00, 0x00, 0x00, 0x00, 0x00, 0x00, 0x00, 0x07, 0x00, 0x00, 0x00,
    0x00, 0x00, 0x00, 0x00, 0x21, 0x00, 0x00, 0x00, 0x00, 0x00, 0x00, 0x00, 0x07, 0x00, 0x00, 0x00,
    0x00, 0x00, 0x00, 0x00, 0x20, 0x00, 0x00, 0x00, 0x00, 0x00, 0x00, 0x00, 0x07, 0x00, 0x00, 0x00,
    0x00, 0x00, 0x00, 0x00, 0x2A, 0x00, 0x00, 0x00, 0x00, 0x00, 0x00, 0x00, 0x07, 0x00, 0x00, 0x00,
    0x00, 0x00, 0x00, 0x00, 0x1D, 0x00, 0x00, 0x00, 0x00, 0x00, 0x00, 0x00, 0x07, 0x00, 0x00, 0x00,
    0x00, 0x00, 0x00, 0x00, 0x1F, 0x00, 0x00, 0x00, 0x00, 0x00, 0x00, 0x00, 0x07, 0x00, 0x00, 0x00,
    0x00, 0x00, 0x00, 0x00, 0x22, 0x00, 0x00, 0x00, 0x00, 0x00, 0x00, 0x00, 0x07, 0x00, 0x00, 0x00,
    0x00, 0x00, 0x00, 0x00, 0x23, 0x00, 0x00, 0x00, 0x00, 0x00, 0x00, 0x00, 0x07, 0x00, 0x00, 0x00,
    0x00, 0x00, 0x00, 0x00, 0x24, 0x00, 0x00, 0x00, 0x00, 0x00, 0x00, 0x00, 0x07, 0x00, 0x00, 0x00,
    0x00, 0x00, 0x00, 0x00, 0x26, 0x00, 0x00, 0x00, 0x00, 0x00, 0x00, 0x00, 0x07, 0x00, 0x00, 0x00,
    0x00, 0x00, 0x00, 0x00, 0x25, 0x00, 0x00, 0x00, 0x00, 0x00, 0x00, 0x00, 0x07, 0x00, 0x00, 0x00,
    0x00, 0x00, 0x00, 0x00, 0x28, 0x00, 0x00, 0x00, 0x00, 0x00, 0x00, 0x00, 0x07, 0x00, 0x00, 0x00,
    0x00, 0x00, 0x00, 0x00, 0x29, 0x00, 0x00, 0x00, 0x00, 0x00, 0x00, 0x00, 0x07, 0x00, 0x00, 0x00,
    0x00, 0x00, 0x00, 0x00, 0x2B, 0x00, 0x00, 0x00, 0x00, 0x00, 0x00, 0x00, 0x07, 0x00, 0x00, 0x00,
    0x00, 0x00, 0x00, 0x00, 0x0A, 0x00, 0x00, 0x00, 0x00, 0x00, 0x00, 0x00, 0x07, 0x00, 0x00, 0x00,
    0x00, 0x00, 0x00, 0x00, 0x2C, 0x00, 0x00, 0x00, 0x00, 0x00, 0x00, 0x00, 0x07, 0x00, 0x00, 0x00,
    0x00, 0x00, 0x00, 0x00, 0x08, 0x00, 0x00, 0x00, 0x00, 0x00, 0x00, 0x00, 0x07, 0x00, 0x00, 0x00,
    0x00, 0x00, 0x00, 0x00, 0x09, 0x00, 0x00, 0x00, 0x00, 0x00, 0x00, 0x00, 0x07, 0x00, 0x00, 0x00,
    0x00, 0x00, 0x00, 0x00, 0x2F, 0x00, 0x00, 0x00, 0x00, 0x00, 0x00, 0x00
};

native_var_t native_vars[] = {
    { NATIVE_VAR_TYPE_NONE, 0, 0 },
};


ActionExecFunc actions[] = {
    0
};


#if defined(EEZ_FOR_LVGL)

void ui_init() {
    eez_flow_init(assets, sizeof(assets), (lv_obj_t **)&objects, sizeof(objects), images, sizeof(images), actions);
}

void ui_tick() {
    eez_flow_tick();
    tick_screen(g_currentScreen);
}

#else

static int16_t currentScreen = -1;

static lv_obj_t *getLvglObjectFromIndex(int32_t index) {
    if (index == -1) {
        return 0;
    }
    return ((lv_obj_t **)&objects)[index];
}

void loadScreen(enum ScreensEnum screenId) {
    currentScreen = screenId - 1;
    lv_obj_t *screen = getLvglObjectFromIndex(currentScreen);
    lv_scr_load_anim(screen, LV_SCR_LOAD_ANIM_FADE_IN, 200, 0, false);
}

void ui_init() {
    create_screens();
    loadScreen(SCREEN_ID_IDLE_SCREEN);

}

void ui_tick() {
    tick_screen(currentScreen);
}

#endif
